;id,name,skill_templates,weapon_templates,skin,elo
1,또챠,Elobot01,Rifle,21,1000
2,JTMA,Elobot01,Rifle,3,1001
3,lOxOI,Elobot01,Rifle,21,1002
4,HunterEngel,Elobot01,Rifle,13,1003
5,라인잉,Elobot01,Sniper,26,1004
6,꽃류,Elobot01,Rifle,9,1005
7,음흉한로직,Elobot01,Rifle,21,1006
8,SoundHunter,Elobot01,Rifle,25,1007
9,Hunter해퓨하,Elobot01,Rifle,13,1008
10,SquashNavy,Elobot01,Sniper,21,1009
11,꽃아,Elobot01,Rifle,9,1010
12,셀라로,Elobot01,Rifle,20,1011
13,달빛연못,Elobot01,Rifle,25,1012
14,쥐죽,Elobot01,Rifle,22,1013
15,illuminate초보,Elobot01,Sniper,3,1014
16,태오,Elobot01,Rifle,22,1015
17,밥값햐,Elobot01,Rifle,1,1016
18,뀨미호,Elobot01,Rifle,25,1017
19,혜원꽃,Elobot01,Rifle,1,1018
20,illuminate빤츄,Elobot01,Sniper,26,1019
21,djfidnvuwhdnfgdw,Elobot01,Rifle,26,1020
22,대군사,Elobot01,Rifle,8,1021
23,BlacKSecreto,Elobot01,Rifle,26,1022
24,콜라쟁이춘향,Elobot01,Rifle,21,1023
25,lOvOl,Elobot01,Sniper,27,1024
26,개편,Elobot01,Rifle,26,1025
27,Hunter따따로찌,Elobot01,Rifle,21,1026
28,HunterEffort,Elobot01,Rifle,26,1027
29,Selecter,Elobot01,Rifle,26,1028
30,ARCHITECT온리,Elobot01,Sniper,17,1029
31,수줍은하루,Elobot01,Rifle,21,1030
32,모래내,Elobot01,Rifle,23,1031
33,검은포수,Elobot01,Rifle,21,1032
34,SensePlay흑령,Elobot01,Rifle,24,1033
35,illuminate민형,Elobot02,Sniper,24,1034
36,소중히,Elobot02,Rifle,26,1035
37,쏘맥오빠,Elobot02,Rifle,21,1036
38,Iumia,Elobot02,Rifle,9,1037
39,네로보고,Elobot02,Rifle,13,1038
40,콴또먹,Elobot02,Sniper,18,1039
41,어디에,Elobot02,Rifle,14,1040
42,빔또먹,Elobot02,Rifle,15,1041
43,띠또먹,Elobot02,Rifle,21,1042
44,BlacKCoKe,Elobot02,Rifle,21,1043
45,마사사우루스,Elobot02,Sniper,21,1044
46,이텀,Elobot02,Rifle,23,1045
47,폭군가인,Elobot02,Rifle,13,1046
48,illuminate제덱,Elobot02,Rifle,21,1047
49,비동,Elobot02,Rifle,25,1048
50,DiCaprius,Elobot02,Sniper,13,1049
51,BlackR,Elobot02,Rifle,18,1050
52,후붕,Elobot02,Rifle,25,1051
53,펜퍼,Elobot02,Rifle,23,1052
54,여름의루밍,Elobot02,Rifle,3,1053
55,Chic라임,Elobot02,Sniper,3,1054
56,수호사수,Elobot02,Rifle,21,1055
57,CaptianAmerica,Elobot02,Rifle,18,1056
58,illuminate알콩,Elobot02,Rifle,18,1057
59,혀니즈리얼,Elobot02,Rifle,18,1058
60,삐따뿅,Elobot02,Sniper,18,1059
61,ILLATOS,Elobot02,Rifle,1,1060
62,HunterCharites,Elobot02,Rifle,25,1061
63,Nol끼새,Elobot02,Rifle,14,1062
64,ARCHITECT설해,Elobot02,Rifle,26,1063
65,Sessyomaru,Elobot02,Sniper,18,1064
66,반궁,Elobot02,Rifle,13,1065
67,BJchjung1015,Elobot02,Rifle,3,1066
68,HunterHL89,Elobot02,Rifle,23,1067
69,럭셔리가이,Elobot03,Rifle,23,1068
70,chuanduda,Elobot03,Sniper,1,1069
71,범어동끝판왕,Elobot03,Rifle,3,1070
72,제제니아,Elobot03,Rifle,23,1071
73,소쥬느나,Elobot03,Rifle,21,1072
74,HowlingArtist,Elobot03,Rifle,23,1073
75,evwt,Elobot03,Sniper,3,1074
76,HunterDismissaI,Elobot03,Rifle,2,1075
77,DIVET천공,Elobot03,Rifle,17,1076
78,로제,Elobot03,Rifle,25,1077
79,채원앓이,Elobot03,Rifle,24,1078
80,비정,Elobot03,Sniper,1,1079
81,앙AK,Elobot03,Rifle,23,1080
82,구남친,Elobot03,Rifle,1,1081
83,MrYong,Elobot03,Rifle,24,1082
84,저더도,Elobot03,Rifle,18,1083
85,Hunter샤인,Elobot03,Sniper,21,1084
86,공물,Elobot03,Rifle,18,1085
87,스롱,Elobot03,Rifle,18,1086
88,MachineDesigner,Elobot03,Rifle,13,1087
89,Hwayi,Elobot03,Rifle,21,1088
90,수줍은캐리,Elobot03,Sniper,25,1089
91,꽂다발의든냥이,Elobot03,Rifle,3,1090
92,Allahu아크바르,Elobot03,Rifle,21,1091
93,천사맛치킨,Elobot03,Rifle,18,1092
94,내이름김살구,Elobot03,Rifle,23,1093
95,마음에,Elobot03,Sniper,21,1094
96,kingOFJohnWick,Elobot03,Rifle,13,1095
97,Grand,Elobot03,Rifle,18,1096
98,Chic시작,Elobot03,Rifle,21,1097
99,골드핀,Elobot03,Rifle,21,1098
100,쓰레기본망,Elobot03,Sniper,26,1100
101,Hunter지니어스,Elobot03,Sniper,3,1101
102,지좌,Elobot03,Rifle,18,1102
103,독도야놀자,Elobot04,Rifle,3,1103
104,illuminate예설,Elobot04,Rifle,18,1104
105,뉘뉘애애뮈뮈,Elobot04,Rifle,13,1105
106,흑토산,Elobot04,Rifle,25,1106
107,Pad016,Elobot04,Rifle,1,1107
108,prepecto,Elobot04,Rifle,23,1108
109,바론디엘,Elobot04,Rifle,3,1109
110,수능안보는고3,Elobot04,Sniper,5,1110
111,슈랙패는피오나,Elobot04,Sniper,18,1111
112,우주뷰응신기자,Elobot04,Rifle,21,1112
113,아부라카다브라,Elobot04,Rifle,23,1113
114,dkjsldsk,Elobot04,Rifle,18,1114
115,한수빈S,Elobot04,Rifle,24,1115
116,우리금융,Elobot04,Rifle,23,1116
117,퀸도,Elobot04,Rifle,1,1117
118,압구정호랑이,Elobot04,Rifle,3,1118
119,Jayn,Elobot04,Rifle,22,1119
120,KIMSL1,Elobot04,Sniper,23,1120
121,Hunter요정,Elobot04,Sniper,3,1121
122,절대초보,Elobot04,Rifle,18,1122
123,전설의질풍전사,Elobot04,Rifle,21,1123
124,Hunter달래,Elobot04,Rifle,3,1124
125,철진아또죽냐,Elobot04,Rifle,3,1125
126,SNU여시0409,Elobot04,Rifle,1,1126
127,KeithIcahn,Elobot04,Rifle,13,1127
128,ll예거ll,Elobot04,Rifle,3,1128
129,우주최강규재,Elobot04,Rifle,23,1129
130,Bab0,Elobot04,Sniper,21,1130
131,러너스전,Elobot04,Sniper,13,1131
132,ChefJ,Elobot04,Rifle,3,1132
133,SamsungiPhone,Elobot04,Rifle,21,1133
134,게임못하는아빠,Elobot04,Rifle,4,1134
135,오로랑,Elobot04,Rifle,25,1135
136,인간로봇,Elobot04,Rifle,23,1136
137,안경낀곰돌이,Elobot05,Rifle,21,1137
138,개똘끼님,Elobot05,Rifle,21,1138
139,악마망치,Elobot05,Rifle,1,1139
140,미칠듯한혀놀림,Elobot05,Sniper,23,1140
141,ParkMinYoung,Elobot05,Sniper,9,1141
142,큐티섹시낸시아앙,Elobot05,Rifle,23,1142
143,병아리사나이,Elobot05,Rifle,26,1143
144,뽀뽀탐,Elobot05,Rifle,1,1144
145,구원의블랙홀,Elobot05,Rifle,18,1145
146,jero,Elobot05,Rifle,23,1146
147,히만,Elobot05,Rifle,21,1147
148,스나아,Elobot05,Rifle,3,1148
149,김천GORANI,Elobot05,Rifle,7,1149
150,화이트효기,Elobot05,Sniper,3,1150
151,RIP마블소다,Elobot05,Sniper,3,1151
152,illuminate신부,Elobot05,Rifle,21,1152
153,혼칼,Elobot05,Rifle,3,1153
154,융데렐라,Elobot05,Rifle,2,1154
155,개간지나는닉,Elobot05,Rifle,3,1155
156,Numbaht,Elobot05,Rifle,8,1156
157,나의바다은지,Elobot05,Rifle,23,1157
158,혀로게임하기,Elobot05,Rifle,21,1158
159,파시,Elobot05,Rifle,1,1159
160,프리라이더1,Elobot05,Sniper,18,1160
161,헤벌쭉,Elobot05,Sniper,2,1161
162,Nuna악어,Elobot05,Rifle,13,1162
163,나는루코,Elobot05,Rifle,23,1163
164,공산당박멸,Elobot05,Rifle,17,1164
165,샛별이St,Elobot05,Rifle,1,1165
166,뻬곰,Elobot05,Rifle,23,1166
167,PROTECTIVE,Elobot05,Rifle,2,1167
168,뭇떼잉,Elobot05,Rifle,3,1168
169,남선령,Elobot05,Rifle,21,1169
170,유격대Zeke,Elobot05,Sniper,25,1170
171,illuminate콜라,Elobot06,Sniper,21,1171
172,기세등등,Elobot06,Rifle,13,1172
173,에이쮸,Elobot06,Rifle,21,1173
174,ERun18,Elobot06,Rifle,1,1174
175,잔잔한슬픈미소,Elobot06,Rifle,3,1175
176,Hunter식생,Elobot06,Rifle,4,1176
177,게임유저,Elobot06,Rifle,23,1177
178,우유뿌잉,Elobot06,Rifle,21,1178
179,Gleeamc,Elobot06,Rifle,18,1179
180,허스키,Elobot06,Sniper,18,1180
181,황제님등장이오,Elobot06,Sniper,8,1181
182,빚카프리오,Elobot06,Rifle,23,1182
183,powerpaul,Elobot06,Rifle,3,1183
184,카라민,Elobot06,Rifle,24,1184
185,꿀맛인생,Elobot06,Rifle,8,1185
186,ROKAUS,Elobot06,Rifle,3,1186
187,또쟈,Elobot06,Rifle,3,1187
188,카에,Elobot06,Rifle,10,1188
189,닉넴할거없냐,Elobot06,Rifle,23,1189
190,Wnitecat,Elobot06,Sniper,1,1190
191,내이름이다으,Elobot06,Sniper,23,1191
192,블래매지션,Elobot06,Rifle,3,1192
193,파란만닭,Elobot06,Rifle,1,1193
194,라이핫,Elobot06,Rifle,23,1194
195,백알령,Elobot06,Rifle,23,1195
196,illuminate태호,Elobot06,Rifle,21,1196
197,총알무덤,Elobot06,Rifle,3,1197
198,특전부사관228,Elobot06,Rifle,23,1198
199,MDIAR,Elobot06,Rifle,23,1199
200,팔꺾어버린다,Elobot06,Sniper,9,1200
201,카오앍퉤러리스트,Elobot06,Sniper,18,1201
202,그댈보고,Elobot06,Rifle,8,1202
203,구원의손,Elobot06,Rifle,17,1203
204,illuminate레아,Elobot06,Rifle,21,1204
205,SKT강용준,Elobot07,Rifle,23,1205
206,NAVICORP,Elobot07,Rifle,23,1206
207,로리제국기사단장,Elobot07,Rifle,1,1207
208,루룹,Elobot07,Rifle,18,1208
209,대휘야대뷔하자,Elobot07,Rifle,7,1209
210,푸르아리아,Elobot07,Sniper,23,1210
211,IXvXI,Elobot07,Sniper,18,1211
212,illuminate훈이,Elobot07,Rifle,24,1212
213,I일점돌파I,Elobot07,Rifle,1,1213
214,TeadyHome,Elobot07,Rifle,23,1214
215,목사님거긴안돼요,Elobot07,Rifle,23,1215
216,은색조커,Elobot07,Rifle,1,1216
217,닌자유슈,Elobot07,Rifle,1,1217
218,짤이진영34,Elobot07,Rifle,17,1218
219,BlankAppetit,Elobot07,Rifle,18,1219
220,smrmatkQk,Elobot07,Sniper,3,1220
221,양떼a,Elobot07,Sniper,25,1221
222,IToTI,Elobot07,Rifle,23,1222
223,키렙업중,Elobot07,Rifle,1,1223
224,이도도도둑,Elobot07,Rifle,18,1224
225,존재감없는손님,Elobot07,Rifle,18,1225
226,건슬링어,Elobot07,Rifle,17,1226
227,실명변경권,Elobot07,Rifle,1,1227
228,깜또,Elobot07,Rifle,21,1228
229,10240116,Elobot07,Rifle,24,1229
230,백꾸워,Elobot07,Sniper,21,1230
231,아셀정,Elobot07,Sniper,1,1231
232,Planetary멍텅,Elobot07,Rifle,23,1232
233,정효지니,Elobot07,Rifle,21,1233
234,BlacK대구수성못,Elobot07,Rifle,21,1234
235,HunterZlatan,Elobot07,Rifle,3,1235
236,Piss,Elobot07,Rifle,18,1236
237,HowlingKAN,Elobot07,Rifle,1,1237
238,피칸,Elobot07,Rifle,23,1238
239,사랑의전도사,Elobot08,Rifle,21,1239
240,이수민병호신구,Elobot08,Sniper,23,1240
241,존예헬가,Elobot08,Sniper,1,1241
242,나는곰팡이,Elobot08,Rifle,17,1242
243,쥐톨,Elobot08,Rifle,18,1243
244,현실아웃라스트,Elobot08,Rifle,1,1244
245,펭귄위운,Elobot08,Rifle,21,1245
246,ICE에이즈,Elobot08,Rifle,3,1246
247,CIoverFIeld,Elobot08,Rifle,3,1247
248,됴로시,Elobot08,Rifle,9,1248
249,천양운집,Elobot08,Rifle,1,1249
250,lIIllIlIlII,Elobot08,Sniper,2,1250
251,HumanoidNO5,Elobot08,Sniper,1,1251
252,레이니블루,Elobot08,Rifle,24,1252
253,핵쓰지마승현,Elobot08,Rifle,3,1253
254,CrashCrush,Elobot08,Rifle,3,1254
255,SOROMON,Elobot08,Rifle,2,1255
256,TyrantBeatrice,Elobot08,Rifle,13,1256
257,혼한,Elobot08,Rifle,1,1257
258,드래곤킬러킹,Elobot08,Rifle,18,1258
259,성스러운기사,Elobot08,Rifle,11,1259
260,대한독립만만만세,Elobot08,Sniper,1,1260
261,까뇽,Elobot08,Sniper,4,1261
262,총기소믈리에,Elobot08,Rifle,1,1262
263,TommyHilfiger,Elobot08,Rifle,23,1263
264,HANDLING,Elobot08,Rifle,22,1264
265,소호진,Elobot08,Rifle,23,1265
266,러킬한대위,Elobot08,Rifle,4,1266
267,PRnever,Elobot08,Rifle,21,1267
268,내일부터군바리,Elobot08,Rifle,1,1268
269,해적에이스,Elobot08,Rifle,23,1269
270,해보자고라,Elobot08,Sniper,21,1270
271,대한민국포방부,Elobot08,Sniper,1,1271
272,Kadist,Elobot08,Rifle,4,1272
273,raputa,Elobot09,Rifle,3,1273
274,오창,Elobot09,Rifle,18,1274
275,ARCHITECT칼해,Elobot09,Rifle,25,1275
276,엔지니어3,Elobot09,Rifle,21,1276
277,프랑뜨,Elobot09,Rifle,12,1277
278,OKIOKI,Elobot09,Rifle,4,1278
279,초보입니다49,Elobot09,Rifle,24,1279
280,Finalcaunte,Elobot09,Sniper,23,1280
281,ICE퀵,Elobot09,Sniper,13,1281
282,꾸러라샤방아,Elobot09,Rifle,23,1282
283,하마대장군,Elobot09,Rifle,3,1283
284,이장미오빠,Elobot09,Rifle,1,1284
285,casablanka,Elobot09,Rifle,17,1285
286,마지막약속,Elobot09,Rifle,2,1286
287,SensePlay성진,Elobot09,Rifle,25,1287
288,여명의콧물,Elobot09,Rifle,1,1288
289,스트럼버리,Elobot09,Rifle,3,1289
290,parkzq,Elobot09,Sniper,23,1290
291,레몬까는고양이,Elobot09,Sniper,23,1291
292,이수편,Elobot09,Rifle,1,1292
293,우유셰이크,Elobot09,Rifle,1,1293
294,VanDarkBily,Elobot09,Rifle,1,1294
295,Comminate,Elobot09,Rifle,2,1295
296,마충2,Elobot09,Rifle,1,1296
297,꾸경,Elobot09,Rifle,1,1297
298,폭감자,Elobot09,Rifle,26,1298
299,succumb,Elobot09,Rifle,24,1299
300,잘쏘는쩡이,Elobot09,Sniper,21,1300
301,콘포타쥬,Elobot09,Sniper,10,1301
302,군단731,Elobot09,Rifle,2,1302
303,BigBong,Elobot09,Rifle,4,1303
304,아갈털면오픈,Elobot09,Rifle,2,1304
305,봇킬러KILL,Elobot09,Rifle,3,1305
306,Donavan,Elobot09,Rifle,3,1306
307,블랙홀증폭기,Elobot10,Rifle,21,1307
308,Hunter베르단디,Elobot10,Rifle,25,1308
309,river산,Elobot10,Rifle,18,1309
310,로켓배틀,Elobot10,Sniper,11,1310
311,나이트벤,Elobot10,Sniper,12,1311
312,필승코리아,Elobot10,Rifle,23,1312
313,요찐,Elobot10,Rifle,18,1313
314,Kenzo85,Elobot10,Rifle,3,1314
315,소주대,Elobot10,Rifle,1,1315
316,갓또챠,Elobot10,Rifle,18,1316
317,한울가리,Elobot10,Rifle,18,1317
318,으앗오지마,Elobot10,Rifle,18,1318
319,illuminate까마귀,Elobot10,Rifle,24,1319
320,WicKeD흑룡,Elobot10,Sniper,25,1320
321,빅존,Elobot10,Sniper,18,1321
322,구할,Elobot10,Rifle,3,1322
323,하얀곰순이,Elobot10,Rifle,23,1323
324,SensePlay챌린이,Elobot10,Rifle,9,1324
325,위관장교,Elobot10,Rifle,8,1325
326,꿀가을,Elobot10,Rifle,3,1326
327,HunterFury,Elobot10,Rifle,13,1327
328,메가메터,Elobot10,Rifle,23,1328
329,불의마그마,Elobot10,Rifle,1,1329
330,숭악범,Elobot10,Sniper,8,1330
331,ARCHITECT뫄긴,Elobot10,Sniper,17,1331
332,라미꼬,Elobot10,Rifle,18,1332
333,자금,Elobot10,Rifle,13,1333
334,찹쌀떡이,Elobot10,Rifle,21,1334
335,라임나비,Elobot10,Rifle,18,1335
336,황금의신,Elobot10,Rifle,18,1336
337,Goasmd,Elobot10,Rifle,21,1337
338,스파크스피릿,Elobot10,Rifle,1,1338
339,자유로운오리,Elobot10,Rifle,6,1339
340,reinforcedBJdog,Elobot10,Sniper,27,1340
341,DORIP,Elobot11,Sniper,2,1341
342,박씨가문의여사,Elobot11,Rifle,7,1342
343,아싸혼겜,Elobot11,Rifle,3,1343
344,하급닌자,Elobot11,Rifle,23,1344
345,카르마포스타,Elobot11,Rifle,21,1345
346,무과금게임,Elobot11,Rifle,8,1346
347,푸나,Elobot11,Rifle,8,1347
348,코코사랑해,Elobot11,Rifle,3,1348
349,쿠무,Elobot11,Rifle,23,1349
350,lghstar,Elobot11,Sniper,4,1350
351,총기현장실습학생,Elobot11,Sniper,1,1351
352,역사가너무어려워,Elobot11,Rifle,1,1352
353,BellezaEterna,Elobot11,Rifle,23,1353
354,닛파,Elobot11,Rifle,8,1354
355,향단보고,Elobot11,Rifle,26,1355
356,박하사탕맛치킨,Elobot11,Rifle,13,1356
357,걸순찡,Elobot11,Rifle,2,1357
358,RIP낭군,Elobot11,Rifle,24,1358
359,연극,Elobot11,Rifle,18,1359
360,JinGyu,Elobot11,Sniper,21,1360
361,오빠믿지0,Elobot11,Sniper,2,1361
362,즐겜들하셈,Elobot11,Rifle,16,1362
363,Des아저씨,Elobot11,Rifle,23,1363
364,호성,Elobot11,Rifle,19,1364
365,참형,Elobot11,Rifle,18,1365
366,슈르텔라,Elobot11,Rifle,21,1366
367,니얼굴틀딱화,Elobot11,Rifle,1,1367
368,또요잉,Elobot11,Rifle,21,1368
369,illuminate하니,Elobot11,Rifle,21,1369
370,Cumberbatch,Elobot11,Sniper,5,1370
371,fsky1104,Elobot11,Sniper,1,1371
372,Killaz,Elobot11,Rifle,18,1372
373,프랑스페이스,Elobot11,Rifle,18,1373
374,친추해듀,Elobot11,Rifle,3,1374
375,형만츠키,Elobot12,Rifle,2,1375
376,SAC대장,Elobot12,Rifle,23,1376
377,새균킹,Elobot12,Rifle,1,1377
378,팥없는붕어싸만코,Elobot12,Rifle,23,1378
379,CarWhy,Elobot12,Rifle,23,1379
380,보노보노819,Elobot12,Sniper,17,1380
381,수줍은배추,Elobot12,Sniper,13,1381
382,친위대장라이언,Elobot12,Rifle,23,1382
383,HuKG11,Elobot12,Rifle,23,1383
384,부품상,Elobot12,Rifle,23,1384
385,후다닭1123,Elobot12,Rifle,2,1385
386,쥐똥죽,Elobot12,Rifle,23,1386
387,러시아고양이,Elobot12,Rifle,3,1387
388,팬더나비,Elobot12,Rifle,21,1388
389,초피,Elobot12,Rifle,1,1389
390,다이아나이트,Elobot12,Sniper,23,1390
391,기묘한맘스터짐,Elobot12,Sniper,23,1391
392,antidote76,Elobot12,Rifle,1,1392
393,김천시청,Elobot12,Rifle,1,1393
394,가로닫고가로열고,Elobot12,Rifle,23,1394
395,임영민사랑해,Elobot12,Rifle,1,1395
396,손오공고,Elobot12,Rifle,18,1396
397,푸화,Elobot12,Rifle,18,1397
398,Bedboy,Elobot12,Rifle,21,1398
399,징나징나짜증나,Elobot12,Rifle,9,1399
400,수빈유나빠,Elobot12,Sniper,18,1400
401,절망곰,Elobot12,Sniper,21,1401
402,케르베로스XX,Elobot12,Rifle,1,1402
403,기엽당,Elobot12,Rifle,13,1403
404,SquashKyo,Elobot12,Rifle,25,1404
405,joonggu형,Elobot12,Rifle,18,1405
406,진짜혼모노,Elobot12,Rifle,1,1406
407,G야코,Elobot12,Rifle,13,1407
408,오빠는살아있다,Elobot12,Rifle,2,1408
409,미유의팬티,Elobot13,Rifle,18,1409
410,유령개차반,Elobot13,Sniper,3,1410
411,장한비빔밥,Elobot13,Sniper,1,1411
412,quiett,Elobot13,Rifle,3,1412
413,우띠우따따2,Elobot13,Rifle,3,1413
414,깐달걀,Elobot13,Rifle,24,1414
415,앙기몰트,Elobot13,Rifle,3,1415
416,PeachRoulette,Elobot13,Rifle,3,1416
417,72977297,Elobot13,Rifle,3,1417
418,AkflS7,Elobot13,Rifle,3,1418
419,아이레네,Elobot13,Rifle,18,1419
420,킹자림,Elobot13,Sniper,24,1420
421,하늘별리,Elobot13,Sniper,21,1421
422,초쟝,Elobot13,Rifle,13,1422
423,ArCtiS,Elobot13,Rifle,18,1423
424,학교테러,Elobot13,Rifle,1,1424
425,FanaticDaniel,Elobot13,Rifle,18,1425
426,Bernard,Elobot13,Rifle,23,1426
427,하얀백마,Elobot13,Rifle,18,1427
428,니인생의종말,Elobot13,Rifle,3,1428
429,전장의예수님,Elobot13,Rifle,9,1429
430,참무,Elobot13,Sniper,3,1430
431,STARGY,Elobot13,Sniper,3,1431
432,봄바람,Elobot13,Rifle,27,1432
433,현재소스글옵하는,Elobot13,Rifle,9,1433
434,연경짱최고,Elobot13,Rifle,23,1434
435,Lolli,Elobot13,Rifle,21,1435
436,Vritrah,Elobot13,Rifle,23,1436
437,seebalnomah,Elobot13,Rifle,2,1437
438,민트리스,Elobot13,Rifle,2,1438
439,촤촤초차,Elobot13,Rifle,3,1439
440,NoBrand나선환,Elobot13,Sniper,21,1440
441,Pucca,Elobot13,Sniper,1,1441
442,jeffrey,Elobot13,Rifle,6,1442
443,주빵주빵주빵,Elobot14,Rifle,3,1443
444,주안치,Elobot14,Rifle,3,1444
445,ZeroSecond,Elobot14,Rifle,3,1445
446,과학탐구교실,Elobot14,Rifle,3,1446
447,SWAROVSKI,Elobot14,Rifle,23,1447
448,난어,Elobot14,Rifle,3,1448
449,월하쏭,Elobot14,Rifle,1,1449
450,찬양우석,Elobot14,Sniper,3,1450
451,가거라전쟁,Elobot14,Sniper,18,1451
452,qqkr,Elobot14,Rifle,23,1452
453,NJEWATCH,Elobot14,Rifle,15,1453
454,구원의최지윤,Elobot14,Rifle,11,1454
455,앙지모찌,Elobot14,Rifle,23,1455
456,난단지완벽주의일,Elobot14,Rifle,1,1456
457,하드딜러,Elobot14,Rifle,23,1457
458,emiyasiro,Elobot14,Rifle,8,1458
459,TO새하얀까마귀,Elobot14,Rifle,23,1459
460,TACHYONSPEC,Elobot14,Sniper,3,1460
461,HowlingQoo,Elobot14,Sniper,18,1461
462,illuminate봉스,Elobot14,Rifle,27,1462
463,SMOG76,Elobot14,Rifle,13,1463
464,다숨었당,Elobot14,Rifle,13,1464
465,내꾸20161102,Elobot14,Rifle,1,1465
466,진영호,Elobot14,Rifle,8,1466
467,KSKLukas,Elobot14,Rifle,13,1467
468,WTXjumper,Elobot14,Rifle,10,1468
469,Bakjak,Elobot14,Rifle,1,1469
470,래전드임,Elobot14,Sniper,3,1470
471,워터플래임,Elobot14,Sniper,3,1471
472,미운오리파닭,Elobot14,Rifle,3,1472
473,Gtoe보글,Elobot14,Rifle,24,1473
474,humein,Elobot14,Rifle,23,1474
475,푸무룩,Elobot14,Rifle,8,1475
476,초짜입니당,Elobot14,Rifle,3,1476
477,나애서한별이,Elobot15,Rifle,18,1477
478,앨리웁장인윤진,Elobot15,Rifle,21,1478
479,갓성진이,Elobot15,Rifle,1,1479
480,무기후손,Elobot15,Sniper,23,1480
481,덕장,Elobot15,Sniper,23,1481
482,PRsanee,Elobot15,Rifle,18,1482
483,Attacked,Elobot15,Rifle,21,1483
484,NXED,Elobot15,Rifle,3,1484
485,Le옹,Elobot15,Rifle,19,1485
486,공할,Elobot15,Rifle,23,1486
487,묘릇,Elobot15,Rifle,13,1487
488,로루아,Elobot15,Rifle,18,1488
489,김혁사랑해요,Elobot15,Rifle,1,1489
490,작계훈련,Elobot15,Sniper,17,1490
491,aimtroll,Elobot15,Sniper,1,1491
492,기본,Elobot15,Rifle,21,1492
493,적룡제,Elobot15,Rifle,23,1493
494,갤럭시A52017,Elobot15,Rifle,18,1494
495,깡이찬양2,Elobot15,Rifle,1,1495
496,배고파oo,Elobot15,Rifle,2,1496
497,꿀단지1,Elobot15,Rifle,18,1497
498,에릭스토머,Elobot15,Rifle,19,1498
499,tim5242,Elobot15,Rifle,1,1499
500,해골물2,Elobot15,Sniper,3,1500
501,GATIO,Elobot15,Sniper,23,1501
502,HS아더,Elobot15,Rifle,23,1502
503,브라더스버섯,Elobot15,Rifle,6,1503
504,illuminate바하,Elobot15,Rifle,18,1504
505,카렌둘라꽃추출물,Elobot15,Rifle,23,1505
506,o시영o,Elobot15,Rifle,14,1506
507,KyleMiller,Elobot15,Rifle,27,1507
508,SieGfrieDBalmun,Elobot15,Rifle,1,1508
509,양념이소스18,Elobot15,Rifle,3,1509
510,금치금치시금치,Elobot15,Sniper,1,1510
511,kimchijam,Elobot16,Sniper,1,1511
512,와사비칩,Elobot16,Rifle,23,1512
513,데월향,Elobot16,Rifle,12,1513
514,엔디김,Elobot16,Rifle,1,1514
515,클라리넷징징이,Elobot16,Rifle,3,1515
516,기시연,Elobot16,Rifle,18,1516
517,Kurostuno,Elobot16,Rifle,21,1517
518,랄랄루찡,Elobot16,Rifle,2,1518
519,Argon,Elobot16,Rifle,23,1519
520,초보축하,Elobot16,Sniper,2,1520
521,커피tree,Elobot16,Sniper,1,1521
522,TychusJFindlay,Elobot16,Rifle,2,1522
523,초보인고수,Elobot16,Rifle,23,1523
524,냉꽁X2,Elobot16,Rifle,21,1524
525,부산여대이가연,Elobot16,Rifle,24,1525
526,순실전자,Elobot16,Rifle,8,1526
527,타미와너구리,Elobot16,Rifle,3,1527
528,삽살맛딸기,Elobot16,Rifle,3,1528
529,구세자,Elobot16,Rifle,23,1529
530,보통남자키류다,Elobot16,Sniper,13,1530
531,SquashDuinhir,Elobot16,Sniper,21,1531
532,제가그랬어요,Elobot16,Rifle,1,1532
533,허전한하루,Elobot16,Rifle,8,1533
534,HisToryKaso,Elobot16,Rifle,1,1534
535,레이짱,Elobot16,Rifle,1,1535
536,tj민우,Elobot16,Rifle,23,1536
537,TG그렌져,Elobot16,Rifle,3,1537
538,불군도지삼형재,Elobot16,Rifle,3,1538
539,베비아,Elobot16,Rifle,18,1539
540,폭탄요격,Elobot16,Sniper,17,1540
541,Is명사수,Elobot16,Sniper,18,1541
542,HinA,Elobot16,Rifle,1,1542
543,피그존,Elobot16,Rifle,23,1543
544,송프리카원숭이,Elobot16,Rifle,18,1544
545,Rayo,Elobot17,Rifle,17,1545
546,별빛성호,Elobot17,Rifle,3,1546
547,핫주황,Elobot17,Rifle,3,1547
548,ZaraX2,Elobot17,Rifle,25,1548
549,realdragon,Elobot17,Rifle,23,1549
550,vincentjin,Elobot17,Sniper,23,1550
551,USArmyRangers,Elobot17,Sniper,1,1551
552,아항기모띠이,Elobot17,Rifle,23,1552
553,히든의사,Elobot17,Rifle,24,1553
554,하와E피S톨,Elobot17,Rifle,23,1554
555,너로짙은밤,Elobot17,Rifle,1,1555
556,o빠라랏o,Elobot17,Rifle,4,1556
557,오로라,Elobot17,Rifle,13,1557
558,그녀를기달림,Elobot17,Rifle,9,1558
559,TORYCOO,Elobot17,Rifle,23,1559
560,햄쀼,Elobot17,Sniper,9,1560
561,팬티킁가킁가,Elobot17,Sniper,1,1561
562,리바이어몬,Elobot17,Rifle,17,1562
563,아은,Elobot17,Rifle,2,1563
564,수줍은구름,Elobot17,Rifle,18,1564
565,s탱크,Elobot17,Rifle,6,1565
566,trifonov,Elobot17,Rifle,3,1566
567,WorielNight,Elobot17,Rifle,9,1567
568,개구리가펄쩍,Elobot17,Rifle,23,1568
569,게임무서워,Elobot17,Rifle,3,1569
570,펭식이,Elobot17,Sniper,2,1570
571,건담이시비를건담,Elobot17,Sniper,3,1571
572,다크어시스트,Elobot17,Rifle,23,1572
573,다성SD,Elobot17,Rifle,21,1573
574,자유민주주의통일,Elobot17,Rifle,23,1574
575,숨바꼭질하러왔띠,Elobot17,Rifle,18,1575
576,꽃노을,Elobot17,Rifle,23,1576
577,조르단,Elobot17,Rifle,3,1577
578,김떡봉,Elobot17,Rifle,4,1578
579,갓지효하트,Elobot18,Rifle,3,1579
580,스즈,Elobot18,Sniper,18,1580
581,앗파,Elobot18,Sniper,1,1581
582,요기,Elobot18,Rifle,12,1582
583,ptg456,Elobot18,Rifle,1,1583
584,정태봉,Elobot18,Rifle,1,1584
585,곰이라옹,Elobot18,Rifle,21,1585
586,귀여운판따,Elobot18,Rifle,23,1586
587,롯국,Elobot18,Rifle,3,1587
588,cvbnm123,Elobot18,Rifle,3,1588
589,귀엽쥐,Elobot18,Rifle,18,1589
590,말뚝인생,Elobot18,Sniper,2,1590
591,뒤치보고,Elobot18,Sniper,1,1591
592,용빈고수,Elobot18,Rifle,3,1592
593,다래임,Elobot18,Rifle,3,1593
594,크러스티크랩,Elobot18,Rifle,3,1594
595,째옹,Elobot18,Rifle,3,1595
596,secuky,Elobot18,Rifle,18,1596
597,수줍은제니,Elobot18,Rifle,2,1597
598,Black간장게장,Elobot18,Rifle,21,1598
599,H큐지,Elobot18,Rifle,24,1599
600,유튜브카엘,Elobot18,Sniper,22,1600
601,tenacity,Elobot18,Sniper,9,1601
602,멍청한쫌삐,Elobot18,Rifle,1,1602
603,냥닥추,Elobot18,Rifle,23,1603
604,순길,Elobot18,Rifle,1,1604
605,니피부발뒤꿈치넹,Elobot18,Rifle,18,1605
606,치즈스틱쭈욱,Elobot18,Rifle,23,1606
607,ShakeShake,Elobot18,Rifle,3,1607
608,IBOTIHanZo,Elobot18,Rifle,23,1608
609,Europeannine,Elobot18,Rifle,18,1609
610,무무안무,Elobot18,Sniper,7,1610
611,SquashHyPer,Elobot18,Sniper,1,1611
612,인씨는처음이지,Elobot18,Rifle,23,1612
613,우도환사랑혀,Elobot19,Rifle,2,1613
614,제발T한방만TT,Elobot19,Rifle,23,1614
615,SR24,Elobot19,Rifle,3,1615
616,하루car,Elobot19,Rifle,2,1616
617,Taroth,Elobot19,Rifle,12,1617
618,많이할께,Elobot19,Rifle,13,1618
619,Gr블루s,Elobot19,Rifle,1,1619
620,알파오메가,Elobot19,Sniper,23,1620
621,조이and루피,Elobot19,Sniper,21,1621
622,Agent레온,Elobot19,Rifle,12,1622
623,김왼파,Elobot19,Rifle,21,1623
624,HunterHL78,Elobot19,Rifle,2,1624
625,에플파이,Elobot19,Rifle,3,1625
626,bjdonic,Elobot19,Rifle,2,1626
627,헝그리닝겐,Elobot19,Rifle,1,1627
628,긍래,Elobot19,Rifle,12,1628
629,대성이요,Elobot19,Rifle,8,1629
630,니me슈렉,Elobot19,Sniper,21,1630
631,흑열가,Elobot19,Sniper,23,1631
632,화이트검,Elobot19,Rifle,23,1632
633,kardin,Elobot19,Rifle,4,1633
634,다리없는무용수,Elobot19,Rifle,4,1634
635,몽이지요,Elobot19,Rifle,1,1635
636,ARCHITECT리신,Elobot19,Rifle,18,1636
637,집남,Elobot19,Rifle,23,1637
638,AIWasw,Elobot19,Rifle,21,1638
639,연어e,Elobot19,Rifle,3,1639
640,AnD준혁,Elobot19,Sniper,18,1640
641,Ophelia,Elobot19,Sniper,3,1641
642,우민x즐겜러,Elobot19,Rifle,18,1642
643,ASNDIHFEOLAFG,Elobot19,Rifle,3,1643
644,모닝텐트,Elobot19,Rifle,3,1644
645,인형헬가,Elobot19,Rifle,18,1645
646,Aurelian,Elobot19,Rifle,3,1646
647,bullion200,Elobot20,Rifle,23,1647
648,CyanViolet,Elobot20,Rifle,23,1648
649,lWhiteRabbitl,Elobot20,Rifle,3,1649
650,순실이친구,Elobot20,Sniper,3,1650
651,시로s,Elobot20,Sniper,13,1651
652,김동현짱이야,Elobot20,Rifle,1,1652
653,짜냥잉잉,Elobot20,Rifle,17,1653
654,푸챠,Elobot20,Rifle,18,1654
655,NoNuts,Elobot20,Rifle,1,1655
656,바프로스트,Elobot20,Rifle,3,1656
657,빨개진너,Elobot20,Rifle,18,1657
658,붉은발셰프,Elobot20,Rifle,18,1658
659,거짓의추격자,Elobot20,Rifle,23,1659
660,푸른색양이,Elobot20,Sniper,1,1660
661,황금장갑,Elobot20,Sniper,21,1661
662,Rainbow스팀,Elobot20,Rifle,3,1662
663,선교병진,Elobot20,Rifle,23,1663
664,rmsl9798,Elobot20,Rifle,3,1664
665,손스빡스,Elobot20,Rifle,3,1665
666,나는야코돌이,Elobot20,Rifle,23,1666
667,드라이프23456,Elobot20,Rifle,1,1667
668,마성의뚱이44,Elobot20,Rifle,10,1668
669,sky우정,Elobot20,Rifle,23,1669
670,춤추는돌쇠,Elobot20,Sniper,1,1670
671,병지재끼,Elobot20,Sniper,23,1671
672,닉넴타투,Elobot20,Rifle,23,1672
673,둠슬레이어,Elobot20,Rifle,21,1673
674,남한육군병장,Elobot20,Rifle,7,1674
675,Wonmeo,Elobot20,Rifle,3,1675
676,illuminate바라,Elobot20,Rifle,21,1676
677,DickGrayson,Elobot20,Rifle,23,1677
678,리틀양배,Elobot20,Rifle,1,1678
679,휴지생각,Elobot20,Rifle,3,1679
680,Neosnifer,Elobot20,Sniper,23,1680
681,골wy,Elobot21,Sniper,1,1681
682,잭팟기모링,Elobot21,Rifle,18,1682
683,펭귄씌,Elobot21,Rifle,13,1683
684,사랑을담아은혼,Elobot21,Rifle,3,1684
685,사끼,Elobot21,Rifle,21,1685
686,Megunee,Elobot21,Rifle,3,1686
687,밤에먹는바밤바,Elobot21,Rifle,3,1687
688,sniper소리,Elobot21,Rifle,1,1688
689,PlayBoiCarti,Elobot21,Rifle,23,1689
690,럭서리가이,Elobot21,Sniper,9,1690
691,초코병아리,Elobot21,Sniper,23,1691
692,똥쟁이69,Elobot21,Rifle,18,1692
693,SuJungGirl,Elobot21,Rifle,1,1693
694,외래유민,Elobot21,Rifle,1,1694
695,NOuSeR,Elobot21,Rifle,23,1695
696,쇼칸지키쿠노,Elobot21,Rifle,13,1696
697,장미여관육중한,Elobot21,Rifle,3,1697
698,민예린,Elobot21,Rifle,23,1698
699,밥먹는중,Elobot21,Rifle,23,1699
700,불끄고옷벗어,Elobot21,Sniper,2,1700
701,타슬란,Elobot21,Sniper,1,1701
702,MetaphorStance,Elobot21,Rifle,2,1702
703,총겜,Elobot21,Rifle,21,1703
704,바둥버둥,Elobot21,Rifle,18,1704
705,l탄현l방구대장,Elobot21,Rifle,3,1705
706,간지나는태영이,Elobot21,Rifle,1,1706
707,디그다그디그다,Elobot21,Rifle,3,1707
708,TIGER312,Elobot21,Rifle,1,1708
709,채연이가캐리할게,Elobot21,Rifle,3,1709
710,제넷입니다,Elobot21,Sniper,1,1710
711,투명데미지,Elobot21,Sniper,3,1711
712,쁘띠삘라,Elobot21,Rifle,18,1712
713,막스슐츠,Elobot21,Rifle,18,1713
714,샷건만써요,Elobot21,Rifle,1,1714
715,내이름은김뿌잉,Elobot22,Rifle,3,1715
716,김치사발면P,Elobot22,Rifle,3,1716
717,태안반도,Elobot22,Rifle,23,1717
718,프릭스타,Elobot22,Rifle,1,1718
719,자라모찌,Elobot22,Rifle,25,1719
720,Korea우혜,Elobot22,Sniper,3,1720
721,비둘기end,Elobot22,Sniper,13,1721
722,계룡산빡빡이민규,Elobot22,Rifle,3,1722
723,전쟁의여신리사,Elobot22,Rifle,3,1723
724,ARCHITECT골드,Elobot22,Rifle,21,1724
725,NIHON,Elobot22,Rifle,1,1725
726,나는야전설의제논,Elobot22,Rifle,3,1726
727,눅눅한혀누기,Elobot22,Rifle,2,1727
728,학교벌점2,Elobot22,Rifle,3,1728
729,프리스탕일,Elobot22,Rifle,7,1729
730,빼빼로enn,Elobot22,Sniper,21,1730
731,갓토메가미b,Elobot22,Sniper,18,1731
732,융희,Elobot22,Rifle,1,1732
733,멋진하준,Elobot22,Rifle,3,1733
734,용암탕게e,Elobot22,Rifle,1,1734
735,초고열혜찌로,Elobot22,Rifle,23,1735
736,lobyneto,Elobot22,Rifle,1,1736
737,구구미호,Elobot22,Rifle,3,1737
738,반바지,Elobot22,Rifle,7,1738
739,내일은스나왕,Elobot22,Rifle,21,1739
740,여기지금,Elobot22,Sniper,3,1740
741,초대좀,Elobot22,Sniper,3,1741
742,니쪼대로살어,Elobot22,Rifle,1,1742
743,쪼르미,Elobot22,Rifle,18,1743
744,깽단,Elobot22,Rifle,3,1744
745,StrikerM4,Elobot22,Rifle,3,1745
746,나까따화슈,Elobot22,Rifle,1,1746
747,MayK,Elobot22,Rifle,23,1747
748,DP는점샷,Elobot22,Rifle,23,1748
749,쇼우코쿠,Elobot23,Rifle,23,1749
750,오목눈,Elobot23,Sniper,1,1750
751,RvKnox,Elobot23,Sniper,23,1751
752,원샷s원킬,Elobot23,Rifle,12,1752
753,현월,Elobot23,Rifle,5,1753
754,트리콜로,Elobot23,Rifle,12,1754
755,허유은,Elobot23,Rifle,3,1755
756,가갸거격겨갹,Elobot23,Rifle,23,1756
757,SNOWMANss,Elobot23,Rifle,1,1757
758,굔데렐라,Elobot23,Rifle,18,1758
759,코대야,Elobot23,Rifle,1,1759
760,자애심갑민섭,Elobot23,Sniper,2,1760
761,sS백룡Ss,Elobot23,Sniper,2,1761
762,AMETHYST헌팅,Elobot23,Rifle,21,1762
763,교하고딩딩,Elobot23,Rifle,2,1763
764,평정의속삭임,Elobot23,Rifle,23,1764
765,행복을부르는행운,Elobot23,Rifle,1,1765
766,얼커s카나,Elobot23,Rifle,18,1766
767,TitanEkko,Elobot23,Rifle,23,1767
768,눈부신암살자,Elobot23,Rifle,18,1768
769,곤충바다,Elobot23,Rifle,23,1769
770,내가간다비켜라,Elobot23,Sniper,18,1770
771,AutorlKissin,Elobot23,Sniper,21,1771
772,휘파람,Elobot23,Rifle,3,1772
773,카왕잉,Elobot23,Rifle,24,1773
774,뇌인,Elobot23,Rifle,23,1774
775,세르비아나,Elobot23,Rifle,18,1775
776,수줍은선녀,Elobot23,Rifle,27,1776
777,ckdwls,Elobot23,Rifle,2,1777
778,Clown비버,Elobot23,Rifle,2,1778
779,SAC하극상,Elobot23,Rifle,18,1779
780,LovelyKwan,Elobot23,Sniper,18,1780
781,꿈과희망이없다,Elobot23,Sniper,18,1781
782,HS빡스,Elobot23,Rifle,15,1782
783,dpstmxkvh,Elobot24,Rifle,1,1783
784,마이무따고마해라,Elobot24,Rifle,25,1784
785,비을X2,Elobot24,Rifle,18,1785
786,장애있는,Elobot24,Rifle,23,1786
787,은별닝,Elobot24,Rifle,3,1787
788,얼어붙은왕좌기사,Elobot24,Rifle,23,1788
789,jdya,Elobot24,Rifle,23,1789
790,41674156416,Elobot24,Sniper,3,1790
791,blackmiso,Elobot24,Sniper,21,1791
792,Babdodooc,Elobot24,Rifle,3,1792
793,KousakaKirino,Elobot24,Rifle,1,1793
794,wetons,Elobot24,Rifle,3,1794
795,요술왕자,Elobot24,Rifle,18,1795
796,근캐밥,Elobot24,Rifle,1,1796
797,기모띠의행방불명,Elobot24,Rifle,23,1797
798,회복탄,Elobot24,Rifle,11,1798
799,리베롤1918,Elobot24,Rifle,1,1799
800,다엘대디,Elobot24,Sniper,3,1800
801,문덕고캡짱박준필,Elobot24,Sniper,15,1801
802,소시오좀비킬러,Elobot24,Rifle,21,1802
803,로리가조아,Elobot24,Rifle,17,1803
804,윽동자,Elobot24,Rifle,18,1804
805,AwesomeusDog,Elobot24,Rifle,23,1805
806,하늘수호,Elobot24,Rifle,3,1806
807,LetITBe,Elobot24,Rifle,1,1807
808,키아나,Elobot24,Rifle,23,1808
809,니꾸20161102,Elobot24,Rifle,23,1809
810,CrazyPain,Elobot24,Sniper,8,1810
811,영재승욱의모텔밤,Elobot24,Sniper,23,1811
812,Supremo,Elobot24,Rifle,21,1812
813,누가제일잘하나,Elobot24,Rifle,18,1813
814,황금의어시스트,Elobot24,Rifle,23,1814
815,벗지마왜벗어,Elobot24,Rifle,3,1815
816,x메구밍x,Elobot24,Rifle,9,1816
817,하얀드래곤,Elobot25,Rifle,3,1817
818,김뚠뚠,Elobot25,Rifle,24,1818
819,얼렁쏴papago,Elobot25,Rifle,3,1819
820,돼지꿈,Elobot25,Sniper,23,1820
821,사라진흔적을찾아,Elobot25,Sniper,23,1821
822,BJ썬더TV,Elobot25,Rifle,23,1822
823,팥묵이,Elobot25,Rifle,23,1823
824,돌프를죽여라뉴젠,Elobot25,Rifle,3,1824
825,걔아리,Elobot25,Rifle,25,1825
826,IYukinoI,Elobot25,Rifle,13,1826
827,연화나비,Elobot25,Rifle,3,1827
828,o김붕어o,Elobot25,Rifle,21,1828
829,penielart1440,Elobot25,Rifle,2,1829
830,달곰v,Elobot25,Sniper,15,1830
831,벗으라면벗겟어요,Elobot25,Sniper,23,1831
832,플캐,Elobot25,Rifle,21,1832
833,수줍은머시,Elobot25,Rifle,3,1833
834,JagerTiger,Elobot25,Rifle,23,1834
835,z대한민국군필자z,Elobot25,Rifle,1,1835
836,검은색샤프통,Elobot25,Rifle,23,1836
837,HASASINE,Elobot25,Rifle,15,1837
838,그나무에,Elobot25,Rifle,18,1838
839,자뱀,Elobot25,Rifle,24,1839
840,치즈번,Elobot25,Sniper,13,1840
841,고래머핀,Elobot25,Sniper,3,1841
842,탈탈탈탈모,Elobot25,Rifle,18,1842
843,루또빅,Elobot25,Rifle,23,1843
844,블랙오아시스,Elobot25,Rifle,18,1844
845,creepang,Elobot25,Rifle,8,1845
846,후퇴는없다,Elobot25,Rifle,1,1846
847,흑파,Elobot25,Rifle,1,1847
848,아키링고,Elobot25,Rifle,23,1848
849,프로토가우스,Elobot25,Rifle,2,1849
850,우인장,Elobot25,Sniper,2,1850
851,WELBECK,Elobot26,Sniper,1,1851
852,부산큰꼬맹이,Elobot26,Rifle,6,1852
853,조용한아이,Elobot26,Rifle,3,1853
854,우주최강로리,Elobot26,Rifle,1,1854
855,동진따까리성빈이,Elobot26,Rifle,23,1855
856,위장나이프,Elobot26,Rifle,17,1856
857,뭣이중헌디E,Elobot26,Rifle,24,1857
858,빡근혜탄핵만세,Elobot26,Rifle,2,1858
859,슈퍼컴죄송합니다,Elobot26,Rifle,23,1859
860,LAMELESS,Elobot26,Sniper,3,1860
861,황금의벨스,Elobot26,Sniper,10,1861
862,EvenNorthFace,Elobot26,Rifle,2,1862
863,갑부가되자,Elobot26,Rifle,1,1863
864,귀시니,Elobot26,Rifle,23,1864
865,쵸쵸리나,Elobot26,Rifle,2,1865
866,비인간인격체,Elobot26,Rifle,2,1866
867,ROSE리슈,Elobot26,Rifle,18,1867
868,폭소만발,Elobot26,Rifle,18,1868
869,LULULULU,Elobot26,Rifle,7,1869
870,차마쓰,Elobot26,Sniper,4,1870
871,편의점알바누나,Elobot26,Sniper,9,1871
872,PUNISH,Elobot26,Rifle,4,1872
873,PlagueDoctor,Elobot26,Rifle,2,1873
874,보노보노헤헷,Elobot26,Rifle,23,1874
875,매쿠도나르도,Elobot26,Rifle,23,1875
876,넘버원전화사기단,Elobot26,Rifle,21,1876
877,HuTi,Elobot26,Rifle,1,1877
878,zombie1,Elobot26,Rifle,1,1878
879,니니애애뮈뮈,Elobot26,Rifle,23,1879
880,착한인간231,Elobot26,Sniper,23,1880
881,화끈한삼촌,Elobot26,Sniper,1,1881
882,직혈,Elobot26,Rifle,1,1882
883,Berniceman,Elobot26,Rifle,1,1883
884,SniperII,Elobot26,Rifle,2,1884
885,아기빵r,Elobot27,Rifle,1,1885
886,페이슈,Elobot27,Rifle,21,1886
887,앙또먹,Elobot27,Rifle,13,1887
888,Mystic건빵,Elobot27,Rifle,23,1888
889,OnlyHumanor,Elobot27,Rifle,3,1889
890,zmzm3132,Elobot27,Sniper,1,1890
891,결혼해오,Elobot27,Sniper,15,1891
892,고속철갑탄115,Elobot27,Rifle,1,1892
893,Dopings,Elobot27,Rifle,3,1893
894,조지아로조지세요,Elobot27,Rifle,18,1894
895,유격대Luise,Elobot27,Rifle,18,1895
896,카키카키카쿠,Elobot27,Rifle,25,1896
897,Lore,Elobot27,Rifle,10,1897
898,Honeymoon짹짹,Elobot27,Rifle,3,1898
899,Skyws,Elobot27,Rifle,7,1899
900,hunter솜브라,Elobot27,Sniper,1,1900
901,프리조이,Elobot27,Rifle,1,1904
902,백하유,Elobot27,Rifle,8,1908
903,이교도마녀사냥,Elobot27,Rifle,18,1912
904,병장이,Elobot27,Rifle,18,1916
905,SSUwater,Elobot27,Sniper,21,1920
906,고유어,Elobot27,Rifle,18,1924
907,한사발이,Elobot27,Rifle,3,1928
908,아라곤수염차,Elobot27,Rifle,3,1932
909,PR황상어,Elobot27,Rifle,21,1936
910,쌩까치히로,Elobot27,Sniper,21,1940
911,새하얀그림자,Elobot27,Rifle,17,1944
912,Half꼬아,Elobot27,Rifle,23,1948
913,희생꾼,Elobot27,Rifle,3,1952
914,Altair,Elobot27,Rifle,23,1956
915,lolipopcandy,Elobot27,Sniper,21,1960
916,Guess바,Elobot27,Rifle,23,1964
917,Maci,Elobot27,Rifle,2,1968
918,호땅땅,Elobot27,Rifle,23,1972
919,찡찡이용,Elobot28,Rifle,23,1976
920,NAVYCORP,Elobot28,Sniper,18,1980
921,구이르르르,Elobot28,Rifle,1,1984
922,BeautyGuy,Elobot28,Rifle,10,1988
923,그레비티,Elobot28,Rifle,21,1992
924,베라미,Elobot28,Rifle,3,1996
925,좌신있나,Elobot28,Sniper,2,2000
926,특급전사김산해,Elobot28,Rifle,18,2004
927,JustNdot,Elobot28,Rifle,23,2008
928,코드PSH,Elobot28,Rifle,1,2012
929,전설적인영웅,Elobot28,Rifle,2,2016
930,zkdnsxmsbql,Elobot28,Sniper,1,2020
931,가로등비상구,Elobot28,Rifle,18,2024
932,SquashESCA,Elobot28,Rifle,13,2028
933,안녕하방가,Elobot28,Rifle,23,2032
934,미키레이,Elobot28,Rifle,23,2036
935,쿠라이트,Elobot28,Sniper,2,2040
936,밍미우,Elobot28,Rifle,2,2044
937,vpdrnls11,Elobot28,Rifle,23,2048
938,Dark켈베로스,Elobot28,Rifle,2,2052
939,태풍red대장,Elobot28,Rifle,13,2056
940,카레맛오징어,Elobot28,Sniper,1,2060
941,PR진구,Elobot28,Rifle,1,2064
942,GodPlayer1234,Elobot28,Rifle,18,2068
943,이하늬꿀벅지,Elobot28,Rifle,24,2072
944,뚝배기털,Elobot28,Rifle,18,2076
945,도으,Elobot28,Sniper,3,2080
946,대로감자,Elobot28,Rifle,23,2084
947,컨테이너,Elobot28,Rifle,21,2088
948,현피승률55,Elobot28,Rifle,23,2092
949,굽네치킨16619494,Elobot28,Rifle,1,2096
950,dndlf,Elobot28,Sniper,1,2100
951,CaSuhMEKA,Elobot28,Rifle,21,2104
952,가덤수비대,Elobot28,Rifle,18,2108
953,글옵개똥망겜,Elobot29,Rifle,1,2112
954,오로나민씨볼탱,Elobot29,Rifle,3,2116
955,CRIMINALHUNTER,Elobot29,Sniper,18,2120
956,블레어베닛,Elobot29,Rifle,15,2124
957,끼챠,Elobot29,Rifle,11,2128
958,바이토린,Elobot29,Rifle,1,2132
959,엄마Or빠,Elobot29,Rifle,1,2136
960,간지저격수,Elobot29,Sniper,1,2140
961,회개할지어다,Elobot29,Rifle,1,2144
962,ASGALD,Elobot29,Rifle,3,2148
963,천국에수호자,Elobot29,Rifle,18,2152
964,오메가극초보수,Elobot29,Rifle,23,2156
965,아몬드멸치볶음,Elobot29,Sniper,13,2160
966,게슈펜스트의환각,Elobot29,Rifle,18,2164
967,TheMentKOR,Elobot29,Rifle,18,2168
968,까치큰형님,Elobot29,Rifle,21,2172
969,씹끼,Elobot29,Rifle,18,2176
970,SmgCh718,Elobot29,Sniper,17,2180
971,흑염소,Elobot29,Rifle,7,2184
972,논밭질주,Elobot29,Rifle,3,2188
973,HunterGentle,Elobot29,Rifle,23,2192
974,InaMorta루시,Elobot29,Rifle,18,2196
975,ARCHITECT큰아재,Elobot29,Sniper,1,2200
976,설무,Elobot29,Rifle,23,2204
977,달콤한정숙이,Elobot29,Rifle,3,2208
978,쭈쭌의하루,Elobot29,Rifle,3,2212
979,도도한해누,Elobot29,Rifle,23,2216
980,바호,Elobot29,Sniper,3,2220
981,tndkfprl3,Elobot29,Rifle,1,2224
982,사람중그냥사람,Elobot29,Rifle,23,2228
983,1.22321E+15,Elobot29,Rifle,1,2232
984,sjskek,Elobot29,Rifle,3,2236
985,yeinsong,Elobot29,Sniper,1,2240
986,술먹는유딩,Elobot29,Rifle,23,2244
987,밥뚜껑,Elobot30,Rifle,1,2248
988,광커넥트,Elobot30,Rifle,25,2252
989,죽엇나,Elobot30,Rifle,21,2256
990,Cookizie,Elobot30,Sniper,1,2260
991,닉녜임변경권,Elobot30,Rifle,21,2264
992,ReuAyeon,Elobot30,Rifle,3,2268
993,IHolyI,Elobot30,Rifle,2,2272
994,ZzangSol,Elobot30,Rifle,12,2276
995,모태구,Elobot30,Sniper,17,2280
996,거멍기술,Elobot30,Rifle,23,2284
997,오이는맛없다,Elobot30,Rifle,3,2288
998,파아란수박,Elobot30,Rifle,23,2292
999,배마,Elobot30,Rifle,13,2296
1000,용감한전사789,Elobot30,Sniper,1,2300
1001,SEAL국군,Elobot30,Rifle,11,2304
1002,간지한음,Elobot30,Rifle,3,2308
1003,이름생성17,Elobot30,Rifle,18,2312
1004,Noney,Elobot30,Rifle,5,2316
1005,AKLTK,Elobot30,Sniper,2,2320
1006,snipemajimklzmal,Elobot30,Rifle,18,2324
1007,멍국이삼촌윤반석,Elobot30,Rifle,3,2328
1008,Chic레몬,Elobot30,Rifle,25,2332
1009,길은여기에,Elobot30,Rifle,23,2336
1010,냉혹한전사,Elobot30,Sniper,23,2340
1011,박병희,Elobot30,Rifle,9,2344
1012,블랙핑크로제짱짱,Elobot30,Rifle,1,2348
1013,콩건,Elobot30,Rifle,1,2352
1014,리퍼친구크리퍼,Elobot30,Rifle,4,2356
1015,내가너고너가나가,Elobot30,Sniper,23,2360
1016,슬픔의아수라,Elobot30,Rifle,3,2364
1017,변이활용법,Elobot30,Rifle,3,2368
1018,포돌이친구로리콘,Elobot30,Rifle,23,2372
1019,흰둥예은2,Elobot30,Rifle,1,2376
1020,보경찌,Elobot30,Sniper,2,2380
