;// 인덱스(유니크) ,프랍모델 경로,이름,스피드1,스피드2,액션사운드,생명수치,무게,,,,,,,,컬렉션 구분용 태그,컬렉션 개별 항목의 레어도
;Index,ModelPath,PropName,MaxSpeed,WalkScale,ActionSound,Health,Mass,UseDIY,DIYPoint,DIYSize,DIYHP,CustomPivot,CrouchHullMin,CrouchHullMax,collection_tag,collection_rarity
;int,string,,float,float,string,int,float,int,int,int,int,string,string,string,string,int
1,models/maps/props/foliage/foliage_italytree_b02.mdl,나무A,312,26,,,,0,7,7,900,,,,,0
2,models/props_c17/statue_horse.mdl,동상A,312,26,,,740,1,7,6,5400,,,,,0
3,models/props/de_train/de_train_securityguard.mdl,보디가드,312,26,,,,0,7,1,900,,,,,0
4,models/npc/npc_chicken/hide_chicken.mdl,닭,312,26,,,,0,5,1,900,,-16|-16|0,16|16|16,hs2_italy2|hs2_estate|hs2_studio|sudden|hs_dust2|hs2_phouse,0
5,models/maps/cs_italy/cs_italy_flowerpot02.mdl,화분C,312,26,,,,0,7,1,900,,-8|-8|0,|8|8|12,hs2_italy2|hs2_studio|sudden|de_inferno,0
6,models/maps/cs_italy/cs_italy_fruit_box02_b.mdl,과일좌판C,312,26,,,,0,7,1,900,,,,hs2_italy2|hs2_studio|cs_militia|hs_festival|de_tides,0
7,models/maps/cs_italy/cs_italy_fruit_box05_b.mdl,과일좌판B,312,26,,,,0,7,1,900,,,,hs2_italy2|hs2_studio|cs_militia|de_vantage|de_highland|hs_festival|de_tides,0
8,models/maps/cs_italy/cs_italy_fruit_box06_b.mdl,과일좌판A,312,26,,,,0,7,1,900,,,,hs2_italy2|hs2_studio|sudden|cs_militia|hs_festival|de_tides,0
9,models/maps/cs_italy/cs_italy_fruit_carrier01.mdl,과일카트,312,26,,,,0,7,1,900,0|-20|0,-16|-16|0,16|16|16,hs2_italy2|cs_militia,0
10,models/maps/cs_italy/cs_italy_milk_case01a.mdl,우유통B,312,26,,,60,1,4,2,1800,,,,hs2_italy2|sudden,0
11,models/maps/cs_italy/cs_italy_milk_case01b.mdl,우유통A,312,26,,,60,1,4,2,1800,,,,hs2_italy2|cs_militia|hs_festival,0
12,models/maps/cs_italy/cs_italy_road_lamp01.mdl,전등B,312,26,,,,0,7,1,900,,,,de_inferno,0
13,models/maps/cs_italy/cs_italy_road_sign01.mdl,표지판C,312,26,,,,0,7,1,900,,,,|de_inferno|cs_militia,0
14,models/maps/cs_italy/cs_italy_road_sign02.mdl,표지판D,312,26,,,,0,7,1,900,,,,de_inferno|de_tides,0
15,models/maps/cs_italy/cs_italy_sign04.mdl,표지판E,312,26,,,,0,7,1,900,,,,|de_inferno,0
16,models/maps/cs_italy/cs_italy_stall_box01.mdl,좌판,312,26,,,,0,7,1,900,,,,hs2_italy2|cs_militia,0
17,models/maps/cs_italy/cs_italy_table01.mdl,테이블C,312,26,,,,0,7,1,900,,-16|-16|0,16|16|48,hs2_italy2|cs_militia,0
18,models/maps/de_cbble/de_cbble_ammobox01.mdl,무기박스A,312,26,,,60,1,4,2,1800,,,,hs2_cargoship|de_cbble|de_highland,0
19,models/maps/de_cbble/de_cbble_gas_cylinder01.mdl,가스통B,312,26,,,,0,7,1,900,,,,de_cbble|de_highland,0
20,models/maps/de_cbble/de_cbble_gas_cylinder02.mdl,가스통화물A,312,26,,,570,1,6,4,4500,,,,de_cbble|de_cornerwork,0
21,models/maps/de_cbble/de_cbble_gas_cylinder02a.mdl,가스통화물B,312,26,,,570,1,6,4,4500,,,,sudden|de_cbble,0
22,models/maps/de_cbble/de_cbble_packaging_box01.mdl,화물박스C,312,26,,,670,1,7,5,3600,,,,de_cbble,0
23,models/maps/de_cbble/de_cbble_pipe01.mdl,파이프A,312,26,,,,0,3,1,900,,,,de_cbble|de_cornerwork,0
24,models/maps/de_cbble/de_cbble_pipe02.mdl,파이프B,312,26,,,,0,3,1,900,,,,de_cbble,0
25,models/maps/de_cbble/de_cbble_statue01.mdl,동상B,312,26,,,380,1,6,4,3600,,,,hs2_italy2|hs2_assault|hs2_office|hs2_estate|hs2_cargoship|hs2_studio|sudden|de_inferno|cs_militia|de_cbble|de_vantage|de_cornerwork|de_highland|hs_dust2|de_tides,0
26,models/maps/de_cbble/de_cbble_statue02.mdl,잘려진 동상A,312,26,,,,0,5,3,2700,,,,hs2_studio|de_cbble,0
27,models/maps/de_cbble/de_cbble_statue03.mdl,잘려진 동상B,312,26,,,,0,4,2,1800,,,,hs2_studio|de_cbble,0
28,models/maps/de_cbble/de_cbble_tapestry01.mdl,태피스트리,312,26,,,,0,7,1,900,-2|0|0,,,hs2_studio|de_cbble,0
29,models/maps/de_dust2/de_dust2_box01.mdl,화물박스A,312,26,,,380,1,5,3,2700,,,,de_inferno|hs_dust2,0
30,models/maps/de_dust2/de_dust2_box02.mdl,화물박스B,312,26,,,480,1,6,4,3600,,,,de_cbble|hs_dust2,0
31,models/maps/de_inferno/de_inferno_arches01.mdl,아치형 문A,312,26,,,,0,7,1,900,,,,,0
32,models/maps/de_inferno/de_inferno_arches02.mdl,아치형 문A,312,26,,,,0,7,1,900,,,,,0
33,models/maps/de_inferno/de_inferno_streetlamp01.mdl,작은가로등,312,26,,,,0,7,1,900,,,,de_cbble,0
34,models/maps/de_inferno/de_inferno_warhead01.mdl,화물(탄두),312,26,,,380,1,5,3,2700,,,,de_inferno|cs_militia,0
35,models/maps/de_vantage/de_vantage_awning04.mdl,차양,312,26,,,,0,7,1,900,,,,de_vantage|summer2016,0
36,models/maps/de_vantage/de_vantage_beer_box01.mdl,맥주상자A,312,26,,,60,1,4,2,1800,,,,de_vantage|de_cornerwork|summer2016,0
37,models/maps/de_vantage/de_vantage_beer_box02.mdl,맥주상자B,312,26,,,60,1,4,2,1800,,,,de_vantage|de_cornerwork|summer2016,0
38,models/maps/de_vantage/de_vantage_brick_set03.mdl,벽돌묶음A,312,26,,,100,1,4,2,1800,,,,de_vantage|de_cornerwork|de_highland,0
39,models/maps/de_vantage/de_vantage_car_tire01.mdl,타이어B,312,26,,,,0,7,1,900,,,,de_vantage|de_cornerwork|de_highland|hs_dust2,0
40,models/maps/de_vantage/de_vantage_car_tire03.mdl,타이어C,312,26,,,,0,7,1,900,,,,de_vantage|de_cornerwork|de_highland|hs_dust2,0
41,models/maps/de_vantage/de_vantage_gas_cylinder01.mdl,가스통C,312,26,,,,0,7,1,900,,,,hs2_cargoship|sudden|de_vantage|de_cornerwork|cs_aquarium|hs_dust2,0
42,models/maps/de_vantage/de_vantage_metalpanels01.mdl,철제지붕,312,26,,,,0,7,1,900,,,,de_vantage,0
43,models/maps/de_vantage/de_vantage_trashcluster01.mdl,쓰레기봉지A,312,26,,,,0,7,1,900,,,,sudden|de_vantage|de_cornerwork|de_highland,0
44,models/maps/de_vantage/de_vantage_trashcluster02.mdl,쓰레기봉지B,312,26,,,,0,7,1,900,,,,sudden|de_vantage|de_cornerwork|de_highland,0
45,models/maps/de_vantage/de_vantage_trashcluster03.mdl,쓰레기봉지C,312,26,,,,0,7,1,900,,,,sudden|de_vantage|de_cornerwork|de_highland,0
46,models/maps/de_vantage/de_vantage_trashcluster04.mdl,쓰레기봉지D,312,26,,,,0,7,1,900,,,,sudden|de_vantage|de_cornerwork|de_highland,0
47,models/maps/de_vantage/de_vantage_water_tank01.mdl,물탱크A,312,26,,,60,1,4,2,1800,,,,de_vantage|summer2016,0
48,models/maps/de_vantage/de_vantage_water_tank02.mdl,물탱크B,312,26,,,60,1,4,2,1800,,,,de_vantage|summer2016,0
49,models/maps/hs_italy2/hs_italy2_parasol01.mdl,파라솔,312,26,,,,0,7,1,900,,-2|-2|0,2|2|32,hs2_italy2|de_inferno|cs_militia|de_tides|summer2016,0
50,models/maps/hs_italy2/hs_italy2_table01.mdl,철제테이블,312,26,,,,0,7,5,900,,,,hs2_italy2|sudden|cs_militia|hs_festival|de_tides|hs2_phouse,0
51,models/maps/hs_italy2/hs_italy2_tent03.mdl,텐트B,312,26,,,,0,7,1,900,,,,,0
52,models/maps/props/door/stone_italyarch01.mdl,아치형 문B,312,26,,,,0,7,1,900,,,,,0
53,models/maps/cs_italy/cs_italy_barrel01.mdl,나무통B,312,26,,,60,1,4,2,1800,,,,hs2_italy2|hs2_studio|sudden|cs_militia,0
54,models/maps/zd_internal/zd_internal_concretebags01.mdl,콘크리트,312,26,,,230,1,4,2,1800,,,,de_cbble|de_highland|cs_aquarium,0
55,models/maps/zd_internal/zd_internal_concretebags02.mdl,콘크리트화물B,312,26,,,480,1,5,3,2700,,,,hs2_italy2|hs2_cargoship|sudden|de_cbble|de_vantage|de_highland,0
56,models/maps/zd_internal/zd_internal_light01.mdl,조명장치,312,26,,,,0,7,1,900,,,,de_cbble|de_cornerwork|de_highland,0
57,models/maps/zd_internal/zd_internal_tunnel_scaffolding01.mdl,나무판,312,26,,,,0,7,1,900,,,,de_cbble|de_vantage|de_highland,0
58,models/maps/cs_italy/cs_italy_flowerpot01.mdl,화분D,312,26,,,,0,7,1,900,,-8|-8|0,|8|8|12,hs2_italy2|hs2_studio|sudden|de_inferno|de_tides,0
59,models/props/cannonball/cannon_target.mdl,위험지역,312,26,,,,0,7,1,900,,-8|-8|0,8|8|24,hs2_assault|hs2_office|hs2_estate|hs2_cargoship|hs2_studio|sudden|de_inferno|cs_militia|de_cbble|hs2_phouse,0
60,models/props/cs_assault/ACUnit01.mdl,실외기A,312,26,,,,0,7,1,900,16|0|0,,,hs2_assault|hs2_cargoship|de_vantage|summer2016,0
61,models/props/cs_assault/ACUnit02.mdl,실외기B,312,26,,,,0,7,1,900,,,,hs2_assault|hs2_cargoship|de_vantage|summer2016,0
62,models/props/cs_assault/barrelwarning.mdl,차단봉,312,26,,,,0,7,1,900,,-12|-12|0,12|12|40,hs2_italy2|hs2_assault|hs2_cargoship|cs_militia|de_cornerwork|de_highland,0
63,models/props/cs_assault/box_stack2.mdl,박스묶음,312,26,,,400,1,5,3,2700,,,,hs2_assault|hs2_cargoship|sudden|cs_militia,0
64,models/props/cs_assault/ConsolePanelLoadingBay.mdl,운전장치,312,26,,,,0,7,1,900,,,,hs2_italy2|hs2_assault|hs2_cargoship|sudden|de_inferno,0
65,models/props/cs_assault/dryer_box.mdl,박스B,312,26,,,60,1,4,2,1800,,,,hs2_assault|hs2_cargoship|sudden|de_cbble,0
66,models/props/cs_assault/firehydrant.mdl,소화전,312,26,,,,0,7,1,900,,,,hs2_italy2|hs2_assault|hs2_cargoship|cs_militia|de_cornerwork|de_highland,0
67,models/props/cs_assault/forklift.mdl,지게차,312,26,,,,0,7,1,900,0|32|0,,,hs2_italy2|hs2_assault|hs2_office|hs2_estate|hs2_cargoship|hs2_studio|sudden|de_inferno|cs_militia|de_cbble|de_vantage|de_highland|de_tides,0
68,models/props/cs_assault/HandTruck.mdl,손수레A,312,26,,,,0,7,1,900,-18|0|0,-8|-8|0,8|8|16,hs2_assault|hs2_cargoship|sudden|cs_militia,0
69,models/props/cs_assault/LadderAluminium128.mdl,사다리A,312,26,,,,0,7,1,900,-2|0|0,-4|-4|0,4|4|40,hs2_assault|hs2_estate|hs2_cargoship|sudden|cs_militia|de_highland|hs_dust2,0
70,models/props/cs_assault/meter.mdl,차단기,312,26,,,,0,7,1,900,,,,hs2_italy2|hs2_assault|hs2_cargoship|de_inferno|cs_militia,0
71,models/props/cs_assault/MoneyPallet.mdl,위조지폐A,312,26,,,400,1,5,3,2700,,,,hs2_assault|hs2_cargoship|de_inferno,0
72,models/props/cs_assault/nostopssign.mdl,표지판B,312,26,,,,0,7,1,900,,,,hs2_italy2|hs2_assault|cs_militia,0
73,models/props/cs_assault/pylon.mdl,철기둥,312,26,,,,0,7,1,900,,,,hs2_italy2|hs2_assault|hs2_cargoship|sudden|cs_militia,0
74,models/props/cs_assault/stoplight.mdl,신호등,312,26,,,,0,7,1,900,,-5|-5|0,5|5|40,hs2_italy2|hs2_assault|hs2_cargoship|cs_militia,0
75,models/props/cs_assault/streetsign01.mdl,표지판A,312,26,,,,0,7,1,900,,-4|-4|0,4|4|40,hs2_italy2|hs2_assault|cs_militia,0
76,models/props/cs_assault/StreetSign02.mdl,표지판F,312,26,,,,0,7,1,900,,-4|-4|0,4|4|40,,0
77,models/props/cs_assault/ticketmachine.mdl,티켓자판기,312,26,,,,0,7,1,900,,,,hs2_italy2|hs2_assault|hs2_office|hs2_cargoship|sudden|de_inferno|cs_militia,0
78,models/props/cs_assault/TrainStationSign.mdl,표지판H,312,26,,,,0,7,1,900,0|61|0,-4|-4|0,4|4|40,hs2_assault,0
79,models/props/cs_assault/washer_box2.mdl,박스C,312,26,,,60,1,4,2,1800,,,,hs2_assault|hs2_cargoship|sudden|de_cornerwork,0
80,models/props/cs_assault/wirespout.mdl,배전파이프,312,26,,,,0,7,1,900,,-3|-3|0,3|3|40,hs2_assault|hs2_cargoship,0
81,models/props/cs_havana/pole_a.mdl,전봇대B,312,26,,,,0,7,1,900,,,,de_cbble,0
82,models/props/cs_italy/bananna_bunch.mdl,바나나,312,26,,,,0,7,1,900,,,,hs2_italy2|cs_militia|summer2016,0
83,models/props/cs_italy/it_mkt_table2.mdl,작업테이블,312,26,,,,0,7,1,900,,,,hs2_italy2|hs2_studio|cs_militia|de_highland|de_tides,0
84,models/props/CS_Militia/axe.mdl,도끼,312,26,,,,0,7,1,900,,-4|-4|0,4|4|12,hs2_italy2|hs2_studio|cs_militia|de_highland,0
85,models/props/CS_militia/barstool01.mdl,둥근의자,312,26,,,,0,7,1,900,,,,hs2_assault|de_inferno|cs_militia|de_vantage|de_cornerwork,0
86,models/props/cs_militia/bottle02.mdl,유리병B,312,26,,,,0,7,1,900,,-4|-4|0,4|4|14,hs2_italy2|sudden|cs_militia,0
87,models/props/cs_militia/couch.mdl,소파B,312,26,,,150,1,5,3,2700,,,,,0
88,models/props/CS_militia/crate_extralargemill.mdl,박스B,312,26,,,480,1,6,4,3600,,,,cs_militia,0
89,models/props/CS_militia/crate_extrasmallmill.mdl,박스C,312,26,,,150,1,5,3,2700,,,,cs_militia,0
90,models/props/CS_militia/dryer.mdl,건조기,312,26,,,290,1,5,3,2700,,,,cs_militia,0
91,models/props/CS_militia/fishriver01.mdl,물고기,312,26,,,,0,7,1,900,,,,cs_militia,0
92,models/props/cs_militia/food_stack.mdl,음식상자묶음,312,26,,,290,1,5,3,2700,,,,de_vantage|de_cornerwork|hs_festival,0
93,models/props/CS_militia/footlocker01_closed.mdl,무기박스B,312,26,,,60,1,4,2,1800,,,,cs_militia|de_vantage,0
94,models/props/CS_militia/ladderwood.mdl,나무사다리,312,26,,,,0,7,1,900,-2|0|0,-4|-4|0,4|4|40,hs2_estate|cs_militia|de_vantage,0
95,models/props/CS_militia/mailbox01.mdl,우편함,312,26,,,,0,7,1,900,,,,cs_militia|de_cbble,0
96,models/props/CS_militia/microwave01.mdl,전자렌지,312,26,,,60,1,4,2,1800,,,,hs2_italy2|cs_militia|cs_aquarium|hs_festival,0
97,models/props/cs_militia/militiarock01.mdl,바위A,312,26,,,730,1,8,6,5400,,,,hs2_italy2|hs2_assault|hs2_office|hs2_estate|hs2_cargoship|sudden|cs_militia|de_cbble,0
98,models/props/cs_militia/militiarock02.mdl,바위B,312,26,,,730,1,8,6,5400,,,,hs2_italy2|hs2_assault|hs2_office|hs2_estate|hs2_cargoship|hs2_studio|sudden|cs_militia|de_cbble|de_vantage|de_cornerwork|de_highland|hs_dust2,0
99,models/props/cs_militia/militiarock03.mdl,바위C,312,26,,,730,1,8,6,5400,,,,hs2_italy2|hs2_assault|hs2_office|hs2_estate|hs2_cargoship|hs2_studio|sudden|cs_militia|de_cbble|de_vantage|de_cornerwork|de_highland,0
100,models/props/cs_militia/newspaperstack01.mdl,신문,312,26,,,,0,7,1,900,,,,hs2_italy2|hs2_office|hs2_estate|hs2_cargoship|sudden|cs_militia|de_vantage|de_cornerwork|hs_festival,0
101,models/props/CS_militia/oldphone01.mdl,전화기A,312,26,,,,0,7,1,900,,,,cs_militia,0
102,models/props/CS_militia/paintbucket01.mdl,페인트통B,312,26,,,,0,7,1,900,,-7|-7|0,7|7|22,hs2_studio|cs_militia|de_tides,0
103,models/props/CS_Militia/refrigerator01.mdl,냉장고,312,26,,,430,1,5,3,2700,,,,de_vantage|summer2016,0
104,models/props/cs_militia/shelves_wood.mdl,나무진열장,312,26,,,,0,7,1,900,,,,hs2_italy2|cs_militia|de_tides,0
105,models/props/CS_militia/table_kitchen.mdl,부엌탁자,312,26,,,,0,7,1,900,,,,cs_militia|hs_festival,0
106,models/props/CS_militia/table_shed.mdl,테이블D,312,26,,,,0,7,1,900,,,,cs_militia|de_highland,0
107,models/props/CS_militia/toilet.mdl,변기통,312,26,,,,0,7,1,900,4|0|0,,,,0
108,models/props/CS_militia/toothbrushset01.mdl,치약칫솔,312,26,,,,0,7,1,900,,,,cs_militia,0
109,models/props/CS_militia/tree_large_militia.mdl,나무D,312,26,,,,0,7,1,900,,,,cs_militia|de_cbble,0
110,models/props/cs_office/cardboard_box01.mdl,박스A,312,26,,,10,1,3,1,900,,,,hs2_italy2|hs2_assault|hs2_cargoship|sudden|cs_militia,0
111,models/props/cs_office/Cardboard_box02.mdl,박스E,312,26,,,10,1,3,1,900,,,,hs2_office,0
112,models/props/cs_office/Chair_office.mdl,사무실의자A,312,26,,,,0,7,1,900,,-10|-10|0,10|10|20,hs2_office|hs2_estate|hs2_studio|hs2_phouse,0
113,models/props/cs_office/computer_caseb.mdl,컴퓨터B,312,26,,,,0,7,1,900,,,,hs2_office|hs2_estate|hs2_studio|sudden|hs2_phouse,0
114,models/props/cs_office/computer_keyboard.mdl,키보드,312,26,,,,0,7,1,900,,-6|-6|0,6|6|8,hs2_office|hs2_estate|hs2_studio|sudden|hs2_phouse,0
115,models/props/cs_office/computer_monitor.mdl,모니터B,312,26,,,,0,7,1,900,,,,hs2_office|hs2_studio|sudden|hs_dust2,0
116,models/props/cs_office/Exit_ceiling.mdl,출구표시등,312,26,,,,0,7,1,900,,,,hs2_office,0
117,models/props/cs_office/file_box.mdl,서류박스,312,26,,,,0,7,1,900,,,,hs2_italy2|hs2_assault|hs2_office|hs2_estate|hs2_cargoship|hs2_studio|sudden|cs_militia|hs2_phouse,0
118,models/props/cs_office/file_cabinet1.mdl,캐비닛D,312,26,,,60,1,4,2,1800,,,,,0
119,models/props/cs_office/file_cabinet2.mdl,캐비닛B,312,26,,,60,1,4,2,1800,,,,,0
120,models/props/cs_office/file_cabinet3.mdl,캐비닛C,312,26,,,60,1,4,2,1800,,,,hs2_assault|hs2_office|hs2_cargoship|sudden|cs_militia,0
121,models/props/cs_office/fire_extinguisher.mdl,소화기,312,26,,,,0,7,1,900,-4|0|0,-4|-4|0,4|4|24,,0
122,models/props/cs_office/Light_security.mdl,전등D,312,26,,,,0,7,1,900,-4|0|0,-4|-4|0,4|4|16,hs2_office|hs2_estate|hs2_phouse,0
123,models/props/cs_office/Light_shop.mdl,전등C,312,26,,,,0,7,1,900,,-6|-6|0,6|6|16,hs2_office,0
124,models/props/cs_office/Paper_towels.mdl,휴지타올,312,26,,,,0,7,1,900,,,,hs2_assault|hs2_office|sudden|de_cornerwork,0
125,models/props/cs_office/phone.mdl,전화기B,312,26,,,,0,7,1,900,,-4|-4|0,4|4|8,,0
126,models/props/cs_office/plant01.mdl,화분E,312,26,,,,0,7,1,900,,-6|-6|0,6|6|16,hs2_office|hs2_estate|hs2_studio|sudden|de_inferno|de_tides|hs2_phouse,0
127,models/props/cs_office/projector.mdl,프로젝터,312,26,,,,0,7,1,900,,,,hs2_office|hs2_estate|sudden|hs2_phouse,0
128,models/props/cs_office/radio.mdl,라디오,312,26,,,,0,7,1,900,,-4|-4|0,4|4|10,hs2_italy2|hs2_assault|hs2_office|hs2_estate|hs2_cargoship|hs2_studio|sudden|cs_militia|hs2_phouse,0
129,models/props/cs_office/Shelves_metal.mdl,철제수납장A,312,26,,,,0,7,1,900,,,,hs2_assault|hs2_office|hs2_cargoship|cs_militia|de_cornerwork|hs_festival|de_tides,0
130,models/props/cs_office/sofa.mdl,소파A,312,26,,,150,1,5,3,2700,,,,hs2_italy2|hs2_office|hs2_studio|de_inferno|cs_militia|hs2_phouse,0
131,models/props/cs_office/sofa_chair.mdl,소파의자,312,26,,,60,1,4,2,1800,,,,hs2_italy2|hs2_office|hs2_estate|hs2_studio|de_inferno|cs_militia|hs_dust2|hs2_phouse,0
132,models/props/cs_office/Table_coffee.mdl,테이블F,312,26,,,60,1,4,2,1800,,,,hs2_office,0
133,models/props/cs_office/trash_can.mdl,쓰레기통B,312,26,,,,0,7,1,900,,,,hs2_assault|hs2_office|hs2_cargoship|hs2_studio|sudden|cs_aquarium,0
134,models/props/cs_office/TV_plasma.mdl,벽걸이텔레비전,312,26,,,,0,7,1,900,-4|0|0,-4|-4|0,4|4|16,hs2_office|hs2_studio,0
135,models/props/cs_office/vending_machine.mdl,자판기,312,26,,,400,1,6,4,3600,,,,,0
136,models/props/de_dust/grainbasket01a.mdl,곡식바구니C,312,26,,,,0,7,1,900,,,,hs2_italy2|cs_militia,0
137,models/props/de_dust/grainbasket01b.mdl,곡식바구니B,312,26,,,,0,7,1,900,,,,hs2_italy2|hs2_studio|sudden|cs_militia|hs_festival|hs_dust2,0
138,models/props/de_dust/grainbasket01c.mdl,곡식바구니A,312,26,,,,0,7,1,900,,-14|-14|0,14|14|6,hs2_italy2|cs_militia|hs_dust2,0
139,models/props/de_inferno/bed.mdl,침대,312,26,,,,0,7,1,900,30|0|0,-16|-16|0,16|16|20,hs2_italy2|de_inferno|cs_militia|de_vantage,0
140,models/props/de_inferno/bench_concrete.mdl,석조벤치,312,26,,,,0,7,1,900,,,,hs2_estate|de_inferno|cs_militia|de_highland,0
142,models/props/de_inferno/chairantique.mdl,의자B,312,26,,,,0,7,1,900,,,,de_inferno|cs_militia,0
143,models/props/de_inferno/claypot02.mdl,도자기A,312,26,,,,0,7,1,900,,,,hs2_italy2|hs2_studio|sudden|de_tides,0
144,models/props/de_inferno/claypot03.mdl,화분F,312,26,,,,0,7,1,900,,-8|-8|0,8|8|24,hs2_estate|de_inferno|cs_militia|hs2_phouse,0
145,models/props/de_inferno/confessional.mdl,고해소,312,26,,,,0,7,1,900,,,,de_cbble,0
146,models/props/de_inferno/crate_fruit_break.mdl,과일상자,312,26,,,110,1,4,2,1800,,,,,0
147,models/props/de_inferno/flower_barrel.mdl,화분바구니,312,26,,,190,1,4,2,1800,,-14|-14|0,14|14|24,hs2_italy2|hs2_estate|sudden|de_inferno|de_vantage|de_cornerwork|de_tides|hs2_phouse,0
148,models/props/de_inferno/furnituredrawer001a.mdl,서랍장A,312,26,,,110,1,4,2,1800,,,,de_inferno|cs_militia|de_vantage,0
149,models/props/de_inferno/hay_bails.mdl,건초더미,312,26,,,30,1,4,2,1800,,,,hs2_italy2|hs2_assault|hs2_cargoship|hs2_studio|sudden|de_inferno|cs_militia|de_highland,0
150,models/props/de_inferno/largebush05.mdl,꽃A,312,26,,,,0,7,1,900,,,,hs2_italy2|sudden|de_inferno|cs_militia|summer2016,0
151,models/props/de_inferno/laundrylineacross.mdl,빨래B,312,26,,,,0,7,1,900,,,,de_vantage,0
152,models/props/de_inferno/laundrylineflat.mdl,빨래A,312,26,,,,0,7,1,900,,,,de_vantage,0
153,models/props/de_inferno/light_streetlight.mdl,가로등B,312,26,,,,0,7,1,900,,,,hs2_italy2|hs2_estate|sudden|de_inferno|cs_militia|de_tides,0
154,models/props/de_inferno/pot_big.mdl,큰화분,312,26,,,380,1,5,3,2700,,,,hs2_estate|de_inferno|cs_militia|de_vantage|de_tides|hs2_phouse,0
155,models/props/de_inferno/potted_plant1.mdl,화분B,312,26,,,,0,7,1,900,,-6|-6|0,6|6|32,hs2_italy2|hs2_estate|sudden|de_inferno|cs_militia|de_vantage|hs2_phouse,0
156,models/props/de_inferno/potted_plant2.mdl,화분A,312,26,,,,0,7,1,900,,-6|-6|0,6|6|32,hs2_italy2|hs2_estate|sudden|de_inferno|cs_militia|de_cornerwork|de_tides|hs2_phouse,0
157,models/props/de_inferno/potted_plant3.mdl,화분G,312,26,,,,0,7,1,900,,-6|-6|0,6|6|24,hs2_estate|hs2_studio|sudden|de_inferno|cs_militia|de_cornerwork|hs2_phouse,0
158,models/props/de_inferno/radiator01a.mdl,라디에이터,312,26,,,,0,7,1,900,,,,hs2_italy2|de_inferno|cs_militia|de_vantage,0
159,models/props/de_inferno/tableantique.mdl,테이블A,312,26,,,,0,7,1,900,,,,hs2_italy2|cs_militia|de_tides,0
160,models/props/de_inferno/tree_small.mdl,나무C,312,26,,,,0,7,1,900,,,,hs2_italy2|hs2_assault|hs2_office|hs2_estate|hs2_cargoship|hs2_studio|de_cbble|de_vantage|de_cornerwork|de_highland|de_tides|summer2016,0
161,models/props/de_inferno/tv_monitor01.mdl,텔레비전,312,26,,,,0,7,1,900,,,,hs2_italy2|hs2_assault|hs2_cargoship|de_inferno|cs_militia|de_vantage,0
162,models/props/de_inferno/wagon.mdl,우마차,312,26,,,,0,7,1,900,,,,hs2_italy2|hs2_studio|cs_militia|de_cbble|de_vantage|de_tides,0
163,models/props/de_inferno/wine_barrel.mdl,와인통,312,26,,,100,1,4,2,1800,,,,hs2_italy2|sudden|cs_militia|de_cbble|summer2016,0
164,models/props/de_nuke/cinderblock_stack.mdl,벽돌묶음B,312,26,,,300,1,4,2,1800,,,,de_vantage|de_cornerwork|de_highland,0
166,models/props/de_piranesi/pi_bench.mdl,벤치,312,26,,,,0,7,1,900,,,,de_cbble|de_highland,0
167,models/props/de_prodigy/concretebags.mdl,콘크리트화물A,312,26,,,570,1,5,3,2700,,,,hs2_assault|hs2_cargoship|sudden|cs_militia|de_highland,0
168,models/props/de_prodigy/concretebags2.mdl,콘크리트화물C,312,26,,,480,1,5,3,2700,,,,de_vantage|de_highland,0
169,models/props/de_prodigy/concretebags4.mdl,콘크리트화물D,312,26,,,400,1,4,2,1800,,,,hs2_office|de_vantage|de_cornerwork|de_highland,0
170,models/props/de_prodigy/prodcratesb.mdl,상자,312,26,,,300,1,5,3,2700,,,,de_inferno|de_highland,0
171,models/props/de_prodigy/pushcart.mdl,카트A,312,26,,,,0,7,1,900,20|0|0,-16|-16|0,16|16|16,hs2_assault|hs2_cargoship|sudden|de_highland,0
172,models/props/de_prodigy/spoolwire.mdl,와이어스풀,312,26,,,290,1,5,3,2700,,,,hs2_cargoship|sudden|cs_militia|cs_aquarium,0
173,models/props/de_prodigy/tire1.mdl,타이어A,312,26,,,,0,7,1,900,,,,hs2_italy2|cs_militia,0
174,models/props/de_prodigy/tirestack.mdl,타이어화물,312,26,,,290,1,5,3,2700,,,,hs2_assault|hs2_cargoship|sudden|de_inferno|cs_militia|de_cornerwork,0
175,models/props/de_tides/patio_chair2.mdl,의자A,312,26,,,,0,7,1,900,,-12|-12|0,12|12|20,hs2_italy2|sudden|de_inferno|cs_militia|hs_festival|de_tides|hs2_phouse,0
176,models/props/de_tides/vending_turtle.mdl,거북이인형,312,26,,,,0,7,1,900,,,,,0
177,models/props/de_tides/vending_turtle_01.mdl,윙크하는거북이,312,26,,,,0,7,1,900,,,,,0
178,models/props/de_tides/vending_turtle_02.mdl,꼬리없는거북이,312,26,,,,0,7,1,900,,,,,0
179,models/props/de_tides/vending_turtle_03.mdl,하트무늬거북이,312,26,,,,0,7,1,900,,,,,0
180,models/props/de_tides/vending_turtle_04.mdl,다리짧은거북이,312,26,,,,0,7,1,900,,,,,0
181,models/props/de_tides/vending_turtle_05.mdl,껍질없는거북이,312,26,,,,0,7,1,900,,,,,0
182,models/props/de_train/ACunit1.mdl,교류전동기A,312,26,,,,0,7,1,900,,,,hs2_assault|hs2_cargoship|sudden,0
183,models/props/de_train/ACunit2.mdl,교류전동기B,312,26,,,,0,7,1,900,,,,hs2_assault|hs2_estate|hs2_cargoship|sudden|cs_militia|hs2_phouse,0
184,models/maps/cs_italy/cs_italy_cloth_tent01.mdl,텐트A,312,26,,,,0,7,1,900,,,,,0
185,models/props/de_train/Pallet_Barrels.mdl,폐기물,312,26,,,300,1,5,3,2700,,,,de_inferno,0
186,models/props/de_train/Processor_NoBase.mdl,가공기,312,26,,,400,1,6,4,3600,,,,hs2_assault|hs2_cargoship|sudden|de_inferno|cs_militia,0
187,models/props/tuto/tuto_notebook.mdl,노트북,312,26,,,,0,7,1,900,,,,hs2_office|hs2_estate|hs2_cargoship|hs2_studio|sudden|hs2_phouse,0
188,models/props_bc/street/bc_street_light02.mdl,가로등C,312,26,,,,0,7,1,900,,,,hs2_office|sudden|de_cbble|de_vantage,0
189,models/props_c17/BriefCase001a.mdl,가방,312,26,,,,0,7,1,900,,,,de_inferno|cs_militia,0
190,models/props_c17/concrete_barrier001a.mdl,콘크리트장벽,312,26,,,480,1,6,4,3600,,,,hs2_assault|hs2_cargoship|sudden|de_inferno|cs_militia,0
191,models/props_c17/fence02a.mdl,펜스A,312,26,,,290,0,6,4,3600,0|64|0,,,,0
192,models/props_c17/fence02b.mdl,펜스B,312,26,,,150,0,5,3,2700,0|38|0,,,,0
193,models/props_c17/FurnitureChair001a.mdl,의자D,312,26,,,,0,7,1,900,,,,hs2_italy2|hs2_studio,0
194,models/props_c17/FurnitureTable001a.mdl,테이블B,312,26,,,,0,7,1,900,,-16|-16|0,16|16|36,hs2_italy2|de_inferno|cs_militia,0
195,models/props_c17/lamppost03a_off.mdl,가로등A,312,26,,,,0,7,1,900,,,,hs2_italy2|hs2_assault|hs2_office|hs2_cargoship|sudden|cs_militia,0
196,models/props_c17/oildrum001.mdl,기름통,312,26,,,60,1,4,2,1800,,,,,0
197,models/props_c17/pottery02a.mdl,도자기C,312,26,,,,0,7,1,900,,,,hs2_italy2|hs_festival,0
198,models/props_c17/pottery03a.mdl,도자기D,312,26,,,,0,7,1,900,,,,hs2_italy2|hs_festival,0
199,models/props_c17/pottery09a.mdl,도자기B,312,26,,,,0,7,1,900,,,,hs2_italy2|hs_festival,0
200,models/maps/cs_italy/cs_italy_cheese_case01.mdl,치즈바구니,312,26,,,,0,7,1,900,,,,hs2_italy2|cs_militia,0
201,models/props_c17/streetsign005b.mdl,표지판G,312,26,,,,0,7,1,900,,,,,0
202,models/props_c17/utilitypole01a.mdl,전봇대A,312,26,,,,0,7,1,900,0|0|-4,-6|-6|0,6|6|40,hs2_italy2|hs2_assault|hs2_office|hs2_cargoship|sudden|de_inferno|cs_militia,0
203,models/props_c17/woodbarrel001.mdl,나무통A,312,26,,,60,1,4,2,1800,,,,hs2_italy2|sudden|cs_militia,0
204,models/props_canal/winch02.mdl,권양기,312,26,,,,0,7,1,900,,,,hs2_assault|hs2_cargoship|de_inferno|cs_militia,0
206,models/props_equipment/snack_machine2.mdl,스낵자판기A,312,26,,,330,1,5,3,2700,,,,hs2_office|de_cbble|de_vantage|de_cornerwork,0
207,models/props_foliage/mall_tree_large01.mdl,나무C,312,26,,,,0,7,1,900,,,,cs_militia|de_cbble,0
208,models/props_foliage/tree_deciduous_01a.mdl,나무B,312,26,,,,0,7,1,900,,,,hs2_assault|hs2_office|hs2_estate|hs2_cargoship|hs2_studio|sudden|de_cbble|de_vantage|de_tides,0
209,models/props_foliage/urban_balcony_planter02.mdl,화분I,312,26,,,,0,7,1,900,-8|0|0,-8|-8|0,8|8|12,hs2_office|hs2_estate|hs2_phouse,0
210,models/props_foliage/urban_pot_fancy01.mdl,화분H,312,26,,,,0,7,1,900,,-8|-8|0,8|8|32,hs2_office|hs2_estate|hs2_studio|cs_aquarium|hs2_phouse,0
211,models/props_industrial/pallet01.mdl,파렛트,312,26,,,,0,7,1,900,,,,de_vantage|hs_dust2,0
212,models/props_interiors/ac_wallunit.mdl,냉난방장치,312,26,,,,0,7,1,900,,-6|-6|0,6|6|16,hs2_office|hs2_studio|summer2016,0
213,models/props_interiors/bookcase_48_96.mdl,책장,312,26,,,,0,7,1,900,,,,hs2_office|hs2_estate|hs2_studio|hs2_phouse,0
214,models/props_interiors/books01.mdl,책,312,26,,,,0,7,1,900,0|4|0,-4|-4|0,4|4|10,hs2_office,0
215,models/props_interiors/chair_cafeteria.mdl,사무실의자B,312,26,,,,0,7,1,900,,,,hs2_office|hs_festival,0
216,models/props_interiors/chair01.mdl,의자E,312,26,,,,0,7,1,900,,-12|-12|0,12|12|20,de_vantage,0
217,models/props_interiors/chairlobby01.mdl,의자F,312,26,,,,0,7,1,900,,-14|-14|0,14|14|24,hs2_office|hs2_studio,0
218,models/props_interiors/coffee_maker.mdl,커피머신,312,26,,,,0,7,1,900,,-5|-5|0,5|5|18,hs2_office|hs2_estate|hs2_studio|sudden,0
219,models/props_interiors/copymachine01.mdl,프린터,312,26,,,,0,7,1,900,,,,hs2_office|sudden,0
220,models/props_interiors/corkboardverticle01.mdl,코르크보드,312,26,,,,0,7,1,900,-2|0|0,-4|-4|0,4|4|40,hs2_office,0
221,models/props_interiors/dining_table_round.mdl,원형테이블,312,26,,,,0,7,1,900,,,,hs2_office|hs2_studio,0
222,models/props_interiors/Furniture_Lamp01a.mdl,전등A,312,26,,,,0,7,1,900,,-6|-6|0,6|6|40,hs2_italy2|de_inferno|de_vantage,0
223,models/props_interiors/mounteddeerhead01_hide.mdl,사슴장식,312,26,,,,0,7,1,900,4|0|0,,,hs2_italy2|hs2_office|hs2_studio|de_cbble|de_vantage|de_cornerwork|de_highland|de_tides,0
224,models/props_interiors/table_picnic.mdl,피크닉 테이블,312,26,,,,0,7,1,900,,,,hs2_italy2|hs2_office|cs_militia|de_cbble|de_vantage|summer2016,0
225,models/props_interiors/trashcan01.mdl,쓰레기통F,312,26,,,,0,7,1,900,,-10|-10|0,10|10|40,hs2_office|cs_aquarium,0
226,models/props_interiors/water_cooler.mdl,정수기,312,26,,,,0,7,1,900,,,,hs2_office|hs2_studio|sudden|cs_aquarium|summer2016,0
227,models/props_interiors/waterbottle.mdl,정수기물통,312,26,,,,0,7,1,900,,,,hs2_office|sudden|summer2016,0
228,models/props_junk/cardboard_box002a.mdl,박스D,312,26,,,60,1,4,2,1800,,,,hs2_office|de_highland|hs_festival,0
229,models/props_junk/CinderBlock01a.mdl,벽돌,312,26,,,,0,7,1,900,,,,hs2_assault|hs2_cargoship|sudden|cs_militia,0
230,models/props_junk/garbage_carboard002a.mdl,박스종이,312,26,,,,0,7,1,900,,,,de_highland,0
231,models/props_junk/garbage_coffeecup01a_fullsheet.mdl,커피컵,312,26,,,,0,7,1,900,,-4|-4|0,4|4|10,hs2_italy2|hs2_office|hs2_estate|hs2_studio|sudden|hs2_phouse|summer2016,0
232,models/props_junk/garbage_coffeemug001a.mdl,커피잔,312,26,,,,0,7,1,900,,,,de_inferno|cs_militia|de_cbble|summer2016,0
233,models/props_junk/garbage_glassbottle003a.mdl,유리병C,312,26,,,,0,7,1,900,,,,de_inferno|de_cbble,0
234,models/props_junk/garbage_milkcarton001a.mdl,우유병,312,26,,,,0,7,1,900,,,,de_inferno|cs_militia|de_cbble,0
235,models/props_junk/garbage_milkcarton002a.mdl,우유팩,312,26,,,,0,7,1,900,,,,de_inferno|cs_militia|de_cbble,0
236,models/props_junk/garbage_plasticbottle001a.mdl,병A,312,26,,,,0,7,1,900,,,,de_inferno|cs_militia|de_cbble|summer2016,0
237,models/props_junk/garbage_plasticbottle003a.mdl,병B,312,26,,,,0,7,1,900,,,,de_inferno|cs_militia|de_cbble|summer2016,0
238,models/props_junk/garbage_takeoutcarton001a.mdl,포장용기,312,26,,,,0,7,1,900,,,,de_inferno|cs_militia,0
239,models/props_junk/garbage128_composite001a.mdl,쓰레기A,312,26,,,,0,7,1,900,,,,sudden|de_cbble|de_vantage|de_highland,0
240,models/props_junk/garbage128_composite001b.mdl,쓰레기B,312,26,,,,0,7,1,900,,,,sudden|de_inferno|de_vantage|de_highland,0
241,models/props_junk/gascan001a.mdl,가스통A,312,26,,,,0,7,1,900,,,,hs2_italy2|sudden|de_inferno|cs_militia|cs_aquarium,0
242,models/props_junk/glassjug01.mdl,유리병A,312,26,,,,0,7,1,900,,,,hs2_italy2|hs2_estate|sudden|de_inferno|cs_militia|de_cornerwork|hs2_phouse,0
243,models/props_junk/metal_paintcan001a.mdl,페인트통A,312,26,,,,0,7,1,900,,-5|-5|0,5|5|12,hs2_studio|de_inferno|cs_militia,0
244,models/props_junk/MetalBucket01a.mdl,양동이,312,26,,,,0,7,1,900,,-8|-8|0,8|8|16,hs2_office|summer2016,0
245,models/props_junk/petfoodbag01.mdl,개사료,312,26,,,,0,7,1,900,-8|0|0,-10|-10|0,10|10|36,hs2_italy2|hs2_estate|cs_militia|de_cornerwork,0
246,models/props_junk/PlasticCrate01a.mdl,플라스틱상자,312,26,,,,0,7,1,900,,,,hs2_italy2|hs2_assault|hs2_office|hs2_cargoship|hs2_studio|de_vantage|de_cornerwork,0
247,models/props_junk/Shoe001a.mdl,신발,312,26,,,,0,7,1,900,,-4|-4|0,4|4|10,hs2_italy2|hs2_assault|hs2_estate|hs2_cargoship|sudden|hs2_phouse,0
248,models/props_junk/TrafficCone001a.mdl,도로 표지,312,26,,,,0,7,1,900,,-7|-7|0,7|7|24,hs2_assault|hs2_cargoship|cs_aquarium,0
249,models/props_junk/TrashBin01a.mdl,쓰레기통C,312,26,,,30,1,4,2,1800,,-10|-10|0,10|10|36,hs2_assault|hs2_cargoship|hs2_studio|de_cornerwork|de_highland,0
250,models/props_junk/TrashDumpster01a.mdl,쓰레기덤프스터,312,26,,,240,1,6,4,3600,,,,hs2_italy2|hs2_assault|hs2_office|hs2_estate|hs2_cargoship|sudden|de_inferno|cs_militia|de_vantage|de_cornerwork|hs_dust2|de_tides,0
251,models/props_junk/watermelon01.mdl,수박,312,26,,,,0,7,1,900,,-4|-4|0,4|4|14,hs2_italy2|hs2_studio|summer2016,0
252,models/props_junk/Wheebarrow01a.mdl,손수레B,312,26,,,,0,7,1,900,,,,hs2_estate|sudden|de_vantage|de_highland,0
253,models/props_junk/wood_pallet001a.mdl,받침대,312,26,,,,0,7,1,900,,-16|-16|0,16|16|8,hs2_assault|hs2_office|hs2_cargoship|cs_militia|de_tides,0
254,models/props_lab/harddrive02.mdl,컴퓨터A,312,26,,,,0,7,1,900,,,,hs2_italy2|hs2_assault|hs2_cargoship,0
255,models/props_lab/monitor02.mdl,모니터A,312,26,,,,0,7,1,900,,,,hs2_assault|hs2_cargoship,0
256,models/props_lab/powerbox01a.mdl,전원박스,312,26,,,,0,7,1,900,,,,|cs_militia|de_cornerwork,0
257,models/props_pipes/Gutter_576_001a.mdl,파이프C,312,26,,,,0,7,1,900,,,,de_inferno,0
258,models/props_rooftop/roof_vent001.mdl,환기구A,312,26,,,,0,7,1,900,,,,hs2_assault|hs2_cargoship|de_inferno|cs_militia,0
259,models/props_rooftop/roof_vent004.mdl,환기구B,312,26,,,,0,7,1,900,,,,hs2_assault|hs2_cargoship,0
260,models/props_street/garbage_can.mdl,쓰레기통A,312,26,,,,0,7,1,900,,-12|-12|0,12|12|40,hs2_italy2|cs_militia|de_cornerwork|de_highland|de_tides,0
261,models/props_trainstation/bench_indoor001a.mdl,나무벤치,312,26,,,,0,7,1,900,,,,hs2_assault|hs2_office|hs2_cargoship|sudden|cs_militia|de_cbble|de_highland|de_tides,0
262,models/props_trainstation/trashcan_indoor001a.mdl,쓰레기통D,312,26,,,,0,7,1,900,,-10|-10|0,10|10|30,hs2_assault|hs2_cargoship|cs_militia|de_cornerwork|de_highland|de_tides,0
263,models/props_urban/ashtray_stand001.mdl,재떨이,312,26,,,,0,7,1,900,,,,hs2_office|hs2_estate|de_highland,0
264,models/props_urban/hotel_halfmoon_table001.mdl,테이블G,312,26,,,,0,7,1,900,8|0|0,-8|-8|0,8|8|32,hs2_office|hs2_studio|de_highland,0
265,models/props_urban/plastic_chair001.mdl,플라스틱의자,312,26,,,,0,7,1,900,,,,hs2_studio|de_vantage|de_cornerwork|de_highland|hs2_phouse,0
266,models/props_wasteland/controlroom_chair001a.mdl,의자C,312,26,,,,0,7,1,900,,,,hs2_assault|hs2_cargoship|sudden|de_cornerwork,0
267,models/props_wasteland/controlroom_desk001b.mdl,작업대,312,26,,,,0,7,1,900,,,,hs2_assault|hs2_cargoship,0
268,models/props_wasteland/controlroom_storagecloset001a.mdl,철제수납장B,312,26,,,290,0,6,4,3600,,,,hs2_office|hs2_studio|de_cornerwork,0
269,models/props_wasteland/interior_fence003b.mdl,펜스C,312,26,,,150,0,5,3,2700,,,,de_vantage|de_highland,0
270,models/maps/de_cornerwork/de_cornerwork_sign001.mdl,간판A,312,26,,,,0,7,1,900,,,,de_cornerwork,0
271,models/maps/de_cornerwork/de_cornerwork_sign002.mdl,간판B,312,26,,,,0,7,1,900,,,,de_cornerwork,0
272,models/maps/de_cornerwork/de_cornerwork_sign003.mdl,간판C,312,26,,,,0,7,1,900,,,,de_cornerwork,0
273,models/maps/de_cornerwork/de_cornerwork_sign004.mdl,간판D,312,26,,,,0,7,1,900,,,,de_cornerwork,0
274,models/maps/de_cornerwork/de_cornerwork_sign005.mdl,간판E,312,26,,,,0,7,1,900,,,,de_cornerwork,0
275,models/maps/de_cornerwork/de_cornerwork_sign006.mdl,간판F,312,26,,,,0,7,1,900,,,,de_cornerwork,0
276,models/maps/de_cornerwork/de_cornerwork_sign007.mdl,간판G,312,26,,,,0,7,1,900,,,,de_cornerwork,0
277,models/maps/de_cornerwork/de_cornerwork_sign008.mdl,간판H,312,26,,,,0,7,1,900,,,,de_cornerwork,0
278,models/maps/de_cornerwork/de_cornerwork_sign009.mdl,간판I,312,26,,,,0,7,1,900,,,,de_cornerwork,0
279,models/maps/de_cornerwork/de_cornerwork_sign010.mdl,간판J,312,26,,,,0,7,1,900,,,,de_cornerwork,0
280,models/props_bc/tree/bc_streettree_01a.mdl,나무E,312,26,,,,0,7,5,4500,,,,de_highland|hs_festival,0
281,models/maps/de_highland/de_highland_altar01.mdl,제단,312,26,,,,0,7,1,900,,,,de_highland,0
283,models/props_urban/gas_meter.mdl,가스측정기,312,26,,,,0,7,1,900,,,,hs2_office|de_cbble|de_vantage|de_highland,0
284,models/props_trainstation/handrail_64decoration001a.mdl,난간,312,26,,,60,1,4,2,1800,,,,de_highland,0
285,models/props/de_nuke/crate_small.mdl,나무상자,312,26,,,300,1,6,4,3600,,,,hs2_cargoship|de_highland,0
286,models/hide/hide_snowman001_bust.mdl,눈덩이,312,26,,,,0,7,1,900,,-8|-8|0,8|8|16,hs2_estate|hs2_studio|winter2016,0
287,models/hide/hide_snowman001_head.mdl,눈사람 머리,312,26,,,,0,7,1,900,,-5|-5|0,5|5|14,hs2_estate|hs2_studio|de_cbble|de_vantage|winter2016,0
288,models/hide/hide_snowman001_body.mdl,눈사람 몸,312,26,,,,0,7,1,900,,-10|-10|0,10|10|40,hs2_estate|hs2_studio|winter2016,0
289,models/hide/hide_snowman001.mdl,눈사람,312,26,,,,0,7,1,900,,-10|-10|0,10|10|40,hs2_estate|hs2_cargoship|hs2_studio|sudden|de_cbble|de_vantage|winter2016,0
290,models/hide/hide_cs_office_xmas_tree_01.mdl,트리,312,26,,,,0,7,1,900,,,,hs2_estate|winter2016,0
291,models/hide/hide_cs_office_xmas_giftbox_01_g.mdl,선물상자A,312,26,,,,0,7,1,900,,,,winter2016,0
292,models/hide/hide_cs_office_xmas_giftbox_01_b.mdl,선물상자B,312,26,,,,0,7,1,900,,,,winter2016,0
293,models/hide/hide_cs_office_xmas_giftbox_01.mdl,선물꾸러미,312,26,,,,0,7,1,900,,,,hs2_estate|winter2016,0
294,models/props_fairgrounds/elephant.mdl,코끼리 인형,312,26,,,,0,7,1,900,,-8|-8|0,8|8|30,hs2_estate|hs2_studio|cs_aquarium|hs_festival,0
295,models/props_fairgrounds/alligator.mdl ,악어 인형,312,26,,,,0,7,1,900,,-6|-6|0,6|6|10,hs2_office|hs2_estate|hs2_studio|de_cbble|de_vantage|cs_aquarium,0
296,models/props_fairgrounds/giraffe.mdl,기린 인형,312,26,,,,0,7,1,900,,-8|-8|0,8|8|30,hs2_office|hs2_estate|hs2_studio|de_cbble|de_vantage|cs_aquarium,0
297,models/props_fairgrounds/snake.mdl,뱀 인형,312,26,,,,0,7,1,900,-24|0|0,,,hs2_estate|hs2_studio|cs_aquarium,0
298,models/maps/hs_studio/hs_lawnchair01.mdl,접이식 의자,312,26,,,,0,7,1,900,,,,hs2_studio|sudden,0
299,models/props_urban/outhouse002.mdl,공중화장실,312,26,,,,0,7,1,900,,,,hs2_studio|sudden,0
300,models/maps/hs_studio/hs_studio_camera01.mdl,카메라A,312,26,,,,0,7,1,900,,,,hs2_studio,0
301,models/props_fairgrounds/anvil_case_casters_64.mdl,철제 박스,312,26,,,,0,7,1,900,,,,hs2_studio|sudden|hs2_phouse,0
302,models/props_fairgrounds/bass_amp.mdl,앰프,312,26,,,,0,7,1,900,,,,hs2_studio|hs2_phouse,0
303,models/maps/hs_studio/hs_lightstand04.mdl,조명 기구A,312,26,,,,0,7,1,900,,,,hs2_studio,0
304,models/maps/hs_studio/hs_lightstand02.mdl,조명 기구B,312,26,,,,0,7,1,900,,,,hs2_studio,0
305,models/maps/hs_studio/hs_lightstand05.mdl,조명 기구C,312,26,,,,0,7,1,900,,,,hs2_studio,0
306,models/props_fairgrounds/six_lights.mdl,조명 기구D,312,26,,,,0,7,1,900,,-10|-10|0,10|10|16,hs2_studio,0
307,models/props_office/vending_machine01.mdl,자판기B,312,26,,,330,1,5,3,2700,0|-16|0,,,hs2_studio|cs_aquarium|summer2016,0
308,models/props_junk/dumpster_2.mdl,덤프,312,52,,1000,300,0,7,1,900,,,,|hs_festival,0
309,models/props_interiors/sofa01.mdl,소파C,312,26,,,230,1,5,3,2700,,,,hs2_studio,0
310,models/props_unique/airport/luggage4.mdl,여행가방,312,26,,,,0,7,1,900,,,,hs2_studio|summer2016,0
311,models/props/cs_office/microwave.mdl,전자레인지,312,26,,,,0,7,1,900,,,,hs2_studio,0
312,models/props/CS_Militia/sawhorse.mdl,목재받침대,312,26,,,,0,7,1,900,,,,hs2_studio,0
314,models/props_misc/standing_tarp_narrow.mdl,천덮힌물건들,312,26,,,,0,7,1,900,32|0|0,-16|-16|0,16|16|32,hs2_studio|hs2_phouse,0
315,models/props/de_dust/stoneblocks48.mdl,큰벽돌,312,26,,,380,1,5,3,2700,,,,hs2_studio|sudden|hs_dust2,0
316,models/props_urban/bench002.mdl,나무벤치B,312,26,,,,0,7,1,900,,,,hs2_studio|hs_festival,0
317,models/props_interiors/coffee_table_rectangular.mdl,커피테이블,312,26,,,,0,7,1,900,,,,hs2_studio,0
318,models/maps/cs_aquarium/cs_aquarium_stone_b_04-2.mdl,바위D,312,26,,,480,1,6,4,3600,,,,cs_aquarium,0
319,models/maps/cs_aquarium/cs_aquarium_stone_b_02-2.mdl,바위F,312,26,,,480,1,6,4,3600,,,,cs_aquarium,0
321,models/props_equipment/snack_machine.mdl,스낵자판기B,312,26,,,,0,6,4,3600,,,,cs_aquarium,0
323,models/props_urban/hotel_chair001.mdl,호텔 의자,312,26,,,,0,7,1,900,,,,cs_aquarium,0
325,models/props_unique/coffeemachine01.mdl,커피머신B,312,26,,,,0,7,1,900,,,,cs_aquarium|summer2016,0
327,models/props_mall/mall_bench.mdl,나무벤치C,312,26,,,,0,7,1,900,,,,cs_aquarium,0
328,models/maps/hs_aqua/hs_aqua_fish01.mdl,인조물고기A,312,26,,,,0,7,1,900,,,,cs_aquarium,0
329,models/maps/hs_aqua/hs_aqua_fish02.mdl,인조물고기B,312,26,,,,0,7,1,900,,,,cs_aquarium,0
330,models/maps/hs_aqua/hs_aqua_fish03.mdl,인조물고기C,312,26,,,,0,7,1,900,,,,cs_aquarium,0
331,models/maps/hs_aqua/hs_aqua_fish04.mdl,인조물고기D,312,26,,,,0,7,1,900,,,,cs_aquarium,0
332,models/maps/hs_aqua/hs_aqua_fish05.mdl,인조물고기E,312,26,,,,0,7,1,900,,,,cs_aquarium,0
333,models/maps/hs_aqua/hs_aqua_fish01a.mdl,물고기와이어A,312,26,,,,0,7,1,900,,,,hs2_office|de_cbble|de_vantage|cs_aquarium,0
334,models/maps/hs_aqua/hs_aqua_fish02a.mdl,물고기와이어B,312,26,,,,0,7,1,900,,,,cs_aquarium,0
335,models/maps/hs_aqua/hs_aqua_fish03a.mdl,물고기와이어C,312,26,,,,0,7,1,900,,,,cs_aquarium,0
336,models/maps/hs_aqua/hs_aqua_fish04a.mdl,물고기와이어D,312,26,,,,0,7,1,900,,,,cs_aquarium,0
337,models/maps/hs_aqua/hs_aqua_fish05b.mdl,물고기와이어E,312,26,,,,0,7,1,900,,,,cs_aquarium,0
338,models/props_interiors/trashcankitchen01.mdl,쓰레기통G,312,26,,,,0,7,1,900,,,,cs_aquarium,0
339,models/props_urban/bench001.mdl,나무벤치,312,26,,,,0,7,1,900,,,,hs_festival|de_tides,0
340,models/props/cs_italy/it_streetlampleg.mdl,램프받침,312,26,,,,0,7,1,900,,,,hs_festival,0
341,models/props_fairgrounds/milk_bottle.mdl,우유병,312,26,,,,0,7,1,900,,,,hs_festival,0
343,models/props_foliage/flower_barrel.mdl,화분,312,26,,,,0,7,1,900,,,,hs_festival,0
344,models/props_equipment/cooler.mdl,냉장고,312,26,,,,0,7,1,900,,,,hs_festival,0
345,models/props_downtown/metal_door_112.mdl,철제문,312,26,,,,0,7,1,900,,,,,0
346,models/props_rooftop/train_signalbox_01.mdl,신호소,312,26,,,,0,7,1,900,,,,hs2_estate|hs2_cargoship|sudden|hs_festival,0
347,models/props_furniture/cafe_barstool1.mdl,원형의자,312,26,,,,0,7,1,900,,,,hs_festival,0
348,models/props_interiors/table_kitchen.mdl,사용않음,312,26,,,,0,7,1,900,,,,,0
349,models/props_interiors/table_folding.mdl,접이식책상,312,26,,,,0,7,1,900,,,,hs2_phouse,0
351,models/props_urban/plastic_flamingo001.mdl,모형홍학,312,26,,,,0,7,1,900,,,,,0
352,models/props_junk/wood_crate001a.mdl,나무상자,312,26,,,,0,7,1,900,,,,hs_festival|de_tides,0
353,models/props_fairgrounds/metal_cart2.mdl,운반카트,312,26,,,,0,7,1,900,,,,hs_festival|hs2_phouse,0
354,models/props_equipment/phone_booth.mdl,전화부스,312,26,,,,0,7,1,900,,,,hs_festival,0
355,models/props_rooftop/acunit01.mdl,실외기,312,26,,,,0,7,1,900,,,,hs_festival,0
356,models/props_bc/street/bc_street_light04.mdl,가로등,312,26,,,730,1,6,4,1800,,,,hs_festival,0
357,models/props_c17/canister02a.mdl,가스통A,312,26,,,480,0,4,2,1800,,,,hs_festival,0
358,models/props_c17/canister_propane01a.mdl,가스통B,312,26,,,,0,7,1,900,,,,hs_festival,0
359,models/props_interiors/stove03_industrial.mdl,스토브,312,26,,,,0,7,1,900,,,,hs2_office|de_cbble|de_vantage|hs_festival,0
360,models/props_equipment/fountain_drinks.mdl,음료자판기,312,26,,,290,1,5,2,1800,,,,hs_festival,0
361,models/props_c17/cashregister01a.mdl,금전등록기,312,26,,,,0,7,1,900,,,,hs_festival,0
362,models/props_interiors/bbq_grill.mdl,바베큐그릴,312,26,,,,0,7,1,900,,,,hs_festival,0
363,models/props_signs/sign_street_05.mdl,나무간판,312,26,,,,0,7,1,900,,,,hs_festival,0
367,models/props_vehicles/car002b.mdl,폐차A,312,26,,,480,0,5,3,2700,16|4|0,,,hs2_office|de_cbble|de_vantage|hs_dust2,0
368,models/props_vehicles/car003b.mdl,폐차B,312,26,,,480,0,5,3,2700,16|-2|0,,,hs2_office|de_cbble|de_vantage|hs_dust2,0
369,models/props_vehicles/car004a.mdl,폐차C,312,26,,,480,0,5,3,2700,16|2|0,,,hs2_office|de_cbble|de_vantage|hs_dust2,0
370,models/props/de_dust/stoneblock01a.mdl,벽돌더미,312,26,,,480,0,5,3,2700,,,,hs_dust2,0
371,models/props/de_tides/Vending_tshirt.mdl,티셔츠,312,26,,,,0,7,1,900,,,,de_tides,0
372,models/props/de_tides/Vending_hat.mdl,캡모자,312,26,,,,0,7,1,900,,,,de_tides|summer2016,0
373,models/props/de_tides/Vending_cart01.mdl,카트B,312,26,,,,0,7,1,900,,,,de_tides,0
374,models/props/de_tides/menu_stand.mdl,메뉴판,312,26,,,,0,7,1,900,,,,de_tides,0
375,models/props/de_tides/tides_banner_A.mdl,현수막,312,26,,,,0,7,1,900,,,,,0
376,models/props/de_tides/tides_flag_A.mdl,깃발,312,26,,,,0,7,1,900,0|86|0,,,hs2_italy2|de_tides,0
377,models/props_wasteland/barricade001a.mdl,바리케이드,312,26,,,60,0,4,1,900,,,,hs2_estate|de_tides,0
378,models/props/de_tides/gate_low.mdl,철문,312,26,,,480,0,4,2,1800,,,,de_tides,0
379,models/props_trainstation/BenchOutdoor01a.mdl,나무벤치D,312,26,,,,0,7,1,900,,,,de_tides,0
380,models/props/de_tides/planter.mdl,화분J,312,26,,,,0,7,1,900,,,,de_tides,0
381,models/props_foliage/urban_tree_giant02_small.mdl,나무F,312,26,,,,0,7,1,900,,,,,0
382,models/props/de_tides/de_tides_sign01.mdl,작은간판A,312,26,,,,0,7,1,900,,,,de_tides,0
383,models/props/de_tides/de_tides_sign02.mdl,작은간판B,312,26,,,,0,7,1,900,,,,,0
384,models/props_fortifications/orange_cone001_clientside.mdl,도로 표지B,312,26,,,,0,7,1,900,,,,hs2_estate|sudden,0
385,models/props_street/trashbin01.mdl,쓰레기통H,312,26,,,,0,7,1,900,,-10|-10|0,10|10|36,hs2_estate|hs2_studio|sudden,0
386,models/maps/de_vantage/de_vantage_streetpalm02.mdl,야자수A,312,26,,,730,1,6,4,3600,,,,,0
388,models/props/cs_assault/camera.mdl,감시카메라,312,26,,,,0,7,1,900,0|-16|32,-16|-16|0,16|16|40,,0
389,models/props_foliage/urban_pot_clay01.mdl,화분K,312,26,,,230,1,4,1,900,,-8|-8|0,8|8|20,hs2_estate|hs2_phouse,0
390,models/props/cs_assault/wall_wires2.mdl,전기배선,312,26,,,,0,7,1,900,,,,,0
391,models/maps/cs_estate/cs_estate_parasol01.mdl,파라솔B,312,26,,,,0,7,1,900,,,,hs2_estate|hs2_phouse|summer2016,0
392,models/maps/cs_estate/cs_estate_sunbed01.mdl,선베드,312,26,,,230,1,4,2,900,32|0|0,,,hs2_estate|summer2016,0
393,models/maps/cs_estate/cs_estate_sunbed01a.mdl,쿠션,312,26,,,,0,7,1,900,,,,hs2_estate|hs2_phouse|summer2016,0
394,models/maps/cs_estate/cs_estate_cabinet01.mdl,캐비닛E,312,26,,,230,1,4,2,900,-12|0|0,-12|-12|0,12|12|40,hs2_estate|hs2_phouse,0
395,models/maps/cs_estate/cs_estate_statue03.mdl,조각상B,312,26,,,,0,7,1,900,,-10|-10|0,10|10|20,hs2_estate|hs2_phouse,0
396,models/props_foliage/urban_pot_bigplant01.mdl,화분L,312,26,,,,0,7,1,900,,-8|-8|0,8|8|32,hs2_estate|hs2_phouse,0
397,models/props_interiors/bookcase_64_96.mdl,책장B,312,26,,,290,1,5,2,900,,,,hs2_estate|hs2_phouse,0
398,models/prop/junk/book04.mdl,책B,312,26,,,,0,7,1,900,,,,hs2_estate|hs2_phouse,0
399,models/maps/cs_estate/cs_estate_chair01a.mdl,의자G,312,26,,,,0,7,1,900,8|0|0,-10|-10|0,10|10|30,hs2_estate|hs2_phouse,0
400,models/maps/cs_estate/cs_estate_chair01b.mdl,의자H,312,26,,,,0,7,1,900,,,,hs2_estate|hs2_phouse,0
401,models/maps/cs_estate/cs_estate_chair02.mdl,의자I,312,26,,,,0,7,1,900,,,,hs2_estate|hs2_phouse,0
402,models/maps/cs_estate/cs_estate_statue01.mdl,조각상A,312,26,,,,0,7,1,900,,,,hs2_estate|hs2_phouse,0
403,models/props/de_inferno/claypot01.mdl,도자기E,312,26,,,,0,7,1,900,,-10|-10|0,10|10|40,hs2_estate|hs2_phouse,0
404,models/maps/cs_estate/cs_estate_server01.mdl,서버,312,26,,,,0,7,1,900,,,,hs2_estate,0
405,models/maps/cs_estate/cs_estate_bathtub01.mdl,욕조,312,26,,,,0,7,1,900,-32|0|0,,,hs2_estate|hs2_phouse|summer2016,0
406,models/maps/hs_studio/hs_lightstand03.mdl,조명 기구D,312,26,,,,0,7,1,900,,,,hs2_studio,0
407,models/props_office/computer_monitor_01.mdl,LCD 모니터,312,26,,,,0,7,1,900,,,,hs2_office|hs2_estate|hs2_studio|hs2_phouse,0
408,models/props/cs_office/coffee_mug.mdl,머그컵,312,26,,,,0,7,1,900,,-4|-4|0,4|4|10,hs2_office|hs2_estate|hs2_studio|sudden|hs2_phouse,0
409,models/props_junk/cardboard_box001a.mdl,종이상자,312,26,,,,0,7,1,900,,,,sudden,0
410,models/maps/dm_uprising/dm_uprising_container01.mdl,컨테이너B,312,26,,,,0,7,1,900,,,,hs2_italy2|hs2_assault|hs2_office|hs2_estate|hs2_cargoship|hs2_studio|sudden,0
500,models/player/ct_gign/ct_gign.mdl ,장피에르,312,26,,,,0,7,1,900,,,,hs2_italy2|hs2_assault|hs2_office|hs2_estate|hs2_cargoship|hs2_studio|sudden|hs2_phouse,0
501,models/player/ct_sas/ct_sas.mdl ,라이언,312,26,,,,0,7,1,900,,,,,0
502,models/maps/hs_italy2/hs_italy2_crate01.mdl,과일박스,312,26,,,,0,7,1,900,,,,hs2_italy2|sudden,0
503,models/props_vehicles/carparts_axel01a.mdl,차부품A,312,26,,,,0,7,1,900,,,,hs2_italy2,0
504,models/props_vehicles/carparts_muffler01a.mdl,차부품B,312,26,,,,0,7,1,900,-10|4|0,-8|-8|0,8|8|6,hs2_italy2,0
505,models/zombie/normal/zombie_normal.mdl ,좀비,312,26,,,,0,7,1,900,,,,,0
506,models/zombie/lighthost/zombie_lighthost.mdl ,귀신,312,26,,,,0,7,1,900,,,,,0
507,models/player/nt_pig/nt_bluepig.mdl ,돼지,312,26,,,,0,7,1,900,,,,,0
508,models/npc/hospital/npc_hospital.mdl ,인질,312,26,,,,0,7,1,900,,,,,0
509,models/npc/npc_ghost/npc_ghost01.mdl ,유령,312,26,,,,0,7,1,900,,,,,0
510,models/hide/hide_mobileturret.mdl,터렛,312,26,,,,0,7,1,900,,,,hs2_italy2|hs2_assault|hs2_office|hs2_estate|hs2_cargoship|sudden,0
511,models/props/de_port/cargo_container01.mdl ,컨테이너A,312,26,,,,0,7,1,900,,,,hs2_italy2|hs2_assault|hs2_office|hs2_estate|hs2_cargoship|hs2_studio|sudden,0
512,models/props_unique/wheelchair01.mdl ,휠체어,312,26,,,,0,7,1,900,,,,hs2_italy2|hs2_assault|hs2_office|hs2_estate,0
514,models/props_fairgrounds/swan_boat.mdl ,백조보트,312,26,,,,0,7,1,900,,-16|-16|0,16|16|16,hs2_italy2|hs2_assault|hs2_office|hs2_estate|hs2_cargoship|summer2016,0
515,models/maps/de_inferno/de_inferno_lionfountain01.mdl,사자분수대,312,26,,,,0,7,1,900,-10|0|0,-16|-16|0,16|16|40,hs2_italy2,0
516,models/props/cs_assault/MoneyPallet02.mdl,현금다발A,312,26,,,290,1,4,2,1800,,,,hs2_assault|hs2_cargoship|sudden,0
517,models/props/cs_assault/MoneyPallet_WasherDryer.mdl,화물상자더미,312,26,,,,0,7,1,900,,,,hs2_assault|hs2_cargoship|sudden,0
518,models/props/cs_assault/MoneyPallet03.mdl,현금다발B,312,26,,,,0,7,1,900,,,,hs2_assault|hs2_cargoship|sudden|hs2_phouse,0
519,models/hide/hide_monkey.mdl,원숭이인형,312,26,,,,0,7,1,900,,,,,0
520,models/hide/hide_helucketbag.mdl,복주머니,312,26,,,,0,7,1,900,,,,,0
521,models/hide/hide_bc_bus01.mdl,귀성버스,312,26,,,,0,7,1,900,,,,,0
522,models/hide/hide_bc_car01.mdl,귀성차량,312,26,,,,0,7,1,900,,,,,0
523,models/hide/hide_zd_van01.mdl,귀성밴,312,26,,,,0,7,1,900,,,,,0
524,models/hide/hide_bc_taxi01.mdl,귀성택시,312,26,,,,0,7,1,900,,,,,0
525,models/hide/hide_jeep.mdl,귀성지프,312,26,,,,0,7,1,900,,,,,0
526,models/hide/hide_bc_polcar01.mdl,경찰차,312,26,,,,0,7,1,900,,,,,0
527,models/hide/hide_robothead.mdl,로봇머리,312,26,,,,0,7,1,900,,,,,0
528,models/hide/hide_robotleg.mdl,로봇다리,312,26,,,,0,7,1,900,,,,,0
529,models/hide/hide_robotarm_l.mdl,로봇팔,312,26,,,,0,7,1,900,,,,,0
530,models/hide/hide_robotarm_r.mdl,로봇팔,312,26,,,,0,7,1,900,,,,,0
531,models/hide/hide_brokenheart.mdl,반쪽하트,312,26,,,,0,7,1,900,,,,,0
532,models/maps/de_vantage/de_vantage_streetpalm01.mdl,야자수B,312,26,,,,0,7,1,100,,,,,0
533,models/maps/de_vantage/de_vantage_streetpalm03.mdl,야자수C,312,26,,,,0,7,1,100,,,,,0
534,models/props_foliage/mall_big_plant01.mdl,관엽식물A,312,26,,,,0,7,1,100,,,,hs2_phouse,0
535,models/maps/hs2_phouse/hs2_phouse_sunbed01.mdl,선베드B,312,26,,,,0,7,1,100,,,,hs2_phouse|summer2016,0
536,models/maps/hs2_phouse/hs2_phouse_brazier01.mdl,화로,312,26,,,,0,7,1,100,,,,hs2_phouse,0
537,models/props_fairgrounds/amp_stack.mdl,앰프C,312,26,,,,0,7,1,100,,,,hs2_phouse,0
538,models/props_fairgrounds/bass_monitor.mdl,배스모니터,312,26,,,,0,7,1,100,,,,hs2_phouse,0
539,models/props_foliage/mall_bigleaves_plant01.mdl,관엽식물B,312,26,,,,0,7,1,100,,,,hs2_phouse,0
540,models/maps/hs2_phouse/hs2_phouse_chair01.mdl,바 의자,312,26,,,,0,7,1,100,,,,hs2_phouse,0
541,models/maps/hs2_phouse/hs2_phouse_poker_table01.mdl,포커 테이블,312,26,,,,0,7,1,100,,,,hs2_phouse,0
542,models/maps/hs2_phouse/hs2_phouse_poker_chair01.mdl,고급 의자,312,26,,,,0,7,1,100,,,,hs2_phouse,0
543,models/maps/hs2_phouse/hs2_phouse_curtain01.mdl,커튼A,312,26,,,,0,7,1,100,,-16|-16|0,16|16|40,hs2_phouse,0
544,models/maps/hs2_phouse/hs2_phouse_curtain02.mdl,커튼B,312,26,,,,0,7,1,100,,-16|-16|0,16|16|40,hs2_phouse,0
545,models/maps/cs_estate/cs_estate_redlight01.mdl,붉은 조명,312,26,,,,0,7,1,100,,-8|-8|0,8|8|12,hs2_phouse,0
546,models/maps/hs2_phouse/hs2_phouse_bookcase01.mdl,책장,312,26,,,,0,7,1,100,,,,hs2_phouse,0
547,models/maps/hs2_phouse/hs2_phouse_bed01.mdl,보스의 침대,312,26,,,730,0,6,4,3600,,,,hs2_phouse,0
548,models/props_fairgrounds/monitor_speaker.mdl,스피커B,312,26,,,,0,7,1,100,,,,hs2_phouse,0
549,models/maps/dm_uprising/dm_uprising_container01.mdl,컨테이너,312,26,,,,0,7,1,100,,,,,0
550,models/maps/cs_estate/cs_estate_billard01.mdl,당구대,312,26,,,,0,7,1,100,,,,,0
551,models/props_downtown/dresser.mdl,서랍 책상,312,26,,,290,1,6,3,1800,,,,,0
552,models/props_foliage/urban_pot_clay02.mdl,화분M,312,26,,,,0,7,1,100,,,,,0
553,models/maps/cs_estate/cs_estate_computer_monitor01.mdl,모니터C,312,26,,,,0,7,1,100,,,,,0
554,models/maps/cs_estate/cs_estate_billard02.mdl,당구채,312,26,,,,0,7,1,100,,,,,0
555,models/maps/cs_italy/cs_italy_cheese01.mdl,치즈 덩어리,312,26,,,,0,7,1,100,,,,,0
556,models/maps/cs_estate/cs_estate_statue02.mdl,조각상,312,26,,,,0,7,1,100,,,,,0
557,models/props_fairgrounds/front_speaker.mdl,전면 스피커,312,26,,,,0,7,1,100,,,,,0
558,models/maps/cs_italy/cs_italy_fruit_box03.mdl,빈 좌판,312,26,,,,0,7,1,100,,,,,0
559,models/maps/de_vantage/de_vantage_gas_cylinder01_set.mdl,가스통,312,26,,,,0,7,1,100,,,,,0
560,models/hide/hide_santa.mdl,산타클로스키,312,26,,,,0,7,1,900,,,,winter2016,0
561,models/hide/hide_rudolph.mdl,루돌프냐,312,26,,,,0,7,1,900,,,,winter2016,0
562,models/hide/hide_xmas_santa.mdl ,큰 산타 동상,312,26,,,,0,7,1,900,,,,winter2016,0
563,models/hide/hide_xmas_rudolph.mdl,큰 루돌프 동상,312,26,,,,0,7,1,900,,,,winter2016,0
564,models/hide/hide_xmas_deco.mdl ,크리스마스 문 장식,312,26,,,,0,7,1,900,,,,winter2016,0
565,models/hide/hide_xmas_candle.mdl ,크리스마스 촛불,312,26,,,,0,7,1,900,,,,winter2016,0
566,models/player/ct_lisa03/ct_lisa03.mdl,호두까기 리사,312,26,,,,0,7,1,900,,,,,0
567,models/player/tr_mila03/tr_mila03.mdl,호두까기 밀라,312,26,,,,0,7,1,900,,,,,0
568,models/hide/hide_dog01.mdl ,황금 진돗개 동상,312,26,,,,0,7,1,900,,,,winter2016,0
569,models/hide/hide_xmas_small_santa01.mdl,산타 동상1,312,26,,,,0,7,1,900,,,,winter2016,0
570,models/hide/hide_xmas_small_santa02.mdl,산타 동상2,312,26,,,,0,7,1,900,,,,winter2016,0
571,models/hide/hide_xmas_small_rudolph01.mdl,루돌프 동상1,312,26,,,,0,7,1,900,,,,winter2016,0
572,models/hide/hide_xmas_small_rudolph02.mdl,루돌프 동상2,312,26,,,,0,7,1,900,,,,winter2016,0
1001,models/hide/ActionProp/hide_securityguard.mdl,보디가드,312,26,Hide.ActionProp.SecurityGuard.Act01,,,0,7,1,900,,,,hs2_italy2|hs2_assault|hs2_office|hs2_estate|hs2_cargoship|hs2_studio|sudden|de_inferno|cs_militia|de_cbble|de_vantage|de_cornerwork|de_highland|cs_aquarium|hs_festival|hs_dust2|de_tides|action|hs2_phouse,0
1002,models/hide/ActionProp/hide_horse.mdl,동상A,312,26,Hide.ActionProp.Horse,,,0,7,1,900,,,,hs2_italy2|hs2_assault|hs2_office|hs2_estate|hs2_cargoship|hs2_studio|sudden|de_inferno|cs_militia|de_cbble|de_vantage|de_cornerwork|de_highland|cs_aquarium|hs_festival|hs_dust2|de_tides|action|hs2_phouse,0
1003,models/hide/ActionProp/hide_phone.mdl,전화기B,312,26,Hide.ActionProp.Phone,,,0,7,1,900,,,,hs2_italy2|hs2_assault|hs2_office|hs2_estate|hs2_cargoship|hs2_studio|sudden|de_inferno|cs_militia|de_cbble|de_vantage|de_cornerwork|de_highland|cs_aquarium|hs_festival|hs_dust2|de_tides|action|hs2_phouse,0
1004,models/hide/ActionProp/hide_italytree.mdl,나무A,312,26,Hide.ActionProp.ItalyTree,,,0,7,1,900,,,,hs2_italy2|hs2_assault|hs2_office|hs2_estate|hs2_cargoship|hs2_studio|sudden|de_inferno|cs_militia|de_cbble|de_vantage|de_cornerwork|de_highland|cs_aquarium|hs_festival|hs_dust2|de_tides|action|hs2_phouse,0
1005,models/hide/ActionProp/hide_vending_turtle.mdl,거북이인형,312,26,Hide.ActionProp.VendingTurtle,,,0,7,1,900,,,,hs2_italy2|hs2_assault|hs2_office|hs2_estate|hs2_cargoship|hs2_studio|sudden|de_inferno|cs_militia|de_cbble|de_vantage|de_cornerwork|de_highland|cs_aquarium|hs_festival|hs_dust2|de_tides|action|hs2_phouse,0
1006,models/hide/ActionProp/hide_fire_extinguisher.mdl,소화기,312,26,Hide.ActionProp.FireExtinguisher,,,0,7,1,900,-4|0|0,-4|-4|0,4|4|24,hs2_estate|hs2_cargoship|hs2_studio|sudden|de_inferno|cs_militia|de_cbble|de_vantage|de_cornerwork|de_highland|cs_aquarium|hs_festival|hs_dust2|de_tides|action|hs2_phouse,0
1007,models/hide/ActionProp/hide_toilet.mdl,변기통,312,26,Hide.ActionProp.Toilet,,,0,7,1,900,,,,hs2_italy2|hs2_assault|hs2_office|hs2_estate|hs2_cargoship|hs2_studio|sudden|de_inferno|cs_militia|de_cbble|de_vantage|de_cornerwork|de_highland|cs_aquarium|hs_festival|hs_dust2|de_tides|action|hs2_phouse,0
1008,models/hide/ActionProp/hide_file_cabinet_01.mdl,캐비닛D,312,26,Hide.ActionProp.FileCabinet,,,0,7,1,900,,,,hs2_assault|hs2_office|hs2_estate|hs2_cargoship|hs2_studio|sudden|de_inferno|cs_militia|de_cbble|de_vantage|de_cornerwork|de_highland|cs_aquarium|hs_festival|hs_dust2|de_tides|action|hs2_phouse,0
1009,models/hide/ActionProp/hide_oildrum001.mdl,기름통,312,26,Hide.ActionProp.OilDrum,,,0,7,1,900,,,,hs2_italy2|hs2_assault|hs2_office|hs2_estate|hs2_cargoship|hs2_studio|sudden|de_inferno|cs_militia|de_cbble|de_vantage|de_cornerwork|de_highland|cs_aquarium|hs_festival|hs_dust2|de_tides|action|hs2_phouse,0
1010,models/hide/ActionProp/hide_vending_machine.mdl,자판기,312,26,Hide.ActionProp.VendingMachine,,,0,7,1,900,,,,hs2_italy2|hs2_assault|hs2_office|hs2_estate|hs2_cargoship|hs2_studio|sudden|de_inferno|cs_militia|de_cbble|de_vantage|de_cornerwork|de_highland|cs_aquarium|hs_festival|hs_dust2|de_tides|action|hs2_phouse,0
2001,models/maps/zd_common/zd_constructor_crate_64.mdl,건축가변이,312,26,,2000,500,0,7,1,4500,,,,,0
2002,models/maps/zd_common/zd_constructor_crate_96.mdl,건축가변이,312,26,,4000,750,0,7,1,4500,,,,,0
2003,models/maps/zd_common/zd_constructor_crate_128.mdl,건축가변이,312,26,,8000,1000,0,7,1,4500,,,,,0
2004,models/maps/zd_common/zd_constructor_stair_32x64.mdl,건축가변이,312,26,,,480,0,7,1,4500,,,,,0
2005,models/maps/zd_common/zd_constructor_stair_32x128.mdl,건축가변이,312,26,,,480,0,7,1,4500,,,,,0
2006,models/maps/zd_common/zd_constructor_stair_64x64.mdl,건축가변이,312,26,,,480,0,7,1,4500,,,,,0
2007,models/maps/zd_common/zd_constructor_stair_64x128.mdl,건축가변이,312,26,,,480,0,7,1,4500,,,,,0
2008,models/maps/zd_common/zd_constructor_window_64.mdl,건축가변이,312,26,,,480,0,7,1,4500,,,,,0
2009,models/maps/zd_common/zd_constructor_window_96.mdl,건축가변이,312,26,,,480,0,7,1,4500,,,,,0
2010,models/maps/zd_common/zd_constructor_window_96x64.mdl,건축가변이,312,26,,,480,0,7,1,4500,,,,,0
2011,models/maps/zd_common/zd_constructor_window_128.mdl,건축가변이,312,26,,,480,0,7,1,4500,,,,,0
2012,models/maps/zd_common/zd_constructor_window_128x64.mdl,건축가변이,312,26,,,480,0,7,1,4500,,,,,0
2013,models/props_street/chainlinkfencedamage_01.mdl,좀비레벨프랍,312,26,,,480,0,7,1,4500,,,,,0
2014,models/props_street/chainlinkfencedamage_02.mdl,좀비레벨프랍,312,26,,,480,0,7,1,4500,,,,,0
2015,models/props_c17/fence01a.mdl,좀비레벨프랍,312,26,,,480,0,7,1,4500,,,,,0
2016,models/props_c17/fence01b.mdl,좀비레벨프랍,312,26,,,480,0,7,1,4500,,,,,0
2017,models/props_c17/fence02a.mdl,좀비레벨프랍,312,26,,,480,0,7,1,4500,,,,,0
2018,models/props_c17/fence02b.mdl,좀비레벨프랍,312,26,,,480,0,7,1,4500,,,,,0
2019,models/props_c17/fence03a.mdl,좀비레벨프랍,312,26,,,480,0,7,1,4500,,,,,0
2020,models/props_c17/fence04a.mdl,좀비레벨프랍,312,26,,,480,0,7,1,4500,,,,,0
2021,models/props_wasteland/exterior_fence001a.mdl,좀비레벨프랍,312,26,,,480,0,7,1,4500,,,,,0
2022,models/props_wasteland/exterior_fence001b.mdl,좀비레벨프랍,312,26,,,480,0,7,1,4500,,,,,0
2023,models/props_wasteland/exterior_fence002a.mdl,좀비레벨프랍,312,26,,,480,0,7,1,4500,,,,,0
2024,models/props_wasteland/exterior_fence002b.mdl,좀비레벨프랍,312,26,,,480,0,7,1,4500,,,,,0
2025,models/props_wasteland/exterior_fence002c.mdl,좀비레벨프랍,312,26,,,480,0,7,1,4500,,,,,0
2026,models/props_wasteland/exterior_fence002d.mdl,좀비레벨프랍,312,26,,,480,0,7,1,4500,,,,,0
2027,models/props_wasteland/exterior_fence002e.mdl,좀비레벨프랍,312,26,,,480,0,7,1,4500,,,,,0
2028,models/props_wasteland/exterior_fence003a.mdl,좀비레벨프랍,312,26,,,480,0,7,1,4500,,,,,0
2029,models/props_wasteland/exterior_fence003b.mdl,좀비레벨프랍,312,26,,,480,0,7,1,4500,,,,,0
2030,models/props_wasteland/interior_fence001a.mdl,좀비레벨프랍,312,26,,,480,0,7,1,4500,,,,,0
2031,models/props_wasteland/interior_fence001g.mdl,좀비레벨프랍,312,26,,,480,0,7,1,4500,,,,,0
2032,models/props_wasteland/interior_fence002a.mdl,좀비레벨프랍,312,26,,,480,0,7,1,4500,,,,,0
2033,models/props_wasteland/interior_fence002b.mdl,좀비레벨프랍,312,26,,,480,0,7,1,4500,,,,,0
2034,models/props_wasteland/interior_fence002c.mdl,좀비레벨프랍,312,26,,,480,0,7,1,4500,,,,,0
2035,models/props_wasteland/interior_fence002d.mdl,좀비레벨프랍,312,26,,,480,0,7,1,4500,,,,,0
2036,models/props_wasteland/interior_fence002e.mdl,좀비레벨프랍,312,26,,,480,0,7,1,4500,,,,,0
2037,models/props_wasteland/interior_fence002f.mdl,좀비레벨프랍,312,26,,,480,0,7,1,4500,,,,,0
2038,models/props_wasteland/interior_fence003a.mdl,좀비레벨프랍,312,26,,,480,0,7,1,4500,,,,,0
2039,models/props_wasteland/interior_fence003b.mdl,좀비레벨프랍,312,26,,,480,0,7,1,4500,,,,,0
2040,models/props_wasteland/interior_fence003d.mdl,좀비레벨프랍,312,26,,,480,0,7,1,4500,,,,,0
2041,models/props_wasteland/interior_fence003e.mdl,좀비레벨프랍,312,26,,,480,0,7,1,4500,,,,,0
2042,models/props_wasteland/interior_fence001b.mdl,좀비레벨프랍,312,26,,,480,0,7,1,4500,,,,,0
2043,models/props_wasteland/interior_fence001c.mdl,좀비레벨프랍,312,26,,,480,0,7,1,4500,,,,,0
2044,models/props_wasteland/interior_fence001d.mdl,좀비레벨프랍,312,26,,,480,0,7,1,4500,,,,,0
2045,models/props_wasteland/interior_fence001e.mdl,좀비레벨프랍,312,26,,,480,0,7,1,4500,,,,,0
2046,models/props_wasteland/interior_fence003f.mdl,좀비레벨프랍,312,26,,,480,0,7,1,4500,,,,,0
2047,models/props_wasteland/interior_fence004a.mdl,좀비레벨프랍,312,26,,,480,0,7,1,4500,,,,,0
2048,models/props_wasteland/interior_fence004b.mdl,좀비레벨프랍,312,26,,,480,0,7,1,4500,,,,,0
2049,models/maps/props/door/door_italydoor01_pillar.mdl,좀비레벨프랍,312,26,,,480,0,7,1,4500,,,,,0
2050,models/maps/props/door/door_italydoor01_01.mdl,좀비레벨프랍,312,26,,,480,0,7,1,4500,,,,,0
2051,models/maps/de_vantage/de_vantage_metalpanels02.mdl,좀비레벨프랍,312,26,,,480,0,7,1,4500,,,,,0
2052,models/maps/de_vantage/de_vantage_metalpanels03.mdl,좀비레벨프랍,312,26,,,480,0,7,1,4500,,,,,0
2053,models/maps/dm_killhouse/dm_killhouse_sandbag01.mdl,좀비레벨프랍,312,26,,,480,0,7,1,4500,,,,,0
2054,models/maps/dm_killhouse/dm_killhouse_sandbag01_wood.mdl,좀비레벨프랍,312,26,,,480,0,7,1,4500,,,,,0
2055,models/props_debris/concrete_debris256barricade001a.mdl,좀비레벨프랍,312,26,,,480,0,7,1,4500,,,,,0
2056,models/maps/dm_sa01/dm_sa01_iron_cabinet01.mdl,좀비레벨프랍,312,26,,,480,0,7,1,4500,,,,,0
2057,models/maps/dm_sa01/dm_sa01_paperbox01.mdl,좀비레벨프랍,312,26,,,480,0,7,1,4500,,,,,0
2058,models/maps/dm_sa01/dm_sa01_cabinet02.mdl,좀비레벨프랍,312,26,,,480,0,7,1,4500,,,,,0
2059,models/props_rooftop/acvent03.mdl,좀비레벨프랍,312,26,,,480,0,7,1,4500,,,,,0
2060,models/props_debris/metal_panel01a.mdl,좀비레벨프랍,312,26,,,480,0,7,1,4500,,,,,0
2061,models/props_debris/metal_panel02a.mdl,좀비레벨프랍,312,26,,,480,0,7,1,4500,,,,,0
2062,models/props/de_prodigy/concretebags3.mdl,좀비레벨프랍,312,26,,,480,0,7,1,4500,,,,,0
2063,models/props_wasteland/prison_gate001b.mdl,좀비레벨프랍,312,26,,,480,0,7,1,4500,,,,,0
2064,models/maps/de_aztec/de_aztec_stonepillar01_01.mdl,좀비레벨프랍,312,26,,,480,0,7,1,4500,,,,,0
2065,models/maps/de_aztec/de_aztec_stonepillar01_02.mdl,좀비레벨프랍,312,26,,,480,0,7,1,4500,,,,,0
2066,models/maps/de_aztec/de_aztec_stonepillar01.mdl,좀비레벨프랍,312,26,,,480,0,7,1,4500,,,,,0
2067,models/maps/de_aztec/de_aztec_stoneset01.mdl,좀비레벨프랍,312,26,,,480,0,7,1,4500,,,,,0
2068,models/maps/de_aztec/de_aztec_doors01.mdl,좀비레벨프랍,312,26,,,480,0,7,1,4500,,,,,0
2069,models/props/de_inferno/scaffolding.mdl,좀비레벨프랍,312,26,,,480,0,7,1,4500,,,,,0
2070,models/maps/de_dust2/de_dust2_doors01.mdl,좀비레벨프랍,312,26,,,480,0,7,1,4500,,,,,0
2071,models/props_urban/round_table001.mdl,좀비레벨프랍,312,26,,,480,0,7,1,4500,,,,,0
2072,models/props_urban/wood_fence002_128.mdl,좀비레벨프랍,312,26,,,480,0,7,1,4500,,,,,0
2073,models/maps/dm_shutdown/dm_shutdown_broken01.mdl,좀비레벨프랍,312,26,,,480,0,7,1,4500,,,,,0
2074,models/props_mill/pipeset08d_128_001a.mdl,좀비레벨프랍,312,26,,,480,0,7,1,4500,,,,,0
2075,models/maps/zd_internal/zd_internal_frame01.mdl,좀비레벨프랍,312,26,,,480,0,7,1,4500,,,,,0
2076,models/maps/zd_internal/zd_internal_concretebags03.mdl,좀비레벨프랍,312,26,,,480,0,7,1,4500,,,,,0
2077,models/props_mill/pipeset08d_64_001a.mdl,좀비레벨프랍,312,26,,,480,0,7,1,4500,,,,,0
2078,models/props_c17/gate_door01a.mdl,좀비레벨프랍,312,26,,,480,0,7,1,4500,,,,,0
2079,models/maps/hs2_phouse/hs2_phouse_stagescaffold01.mdl,좀비레벨프랍,312,26,,,480,0,7,1,4500,,,,,0
2080,models/maps/zd_internal/zd_internal_tunnel_scaffolding02.mdl,좀비레벨프랍,312,26,,,480,0,7,1,4500,,,,,0
2081,models/props_wasteland/wood_fence01a.mdl,좀비레벨프랍,312,26,,,480,0,7,1,4500,,,,,0
2082,models/props_wasteland/wood_fence02a.mdl,좀비레벨프랍,312,26,,,480,0,7,1,4500,,,,,0
2083,models/maps/zc_common/zc_zombie_gate01.mdl,좀비레벨프랍,312,26,,,480,0,7,1,4500,,,,,0
2084,models/maps/zd_park/zd_park_zombie_gate01.mdl,좀비레벨프랍,312,26,,,480,0,7,1,4500,,,,,0
2085,models/maps/zd_park/zd_park_zombie_gate02a.mdl,좀비레벨프랍,312,26,,,480,0,7,1,4500,,,,,0
2086,models/maps/zd_common/zd_upgrade_machine03.mdl,좀비레벨프랍,312,26,,,480,0,7,1,4500,,,,,0
2087,models/props/mabi_item/mboss_supply_02.mdl,보급소,312,26,,,480,0,7,1,4500,,,,,0
2088,models/maps/tuto/tuto_target_01.mdl,좀비레벨프랍,312,26,,,480,0,7,1,4500,,,,,0
2089,models/props_debris/wood_board07a.mdl,좀비레벨프랍,312,26,,,480,0,7,1,4500,,,,,0
2090,models/props_debris/barricade_tall01a.mdl,좀비레벨프랍,312,26,,,480,0,7,1,4500,,,,,0
2091,models/props_mill/pipeset08d_corner128d_001a.mdl,좀비레벨프랍,312,26,,,480,0,7,1,4500,,,,,0
2092,models/props_mill/pipeset08d_256_001a.mdl,좀비레벨프랍,312,26,,,480,0,7,1,4500,,,,,0
2093,models/maps/cs_assault/cs_assault_metalwall045b.mdl,좀비레벨프랍,312,26,,,480,0,7,1,4500,,,,,0
2094,models/props/cs_militia/vent01.mdl,좀비레벨프랍,312,26,,,480,0,7,1,4500,,,,,0
2095,models/props_street/electrical_box01.mdl,좀비레벨프랍,312,26,,,480,0,7,1,4500,,,,,0
2096,models/props_pipes/pipeset02d_128_001a.mdl,좀비레벨프랍,312,26,,,480,0,7,1,4500,,,,,0
2097,models/props_pipes/pipeset02d_64_001a.mdl,좀비레벨프랍,312,26,,,480,0,7,1,4500,,,,,0
2098,models/props_pipes/pipeset02d_512_001a.mdl,좀비레벨프랍,312,26,,,480,0,7,1,4500,,,,,0
2099,models/props_debris/wood_board04a.mdl,좀비레벨프랍,312,26,,,480,0,7,1,4500,,,,,0
2100,models/props_bc/tree/bc_hedge_02.mdl,좀비레벨프랍,312,26,,,480,0,7,1,4500,,,,,0
2101,models/props_vents/vent_medium_grill001.mdl,좀비레벨프랍,312,26,,,480,0,7,1,4500,,,,,0
2102,models/props_vents/vent_medium_grill002.mdl,좀비레벨프랍,312,26,,,480,0,7,1,4500,,,,,0
2103,models/props_debris/barricade_tall02a.mdl,좀비레벨프랍,312,26,,,480,0,7,1,4500,,,,,0
2104,models/maps/dm_killhouse/dm_killhouse_concrete01.mdl,좀비레벨프랍,312,26,,,480,0,7,1,4500,,,,,0
2105,models/props/de_nuke/crate_extrasmall.mdl,좀비레벨프랍,312,52,,,300,0,7,1,900,,,,,0
2106,models/props/cs_militia/vent01_closed.mdl,좀비레벨프랍,312,52,,,300,0,7,1,900,,,,,0
2107,models/maps/cs_assault/cs_assault_duct64.mdl,좀비레벨프랍,312,52,,,300,0,7,1,900,,,,,0
2108,models/maps/cs_assault/cs_assault_duct128.mdl,좀비레벨프랍,312,52,,,300,0,7,1,900,,,,,0
2109,models/maps/cs_assault/cs_assault_duct256.mdl,좀비레벨프랍,312,52,,,300,0,7,1,900,,,,,0
2110,models/maps/cs_assault/cs_assault_ductcorner.mdl,좀비레벨프랍,312,52,,,300,0,7,1,900,,,,,0
2111,models/props_pipes/pipeset32d_512_001a.mdl,좀비레벨프랍,312,52,,,300,0,7,1,900,,,,,0
2112,models/props_pipes/pipeset08d_512_001a.mdl,좀비레벨프랍,312,52,,,300,0,7,1,900,,,,,0
2113,models/props_pipes/pipeset32d_corner128r_001a.mdl,좀비레벨프랍,312,52,,,300,0,7,1,900,,,,,0
2114,models/props_pipes/pipeset32d_256_001a.mdl,좀비레벨프랍,312,52,,,300,0,7,1,900,,,,,0
2115,models/props/de_nuke/nuclearcontainerboxclosed.mdl,좀비레벨프랍,312,52,,,300,0,7,1,900,,,,,0
2116,models/props_pipes/pipeset32d_128_001a.mdl,좀비레벨프랍,312,52,,,300,0,7,1,900,,,,,0
2117,models/props_c17/oildrum001_explosive.mdl,좀비레벨프랍,312,300,,,300,0,7,1,900,,,,,0
2118,models/props_pipes/pipeset32d_corner128d_001a.mdl,좀비레벨프랍,312,52,,,300,0,7,1,900,,,,,0
2119,models/props_pipes/pipeset08d_256_001a.mdl,좀비레벨프랍,312,52,,,300,0,7,1,900,,,,,0
2120,models/props_pipes/pipeset08d_128_001a.mdl,좀비레벨프랍,312,52,,,300,0,7,1,900,,,,,0
2121,models/props_pipes/pipeset08d_corner128l_001a.mdl,좀비레벨프랍,312,52,,,300,0,7,1,900,,,,,0
2122,models/props_pipes/pipeset08d_64_001a.mdl,좀비레벨프랍,312,52,,,300,0,7,1,900,,,,,0
2123,models/maps/zd_italy/zd_italy_barrier01.mdl,좀비레벨프랍,312,52,,,300,0,7,1,900,,,,,0
2124,models/props/de_nuke/fuel_cask.mdl,좀비레벨프랍,312,52,,,300,0,7,1,900,,,,,0
2125,models/props/cs_militia/stove01.mdl,좀비레벨프랍,312,52,,,300,0,7,1,900,,,,,0
2126,models/maps/de_dust2/de_dust2_container01.mdl,좀비레벨프랍,312,52,,,300,0,7,1,900,,,,,0
2127,models/props_c17/streetsign004f.mdl,좀비레벨프랍,312,52,,,300,0,7,1,900,,,,,0
2128,models/props_c17/FurnitureDrawer001a.mdl,좀비레벨프랍,312,52,,,300,0,7,1,900,,,,,0
2129,models/props_c17/FurnitureDresser001a.mdl,좀비레벨프랍,312,52,,,300,0,7,1,900,,,,,0
2130,models/props_c17/FurnitureDrawer003a.mdl,좀비레벨프랍,312,52,,,300,0,7,1,900,,,,,0
2131,models/props_debris/wood_board05a.mdl,좀비레벨프랍,312,52,,,300,0,7,1,900,,,,,0
2132,models/maps/hs2_phouse/hs2_phouse_stagescaffold02.mdl,좀비레벨프랍,312,52,,,300,0,7,1,900,,,,,0
2133,models/maps/cs_estate/cs_estate_desk02.mdl,좀비레벨프랍,312,52,,,300,0,7,1,900,,,,,0
2134,models/props_zombie/props_zombie_duct_56_32.mdl,좀비레벨프랍,312,52,,,300,0,7,1,900,,,,,0
2135,models/props_zombie/props_zombie_duct_56_64.mdl,좀비레벨프랍,312,52,,,300,0,7,1,900,,,,,0
2136,models/props_zombie/props_zombie_duct_56_128.mdl,좀비레벨프랍,312,52,,,300,0,7,1,900,,,,,0
2137,models/props_zombie/props_zombie_duct_56_a.mdl,좀비레벨프랍,312,52,,,300,0,7,1,900,,,,,0
2138,models/props_zombie/props_zombie_duct_56_b.mdl,좀비레벨프랍,312,52,,,300,0,7,1,900,,,,,0
2139,models/props_zombie/props_zombie_duct_56_c.mdl,좀비레벨프랍,312,52,,,300,0,7,1,900,,,,,0
2140,models/props_zombie/props_zombie_duct_56_d.mdl,좀비레벨프랍,312,52,,,300,0,7,1,900,,,,,0
2141,models/props_zombie/props_zombie_wood01_a.mdl,좀비레벨프랍,312,52,,,300,0,7,1,900,,,,,0
2142,models/props_zombie/props_zombie_wood01_b.mdl,좀비레벨프랍,312,52,,,300,0,7,1,900,,,,,0
2143,models/props_zombie/props_zombie_wood01_c.mdl,좀비레벨프랍,312,52,,,300,0,7,1,900,,,,,0
2144,models/props_zombie/props_zombie_wood02_a.mdl,좀비레벨프랍,312,52,,,30,0,7,1,900,,,,,0
2145,models/props_zombie/props_zombie_wood02_b.mdl,좀비레벨프랍,312,52,,,300,0,7,1,900,,,,,0
2146,models/props_zombie/props_zombie_wood02_c.mdl,좀비레벨프랍,312,52,,,300,0,7,1,900,,,,,0
2147,models/maps/cs_estate/cs_estate_minibar01.mdl,좀비레벨프랍,312,52,,,300,0,7,1,900,,,,,0
2148,models/props/de_prodigy/fanoff.mdl,좀비레벨프랍,312,52,,,300,0,7,1,900,,,,,0
2149,models/props_industrial/warehouse_shelf001.mdl,좀비레벨프랍,312,52,,,300,0,7,1,900,,,,,0
2150,models/props_junk/garbage256_composite002a.mdl,좀비레벨프랍,312,52,,,300,0,7,1,900,,,,,0
2151,models/props_vents/vent_cluster007.mdl,좀비레벨프랍,312,52,,,300,0,7,1,900,,,,,0
2152,models/props/cs_office/Cardboard_box03.mdl,좀비레벨프랍,312,52,,,300,0,7,1,900,,,,,0
2153,models/props_c17/door01_left.mdl,좀비레벨프랍,312,52,,,300,0,7,1,900,,,,,0
2154,models/maps/madcity_common/madcity_cage01.mdl,좀비레벨프랍,312,52,,,300,0,7,1,900,,,,,0
2155,models/maps/de_aztec/de_aztec_target_floor01.mdl,좀비레벨프랍,312,52,,,300,0,7,1,900,,,,,0
10100,models/props_unique/atm01.mdl,atm,312,52,,1000,200,0,7,1,900,,,,hs_festival,0
10101,models/props_unique/airport/temp_barricade.mdl,대형 바리케이드,312,26,,1000,250,0,7,1,900,,,,,0
10102,models/props_interiors/washer.mdl,세척기,312,52,,1000,250,0,7,1,900,,,,,0
10104,models/props/de_nuke/crate_extrasmall.mdl,대형박스,312,52,,1000,300,0,7,1,900,,,,,0
10105,models/props_interiors/refrigerator03.mdl,소형냉장고,312,52,,1000,250,0,7,1,900,,,,,0
10106,models/maps/de_headquarter/de_headquarter_box01.mdl,철박스,312,52,,1000,400,0,7,1,900,,,,,0
10107,models/maps/de_headquarter/de_headquarter_box02.mdl,철박스,312,52,,1000,600,0,7,1,900,,,,,0
11000,models/prop/debri/icerock01_dbr_01.mdl,바위A,312,26,,1000,1000,0,7,1,900,,,,,0
11001,models/prop/debri/icerock01_dbr_02.mdl,바위B,312,26,,1000,1000,0,7,1,900,,,,,0
11002,models/prop/debri/icerock01_dbr_03.mdl,바위C,312,26,,1000,1000,0,7,1,900,,,,,0
11003,models/props_waterfront/stair_straight_80.mdl,계단,312,26,,1000,1000,0,7,1,900,,,,,0
11004,models/props_interiors/refrigerator_industrial01.mdl,대형냉장고,312,26,,1000,700,0,7,1,900,,,,hs_festival,0
11005,models/props/de_piranesi/pi_apc.mdl,장갑차,312,52,,1000,1000,0,7,1,5400,,,,hs2_italy2|hs2_assault|hs2_office|hs2_estate|hs2_cargoship|hs2_studio|sudden|de_inferno|cs_militia|de_cbble|de_vantage|de_cornerwork|de_highland|de_tides,0
11006,models/props_fairgrounds/foodcart.mdl,푸드트럭,312,52,,1000,1000,0,7,1,900,,,,,0
11007,models/props_vehicles/airport_baggage_cart2.mdl,대형카트,312,52,,1000,1000,0,7,1,900,,,,,0
11008,models/props_equipment/cargo_container02.mdl,컨테이너,312,52,,1000,3000,0,7,1,900,,,,,0
20000,models/hide/hide_horse_small.mdl ,작은 동상A,312,52,,1000,3000,0,7,1,900,,,,alteredsize,0
20001,models/hide/hide_statue01_small.mdl ,작은 동상B,312,52,,1000,3000,0,7,1,900,,,,alteredsize,0
20002,models/hide/hide_vending_turtle_big.mdl,큰 거북이인형,312,52,,1000,3000,0,7,1,900,,,,alteredsize,0
20003,models/hide/hide_pi_apc_small.mdl,작은 장갑차,312,52,,1000,3000,0,7,1,900,,,,alteredsize,0
20004,models/hide/hide_forklift_small.mdl,작은 지게차,312,52,,1000,3000,0,7,1,900,0|4|0,,,alteredsize,0
20005,models/hide/hide_shoe001a_big.mdl,큰 신발,312,52,,1000,3000,0,7,1,900,0|-3|0,,,alteredsize,0
20006,models/hide/hide_radio_big.mdl,큰 라디오,312,52,,1000,3000,0,7,1,900,,,,alteredsize,0
20007,models/hide/hide_garbage_coffeecup01a_fullsheet_big.mdl,큰 커피컵,312,52,,1000,3000,0,7,1,900,,-6|-6|0,6|6|28,alteredsize,0
20008,models/hide/hide_glassjug01_big.mdl,큰 유리병A,312,52,,1000,3000,0,7,1,900,,,,alteredsize,0
20009,models/hide/hide_bottle02_big.mdl,큰 유리병B,312,52,,1000,3000,0,7,1,900,,,,alteredsize,0
20010,models/hide/hide_huladoll.mdl,훌라인형,312,52,,1000,3000,0,7,1,900,,,,hs2_italy2|hs2_assault|hs2_office|hs2_estate|hs2_cargoship|hs2_studio|sudden|summer2016,0
20011,models/hide/hide_militiarock01.mdl,작은바위A,312,52,,1000,3000,0,7,1,900,,,,alteredsize,0
20012,models/hide/hide_militiarock02.mdl,작은바위B,312,52,,1000,3000,0,7,1,900,,,,alteredsize,0
20013,models/hide/hide_militiarock03.mdl,작은바위C,312,52,,1000,3000,0,7,1,900,,,,alteredsize,0
20014,models/hide/hide_dung.mdl,응가,312,52,,1000,3000,0,7,1,900,,,,hs2_italy2|hs2_assault|hs2_office|hs2_estate|hs2_cargoship|hs2_studio|sudden|hs2_phouse,0
20015,models/hide/hide_dung_pink.mdl ,핑크응가,312,52,,1000,3000,0,7,1,900,,,,hs2_italy2|hs2_assault|hs2_office|hs2_estate|hs2_cargoship|hs2_studio|sudden|hs2_phouse,0
20016,models/hide/hide_cs_office_xmas_giftbox_01_c.mdl,선물상자C,312,52,,1000,3000,0,7,1,900,,-5|-5|0,5|5|10,winter2016,0
20017,models/hide/hide_cs_office_xmas_giftbox_01_d.mdl,선물상자D,312,52,,1000,3000,0,7,1,900,,-5|-5|0,5|5|10,winter2016,0
20018,models/hide/hide_cs_office_xmas_giftbox_01_e.mdl,선물상자E,312,52,,1000,3000,0,7,1,900,,-5|-5|0,5|5|10,winter2016,0
20019,models/hide/hide_cs_office_xmas_giftbox_01_f.mdl,선물상자F,312,52,,1000,3000,0,7,1,900,,,,winter2016,0
20020,models/hide/hide_cs_office_xmas_tree_01_big.mdl ,대형트리,312,52,,1000,3000,0,7,1,900,,,,alteredsize|winter2016,0
20021,models/hide/hide_snowman001_big.mdl,대형눈사람,312,52,,1000,3000,0,7,1,900,,,,alteredsize|winter2016,0
20022,models/props_c17/light_floodlight02_off.mdl,조명기,312,52,,1000,3000,0,7,1,900,,,,hs2_cargoship,0
20023,models/props_interiors/chair_office2.mdl,사무용의자,312,52,,1000,3000,0,7,1,900,4|0|0,-8|-8|0,8|8|20,hs2_cargoship,0
20024,models/props_industrial/pallet_barrels_water01_single.mdl,폐기물드럼통,312,52,,1000,3000,0,7,1,900,,,,hs2_cargoship|sudden,0
20025,models/props/de_prodigy/tirestack3.mdl,타이어화물B,312,52,,1000,3000,0,7,1,900,,,,hs2_cargoship|sudden,0
20026,models/props/de_prodigy/wood_pallet_01.mdl,화물받침대,312,52,,1000,3000,0,7,1,900,,,,hs2_cargoship|sudden,0
20027,models/props_crates/static_crate_40.mdl,운송상자,312,52,,1000,3000,0,7,1,900,,,,hs2_cargoship|sudden,0
20028,models/maps/tuto/tuto_aircon_01.mdl,에이콘실외기A,312,52,,1000,3000,0,7,1,900,,,,hs2_cargoship|sudden,0
20029,models/maps/tuto/tuto_aircon_02.mdl,에이콘실외기B,312,52,,1000,3000,0,7,1,900,,,,hs2_cargoship|sudden,0
20030,models/props/de_prodigy/spool.mdl,케이블스풀,312,52,,1000,3000,0,7,1,900,,,,hs2_cargoship|sudden,0
20031,models/props_junk/plasticbucket001a.mdl,플라스틱양동이,312,52,,1000,3000,0,7,1,900,,-8|-8|0,8|8|20,hs2_cargoship|sudden,0
20033,models/hide/hide_coffee_mug_big.mdl,큰 머그컵,312,52,,1000,3000,0,7,1,900,,,,alteredsize,0
30000,models/hide/hide_securityguard01.mdl,보디가드A,312,26,,100,,0,7,1,900,,,,,0
30001,models/hide/hide_securityguard02.mdl,보디가드B,312,26,,100,,0,7,1,900,,,,,0
30002,models/hide/hide_securityguard03.mdl,보디가드C,312,26,,100,,0,7,1,900,,,,,0
30003,models/hide/hide_securityguard04.mdl,보디가드D,312,26,,100,,0,7,1,900,,,,,0
30004,models/hide/hide_securityguard05.mdl,보디가드E,312,26,,100,,0,7,1,900,,,,,0
30005,models/hide/hide_securityguard06.mdl,보디가드F,312,26,,100,,0,7,1,900,,,,,0
30006,models/hide/hide_securityguard07.mdl,보디가드G,312,26,,100,,0,7,1,900,,,,,0
30007,models/hide/hide_securityguard08.mdl,보디가드H,312,26,,100,,0,7,1,900,,,,,0
30008,models/hide/hide_securityguard09.mdl,보디가드I,312,26,,100,,0,7,1,900,,,,,0
30009,models/hide/hide_securityguard10.mdl,보디가드J,312,26,,100,,0,7,1,900,,,,,0
30010,models/hide/hide_securityguard11.mdl,보디가드K,312,26,,100,,0,7,1,900,,,,,0
30011,models/hide/hide_securityguard12.mdl,보디가드L,312,26,,100,,0,7,1,900,,,,,0
30012,models/hide/hide_securityguard13.mdl,보디가드M,312,26,,100,,0,7,1,900,,,,,0
30013,models/hide/hide_securityguard14.mdl,보디가드N,312,26,,100,,0,7,1,900,,,,,0
30014,models/hide/hide_securityguard15.mdl,보디가드O,312,26,,100,,0,7,1,900,,,,,0
30100,models/hide/hide_turtle01.mdl,거북이인형A,312,26,,100,,0,7,1,900,,,,,0
30101,models/hide/hide_turtle02.mdl,거북이인형B,312,26,,100,,0,7,1,900,,,,,0
30102,models/hide/hide_turtle03.mdl,거북이인형C,312,26,,100,,0,7,1,900,,,,,0
30103,models/hide/hide_turtle04.mdl,거북이인형D,312,26,,100,,0,7,1,900,,,,,0
30104,models/hide/hide_turtle05.mdl,거북이인형E,312,26,,100,,0,7,1,900,,,,,0
30105,models/hide/hide_turtle06.mdl,거북이인형F,312,26,,100,,0,7,1,900,,,,,0
30106,models/hide/hide_turtle07.mdl,거북이인형G,312,26,,100,,0,7,1,900,,,,,0
30107,models/hide/hide_turtle08.mdl,거북이인형H,312,26,,100,,0,7,1,900,,,,,0
30108,models/hide/hide_turtle09.mdl,거북이인형I,312,26,,100,,0,7,1,900,,,,,0
30109,models/hide/hide_turtle10.mdl,거북이인형J,312,26,,100,,0,7,1,900,,,,,0
30110,models/hide/hide_turtle11.mdl,거북이인형K,312,26,,100,,0,7,1,900,,,,,0
30111,models/hide/hide_turtle12.mdl,거북이인형L,312,26,,100,,0,7,1,900,,,,,0
30200,models/npc/npc_chicken/npc_chicken_new.mdl,닭B,312,26,,100,,0,7,1,900,,,,,0
