RelationProductID,ItemID,Team,Category,Subcategory,Name,Desc,level,sortorder,ImageName,ad_type,PriceType,BuyerType
// Relation-Product ID ,// ItemID 아이템 테이블 설정(임시로 string으로 설정),// 팀제한,// 상점용 메인 카테고리,// 상점용 서브 카테고리,// 상품 이름,// 상품 설명,// 구매자(유저or클랜) 레벨제한,// 정렬순서,// 상품 이미지 경로,// 상품태그,// 기간제 관련 타입,// 구매자타입(개인 or 클랜)
1,1,0,weapon,pistol,#CSO2_ITEM_NAME_p228,#CSO2_ITEM_DESC_P228,0,0,p228,31,,
2,2,0,weapon,pistol,#CSO2_ITEM_NAME_GLOCK18,#CSO2_ITEM_DESC_GLOCK18,0,0,glock18,31,,
3,3,0,weapon,snip,#CSO2_ITEM_NAME_scout,#CSO2_ITEM_DESC_SCOUT,0,0,scout,31,,
4,4,0,weapon,equip,#CSO2_ITEM_NAME_hegrenade,#CSO2_ITEM_DESC_HEGRENADE,0,0,hegrenade,31,,
5,5,0,weapon,shotgun,#CSO2_ITEM_NAME_xm1014,#CSO2_ITEM_DESC_XM1014,0,0,xm1014,31,,
6,6,2,weapon,smg,#CSO2_ITEM_NAME_mac10,#CSO2_ITEM_DESC_MAC10,0,0,mac10,31,,
7,7,3,weapon,rifle,#CSO2_ITEM_NAME_aug,#CSO2_ITEM_DESC_AUG,0,0,aug,31,,
8,8,0,weapon,equip,#CSO2_ITEM_NAME_smokegrenade,#CSO2_ITEM_DESC_SMOKEGRENADE,0,0,smokegrenade,31,,
9,9,2,weapon,pistol,#CSO2_ITEM_NAME_elites,#CSO2_ITEM_DESC_DUALELITE,0,0,elites,31,,
10,10,3,weapon,pistol,#CSO2_ITEM_NAME_fiveseven,#CSO2_ITEM_DESC_FIVESEVEN,0,0,fiveseven,31,,
11,11,0,weapon,smg,#CSO2_ITEM_NAME_UMP45,#CSO2_ITEM_DESC_UMP45,0,0,ump45,31,,
12,12,3,weapon,snip,#CSO2_ITEM_NAME_sg550,#CSO2_ITEM_DESC_SG550,0,0,sg550,31,,
13,13,2,weapon,rifle,#CSO2_ITEM_NAME_galil,#CSO2_ITEM_DESC_GALIL,0,0,galil,31,,
14,14,3,weapon,rifle,#CSO2_ITEM_NAME_famas,#CSO2_ITEM_DESC_FAMAS,0,0,famas,31,,
15,15,0,weapon,pistol,#CSO2_ITEM_NAME_usp,#CSO2_ITEM_DESC_USP,0,0,usp45,31,,
16,16,0,weapon,snip,#CSO2_ITEM_NAME_awp,#CSO2_ITEM_DESC_AWP,0,0,awp,31,,
17,17,0,weapon,smg,#CSO2_ITEM_NAME_mp5,#CSO2_ITEM_DESC_MP5,0,0,mp5,31,,
18,18,0,weapon,mach,#CSO2_ITEM_NAME_M249,#CSO2_ITEM_DESC_M249,0,0,m249,31,,
19,19,0,weapon,shotgun,#CSO2_ITEM_NAME_m3,#CSO2_ITEM_DESC_M3,0,0,m3,31,,
20,20,3,weapon,rifle,#CSO2_ITEM_NAME_m4a1,#CSO2_ITEM_DESC_M4A1,0,0,m4a1,31,,
21,21,3,weapon,smg,#CSO2_ITEM_NAME_tmp,#CSO2_ITEM_DESC_TMP,0,0,tmp,31,,
22,22,2,weapon,snip,#CSO2_ITEM_NAME_g3sg1,#CSO2_ITEM_DESC_G3SG1,0,0,g3sg1,31,,
23,23,0,weapon,equip,#CSO2_ITEM_NAME_flashbang,#CSO2_ITEM_DESC_FLASHBANG,0,0,flashbang,31,,
24,24,0,weapon,pistol,#CSO2_ITEM_NAME_deserteagle,#CSO2_ITEM_DESC_DESERTEAGLE,0,0,deserteagle,31,,
25,25,2,weapon,rifle,#CSO2_ITEM_NAME_sg552,#CSO2_ITEM_DESC_SG552,0,0,sg552,31,,
26,26,2,weapon,rifle,#CSO2_ITEM_NAME_AK47,#CSO2_ITEM_DESC_AK47,0,0,ak47,31,,
27,27,0,weapon,knife,#CSO2_ITEM_NAME_KNIFE,#CSO2_ITEM_DESC_KNIFE,0,0,knife,31,,
28,28,0,weapon,smg,#CSO2_ITEM_NAME_p90,#CSO2_ITEM_DESC_P90,0,0,p90,31,,
29,29,0,weapon,rifle,#CSO2_ITEM_NAME_FNC,#CSO2_ITEM_DESC_FNC,0,0,fnc,31,,
31,31,0,weapon,smg,#CSO2_ITEM_NAME_MP7,#CSO2_ITEM_DESC_MP7,0,0,mp7,31,,
32,32,0,weapon,rifle,#CSO2_ITEM_NAME_F2000,#CSO2_ITEM_DESC_F2000,0,0,f2000,31,,
44,44,0,weapon,shotgun,#CSO2_ITEM_NAME_striker12,#CSO2_ITEM_DESC_striker12,0,0,striker12,31,,
45,45,0,weapon,rifle,#CSO2_ITEM_NAME_ak47_gold,#CSO2_ITEM_DESC_AK47_gold,0,0,ak47_gold,31,,
46,46,0,weapon,rifle,#CSO2_ITEM_NAME_m4a1_gold,#CSO2_ITEM_DESC_M4A1_gold,0,0,m4a1_gold,31,,
47,47,0,weapon,rifle,#CSO2_ITEM_NAME_scarH,#CSO2_ITEM_DESC_scarH,0,0,scarh,31,,
48,48,0,weapon,rifle,#CSO2_ITEM_NAME_fal,#CSO2_ITEM_DESC_fal,0,0,fal,31,,
52,52,0,weapon,mach,#CSO2_ITEM_NAME_m60,#CSO2_ITEM_DESC_m60,0,0,m60,31,,
53,53,0,weapon,smg,#CSO2_ITEM_NAME_mx4,#CSO2_ITEM_DESC_mx4,0,0,mx4,31,,
59,59,0,weapon,smg,#CSO2_ITEM_NAME_ar57,#CSO2_ITEM_DESC_ar57,0,0,ar57,31,,
60,60,0,weapon,smg,#CSO2_ITEM_NAME_kriss_superv,#CSO2_ITEM_DESC_kriss_superv,0,0,krisssuperv,31,,
62,62,3,weapon,rifle,#CSO2_ITEM_NAME_scarl,#CSO2_ITEM_DESC_scarl,0,0,scarl,31,,
63,63,2,weapon,rifle,#CSO2_ITEM_NAME_aek971,#CSO2_ITEM_DESC_aek971,0,0,aek971,31,,
64,64,0,weapon,equip,#CSO2_ITEM_NAME_helucketbag,#CSO2_ITEM_DESC_helucketbag,0,0,hegrenade,31,,
65,65,0,weapon,equip,#CSO2_ITEM_NAME_fbfirework,#CSO2_ITEM_DESC_fbfirework,0,0,flashbang,31,,
66,66,0,weapon,rifle,#CSO2_ITEM_NAME_t65,#CSO2_ITEM_DESC_t65,0,0,t65,31,,
67,67,0,weapon,rifle,#CSO2_ITEM_NAME_t86,#CSO2_ITEM_DESC_t86,0,0,t86,31,,
68,68,0,weapon,knife,#CSO2_ITEM_NAME_huntknife,#CSO2_ITEM_DESC_huntknife,0,11,huntknife,31,,
70,70,0,weapon,rifle,#CSO2_ITEM_NAME_acr,#CSO2_ITEM_DESC_acr,0,0,acr,31,,
71,71,0,weapon,rifle,#CSO2_ITEM_NAME_ak12,#CSO2_ITEM_DESC_ak12,0,0,ak12,31,,
72,72,0,weapon,shotgun,#CSO2_ITEM_NAME_m870,#CSO2_ITEM_DESC_m870,0,37,m870,31,,
73,73,0,weapon,mach,#CSO2_ITEM_NAME_pkm,#CSO2_ITEM_DESC_pkm,0,38,pkm,31,,
74,74,0,weapon,pistol,#CSO2_ITEM_NAME_k5,#CSO2_ITEM_DESC_k5,0,0,k5,31,,
75,75,0,weapon,smg,#CSO2_ITEM_NAME_k1,#CSO2_ITEM_DESC_k1,0,0,k1,31,,
76,76,0,weapon,knife,#CSO2_ITEM_NAME_survivorknife,#CSO2_ITEM_DESC_survivorknife,0,12,survivorknife,31,,
77,77,0,weapon,shotgun,#CSO2_ITEM_NAME_dbarrel,#CSO2_ITEM_DESC_dbarrel,0,0,dbarrel,31,,
78,78,0,weapon,rifle,#CSO2_ITEM_NAME_g3ka4,#CSO2_ITEM_DESC_g3ka4,0,0,g3ka4,31,,
82,82,0,weapon,rifle,#CSO2_ITEM_NAME_g36k,#CSO2_ITEM_DESC_g36k,0,0,g36k,31,,
83,83,0,weapon,knife,#CSO2_ITEM_NAME_wrench_black1,#CSO2_ITEM_DESC_wrench_black1,0,94,wrenchblack1,31,,
84,84,0,weapon,knife,#CSO2_ITEM_NAME_wrench_gold1,#CSO2_ITEM_DESC_wrench_gold1,0,93,wrenchgold1,31,,
85,85,0,weapon,mach,#CSO2_ITEM_NAME_mg3,#CSO2_ITEM_DESC_mg3,0,699,mg3,31,,
87,87,0,weapon,mach,#CSO2_ITEM_NAME_pkmfire,#CSO2_ITEM_DESC_pkmfire,0,100,pkmfire,31,,
89,89,0,weapon,knife,#CSO2_ITEM_NAME_TASERKNIFE,#CSO2_ITEM_DESC_TASERKNIFE,0,113,taserknife,31,,
91,91,0,weapon,rifle,#CSO2_ITEM_NAME_k2c,#CSO2_ITEM_DESC_k2c,0,0,k2c,31,,
93,93,0,weapon,rifle,#CSO2_ITEM_NAME_m4a1flash,#CSO2_ITEM_DESC_m4a1flash,0,0,m4a1flash,31,,
94,94,0,weapon,rifle,#CSO2_ITEM_NAME_ak47flash,#CSO2_ITEM_DESC_ak47flash,0,0,ak47flash,31,,
95,95,0,weapon,pistol,#CSO2_ITEM_NAME_qsz92,#CSO2_ITEM_DESC_qsz92,0,0,qsz92,31,,
96,96,0,weapon,shotgun,#CSO2_ITEM_NAME_qbs09,#CSO2_ITEM_DESC_qbs09,0,0,qbs09,31,,
100,100,0,weapon,smg,#CSO2_ITEM_NAME_csls06,#CSO2_ITEM_DESC_csls06,0,0,csls06,31,,
103,103,0,weapon,pistol,#CSO2_ITEM_NAME_thunder,#CSO2_ITEM_DESC_thunder,0,197,thunder,31,,
104,104,0,weapon,snip,#CSO2_ITEM_NAME_m99,#CSO2_ITEM_DESC_m99,0,198,M99,31,,
105,105,0,weapon,smg,#CSO2_ITEM_NAME_mp7phoenix,#CSO2_ITEM_DESC_mp7phoenix,0,0,mp7phoenix,31,,
106,106,0,weapon,pistol,#CSO2_ITEM_NAME_deserteaglephoenix,#CSO2_ITEM_DESC_deserteaglephoenix,0,0,deaglephoenix,31,,
108,108,0,weapon,rifle,#CSO2_ITEM_NAME_mk18,#CSO2_ITEM_DESC_mk18,0,0,mk18,31,,
109,109,0,weapon,rifle,#CSO2_ITEM_NAME_akm,#CSO2_ITEM_DESC_akm,0,0,akm,31,,
110,110,0,weapon,snip,#CSO2_ITEM_NAME_awm,#CSO2_ITEM_DESC_awm,0,0,awm,31,,
111,111,0,weapon,pistol,#CSO2_ITEM_NAME_m1911,#CSO2_ITEM_DESC_m1911,0,222,m1911,31,,
114,114,0,weapon,knife,#CSO2_ITEM_NAME_TOYHAMMER,#CSO2_ITEM_DESC_TOYHAMMER,0,605,toyhammer,31,,
115,115,0,weapon,knife,#CSO2_ITEM_NAME_M9BAYONET,#CSO2_ITEM_DESC_M9BAYONET,0,370,m9bayonet,31,,
120,120,0,weapon,rifle,#CSO2_ITEM_NAME_qbz95,#CSO2_ITEM_DESC_qbz95,0,677,qbz95,31,,
121,121,0,weapon,mach,#CSO2_ITEM_NAME_m79,#CSO2_ITEM_DESC_m79,0,386,m79,31,,
122,122,0,weapon,mach,#CSO2_ITEM_NAME_m32,#CSO2_ITEM_DESC_m32,0,385,m32,31,,
123,123,0,weapon,mach,#CSO2_ITEM_NAME_paw20,#CSO2_ITEM_DESC_paw20,0,384,paw20,31,,
124,124,0,weapon,mach,#CSO2_ITEM_NAME_chinalake,#CSO2_ITEM_DESC_chinalake,0,383,chinalake,31,,
125,125,0,weapon,snip,#CSO2_ITEM_NAME_m95,#CSO2_ITEM_DESC_m95,0,712,m95,31,,
126,126,0,weapon,snip,#CSO2_ITEM_NAME_m107a1,#CSO2_ITEM_DESC_m107a1,0,713,m107a1,31,,
129,129,0,weapon,mach,#CSO2_ITEM_NAME_k12,#CSO2_ITEM_DESC_k12,0,469,k12,31,,
130,130,0,weapon,shotgun,#CSO2_ITEM_NAME_usas12,#CSO2_ITEM_DESC_usas12,0,470,usas12,31,,
131,131,0,weapon,pistol,#CSO2_ITEM_NAME_af2011a1,#CSO2_ITEM_DESC_af2011a1,0,476,af2011a1,31,,
132,132,0,weapon,rifle,#CSO2_ITEM_NAME_GILBOASNAKE,#CSO2_ITEM_DESC_GILBOASNAKE,0,474,gilboasnake,31,,
133,133,0,weapon,shotgun,#CSO2_ITEM_NAME_DP12,#CSO2_ITEM_DESC_DP12,0,475,dp12,31,,
135,135,0,weapon,shotgun,#CSO2_ITEM_NAME_triplebarrel,#CSO2_ITEM_DESC_triplebarrel,0,709,triplebarrel,31,,
138,138,0,weapon,mach,#CSO2_ITEM_NAME_qjy88,#CSO2_ITEM_DESC_qjy88,0,676,qjy88,31,,
140,140,0,weapon,snip,#CSO2_ITEM_NAME_galilsniper,#CSO2_ITEM_DESC_galilsniper,0,717,galilsniper,31,,
143,143,0,weapon,rifle,#CSO2_ITEM_NAME_xm8carbine,#CSO2_ITEM_DESC_xm8carbine,0,701,xm8carbine,31,,
144,144,0,weapon,smg,#CSO2_ITEM_NAME_hk416c,#CSO2_ITEM_DESC_hk416c,0,702,hk416c,31,,
145,145,0,weapon,mach,#CSO2_ITEM_NAME_m27iar,#CSO2_ITEM_DESC_m27iar,0,703,m27iar,31,,
149,149,0,weapon,knife,#CSO2_ITEM_NAME_kukriknife,#CSO2_ITEM_DESC_kukriknife,0,712,kukriknife,31,,
151,151,0,weapon,smg,#CSO2_ITEM_NAME_m3grease,#CSO2_ITEM_DESC_m3grease,0,733,m3grease,31,,
152,152,0,weapon,smg,#CSO2_ITEM_NAME_thompson,#CSO2_ITEM_DESC_thompson,0,732,thompson,31,,
153,153,0,weapon,mach,#CSO2_ITEM_NAME_bar,#CSO2_ITEM_DESC_bar,0,731,bar,31,,
155,155,0,weapon,rifle,#CSO2_ITEM_NAME_t91,#CSO2_ITEM_DESC_t91,0,678,t91,31,,
156,156,0,weapon,rifle,#CSO2_ITEM_NAME_xt97,#CSO2_ITEM_DESC_xt97,0,679,xt97,31,,
1001,1001,2,class,class,#CSO2_ITEM_NAME_Leet,#CSO2_ITEM_DESC_LEET,0,0,leet,31,,
1002,1002,2,class,class,#CSO2_ITEM_NAME_Arctic,#CSO2_ITEM_DESC_ARCTIC,0,0,arctic,31,,
1003,1003,3,class,class,#CSO2_ITEM_NAME_GIGN,#CSO2_ITEM_DESC_GIGN,0,0,gign,31,,
1004,1004,3,class,class,#CSO2_ITEM_NAME_SAS,#CSO2_ITEM_DESC_SAS,0,0,sas,31,,
1005,1005,3,class,class,#CSO2_ITEM_NAME_LISA,#CSO2_ITEM_DESC_LISA,0,36,lisa,31,,
1006,1006,2,class,class,#CSO2_ITEM_NAME_MILA,#CSO2_ITEM_DESC_MILA,0,35,mila,31,,
1007,1007,3,class,class,#CSO2_ITEM_NAME_LISA01,#CSO2_ITEM_DESC_LISA01,0,0,lisa01,31,,
1008,1008,2,class,class,#CSO2_ITEM_NAME_MILA01,#CSO2_ITEM_DESC_MILA01,0,0,mila01,31,,
1009,1009,3,class,class,#CSO2_ITEM_NAME_MICHAEL,#CSO2_ITEM_DESC_MICHAEL,0,4,MICHAEL,31,,
1010,1010,2,class,class,#CSO2_ITEM_NAME_Karachenko,#CSO2_ITEM_DESC_Karachenko,0,3,Karachenko,31,,
1012,1012,3,class,class,#CSO2_ITEM_NAME_choi,#CSO2_ITEM_DESC_choi,0,0,choi,31,,
1013,1013,2,class,class,#CSO2_ITEM_NAME_yuri,#CSO2_ITEM_DESC_yuri,0,0,yuri,31,,
1014,1014,3,class,class,#CSO2_ITEM_NAME_lincoln,#CSO2_ITEM_DESC_lincoln,0,8,lincoln,31,,
1015,1015,2,class,class,#CSO2_ITEM_NAME_mao,#CSO2_ITEM_DESC_mao,0,7,mao,31,,
1016,1016,3,class,class,#CSO2_ITEM_NAME_marie,#CSO2_ITEM_DESC_marie,0,6,mari,31,,
1017,1017,2,class,class,#CSO2_ITEM_NAME_natalie,#CSO2_ITEM_DESC_natalie,0,5,natary,31,,
1018,1018,3,class,class,#CSO2_ITEM_NAME_707,#CSO2_ITEM_DESC_707,0,10,707,31,,
1019,1019,2,class,class,#CSO2_ITEM_NAME_ara,#CSO2_ITEM_DESC_ara,0,9,ara,31,,
1020,1020,3,class,class,#CSO2_ITEM_NAME_707,#CSO2_ITEM_DESC_707,0,0,choi01,31,,
1021,1021,2,class,class,#CSO2_ITEM_NAME_ara,#CSO2_ITEM_DESC_ara,0,0,yuri01,31,,
1022,1022,3,class,class,#CSO2_ITEM_NAME_emma,#CSO2_ITEM_DESC_emma,0,114,emma,31,,
1023,1023,2,class,class,#CSO2_ITEM_NAME_tammy,#CSO2_ITEM_DESC_tammy,0,115,tammy,31,,
1028,1028,3,class,class,#CSO2_ITEM_NAME_heather_shop,#CSO2_ITEM_DESC_heather_shop,0,199,heather,31,,
1029,1029,2,class,class,#CSO2_ITEM_NAME_sonya_shop,#CSO2_ITEM_DESC_sonya_shop,0,200,sonya,31,,
1032,1032,3,class,class,#CSO2_ITEM_NAME_SAS01,#CSO2_ITEM_DESC_SAS01,0,0,sas01,31,,
1035,1035,3,class,class,#CSO2_ITEM_NAME_marie_color01,#CSO2_ITEM_DESC_marie_color01,0,0,mari_color01,31,,
1036,1036,2,class,class,#CSO2_ITEM_NAME_tammy_color01,#CSO2_ITEM_DESC_tammy_color01,0,0,tammy_color01,31,,
1037,1037,3,class,class,#CSO2_ITEM_NAME_MIU,#CSO2_ITEM_DESC_MIU,0,455,miu,31,,
1038,1038,2,class,class,#CSO2_ITEM_NAME_athena,#CSO2_ITEM_DESC_athena,0,454,athena,31,,
1039,1039,3,class,class,#CSO2_ITEM_NAME_gsg,#CSO2_ITEM_DESC_gsg,0,480,gsg,31,,
1040,1040,2,class,class,#CSO2_ITEM_NAME_phoenix,#CSO2_ITEM_DESC_phoenix,0,479,phoenix,31,,
1045,1045,3,class,class,#CSO2_ITEM_NAME_sas02,#CSO2_ITEM_DESC_sas02,0,0,sas02,31,,
1046,1046,2,class,class,#CSO2_ITEM_NAME_arctic02,#CSO2_ITEM_DESC_arctic02,0,0,arctic01,31,,
1049,1049,3,class,class,#CSO2_ITEM_NAME_kenji,#CSO2_ITEM_DESC_kenji,0,711,kenji,31,,
1050,1050,2,class,class,#CSO2_ITEM_NAME_joe,#CSO2_ITEM_DESC_joe,0,710,joe,31,,
2001,2001,0,item,item,#CSO2_ITEM_NAME_NICKNAMECHANGE,#CSO2_ITEM_DESC_NICKNAMECHANGE,0,0,nicknamechange,31,,
2002,2002,0,item,item,#CSO2_ITEM_NAME_NICKNAMECHANGE,#CSO2_ITEM_DESC_NICKNAMECHANGE,0,0,nicknamechange,31,,
2003,2003,0,item,item,#CSO2_ITEM_NAME_PLAYERKILLDEATHRESET,#CSO2_ITEM_DESC_PLAYERKILLDEATHRESET,0,0,playerkilldeathreset,31,,
2005,2005,0,item,item,#CSO2_ITEM_NAME_POINTBONUS,#CSO2_ITEM_DESC_POINTBONUS,0,1,pointbonus,31,,
2006,2006,0,item,item,#CSO2_ITEM_NAME_EXPBONUS,#CSO2_ITEM_DESC_EXPBONUS,0,2,expbonus,31,,
2007,2007,0,set,etc,#CSO2_ITEM_NAME_POINTEXPBONUS,#CSO2_ITEM_DESC_POINTEXPBONUS,0,31,pointexpbonus,31,,
2009,2009,0,item,item,#CSO2_ITEM_NAME_SHORTEN_RESPAWNTIME,#CSO2_ITEM_DESC_SHORTEN_RESPAWNTIME,0,13,shortenRespawntime,31,,
2010,2010,0,item,item,#CSO2_ITEM_NAME_MEGAPHONE_CHANNEL,#CSO2_ITEM_DESC_MEGAPHONE_CHANNEL,0,32,megaphonechannel,31,,
2011,2011,0,item,item,#CSO2_ITEM_NAME_MEGAPHONE_SERVER,#CSO2_ITEM_DESC_MEGAPHONE_SERVER,0,33,megaphoneserver,31,,
2012,2012,0,item,item,#CSO2_ITEM_NAME_MEGAPHONE_GLOBAL,#CSO2_ITEM_DESC_MEGAPHONE_GLOBAL,0,34,megaphoneglobal,31,,
2016,2016,0,item,item,#CSO2_ITEM_NAME_HIDEMODE_EXTEND,#CSO2_ITEM_DESC_HIDEMODE_EXTEND,0,43,addmachineslot,31,,
2017,2017,0,item,item,#CSO2_ITEM_NAME_HIDEMODE_ACTION_001,#CSO2_ITEM_DESC_HIDEMODE_ACTION_001,0,58,propaction01,31,,
2019,2019,0,item,skill,#CSO2_ITEM_NAME_INSTANT_RESPAWN,#CSO2_ITEM_DESC_INSTANT_RESPAWN,0,1,instantrespawn,31,,
2020,2020,0,item,skill,#CSO2_ITEM_NAME_HP_POTION,#CSO2_ITEM_DESC_HP_POTION,0,1,hppotion,31,,
2021,2021,0,item,skill,#CSO2_ITEM_NAME_CTU_FUND,#CSO2_ITEM_DESC_CTU_FUND,0,1,ctufund,31,,
2022,2022,0,item,skill,#CSO2_ITEM_NAME_TURRET,#CSO2_ITEM_DESC_TURRET,0,1,turret,31,,
2023,2023,0,item,skill,#CSO2_ITEM_NAME_PROTECT_SHIELD,#CSO2_ITEM_DESC_PROTECT_SHIELD,0,1,protectshield,31,,
2024,2024,0,item,skill,#CSO2_ITEM_NAME_AIR_BOMBARDMENT,#CSO2_ITEM_DESC_AIR_BOMBARDMENT,0,1,airbombardment,31,,
2025,2025,0,item,skill,#CSO2_ITEM_NAME_HEALTHPACK,#CSO2_ITEM_DESC_HEALTHPACK,0,1,healthpack,31,,
2026,2026,0,item,skill,#CSO2_ITEM_NAME_BLOODSUCKING,#CSO2_ITEM_DESC_BLOODSUCKING,0,1,bloodsucking,31,,
2027,2027,0,item,skill,#CSO2_ITEM_NAME_FIREBLINDLY,#CSO2_ITEM_DESC_FIREBLINDLY,0,1,fireblindly,31,,
2028,2028,0,item,skill,#CSO2_ITEM_NAME_SPLASHATTACK,#CSO2_ITEM_DESC_SPLASHATTACK,0,1,splashattack,31,,
2033,2033,0,item,item,#CSO2_ITEM_NAME_BMARKET_REFRESH,#CSO2_ITEM_DESC_BMARKET_REFRESH,0,603,bmarketrefresh,31,,
2037,2037,0,item,item,#CSO2_ITEM_NAME_100000POINT,#CSO2_ITEM_DESC_100000POINT,0,0,100000point,31,,
3001,3001,0,item,item,#CSO2_ITEM_NAME_SET_VIP_30DAY,#CSO2_ITEM_DESC_SET_VIP_30DAY,0,687,vipitem,31,,
5070,5070,0,weapon,rifle,#CSO2_ITEM_NAME_scarH_spray1,#CSO2_ITEM_DESC_scarH_spray1,0,0,scarh_spray1,31,,
5092,5092,3,weapon,rifle,#CSO2_ITEM_NAME_m4a1_camo1,#CSO2_ITEM_DESC_M4A1_camo1,0,0,m4a1,31,,
5093,5093,2,weapon,rifle,#CSO2_ITEM_NAME_ak47_camo1,#CSO2_ITEM_DESC_AK47_camo1,0,0,ak47,31,,
5141,5141,3,weapon,rifle,#CSO2_ITEM_NAME_famas_gold1,#CSO2_ITEM_DESC_famas_gold1,0,0,famas_gold1,31,,
5142,5142,2,weapon,rifle,#CSO2_ITEM_NAME_galil_gold1,#CSO2_ITEM_DESC_galil_gold1,0,0,galil_gold1,31,,
5157,5157,0,weapon,shotgun,#CSO2_ITEM_NAME_m3boom_amethyst1,#CSO2_ITEM_DESC_m3boom_amethyst1,0,0,m3boom_amethyst1,31,,
5160,5160,0,weapon,knife,#CSO2_ITEM_NAME_huntknife_monkey1,#CSO2_ITEM_DESC_huntknife_monkey1,0,0,huntknife_monkey1,31,,
5171,5171,0,weapon,snip,#CSO2_ITEM_NAME_awp_twgold,#CSO2_ITEM_DESC_awp_twgold,0,0,awp_twgold,31,,
5181,5181,0,weapon,shotgun,#CSO2_ITEM_NAME_xm1014_heart1,#CSO2_ITEM_DESC_xm1014_heart1,0,0,xm1014_heart1,31,,
5218,5218,2,weapon,rifle,#CSO2_ITEM_NAME_akm_nebula,#CSO2_ITEM_DESC_akm_nebula,0,0,akm_nebula,31,,
5219,5219,3,weapon,rifle,#CSO2_ITEM_NAME_mk18_nebula,#CSO2_ITEM_DESC_mk18_nebula,0,0,mk18_nebula,31,,
5220,5220,0,weapon,snip,#CSO2_ITEM_NAME_awm_nebula,#CSO2_ITEM_DESC_awm_nebula,0,0,awm_nebula,31,,
5221,5221,0,weapon,knife,#CSO2_ITEM_NAME_wrench_infernal1,#CSO2_ITEM_DESC_wrench_infernal1,0,0,wrench_infernal1,31,,
5224,5224,2,weapon,rifle,#CSO2_ITEM_NAME_akm_chrome1,#CSO2_ITEM_DESC_akm_chrome1,0,0,akm_chrome1,31,,
5244,5244,0,weapon,snip,#CSO2_ITEM_NAME_awmgauss_black,#CSO2_ITEM_DESC_awmgauss_black,0,0,awmgauss,31,,
5266,5266,0,weapon,rifle,#CSO2_ITEM_NAME_m16a2_gamania01,#CSO2_ITEM_DESC_m16a2,0,0,m16a2_gamania01,31,,
5285,5285,0,weapon,smg,#CSO2_ITEM_NAME_ar57_neon1,#CSO2_ITEM_DESC_ar57_neon1,0,0,ar57_neon1,31,,
5298,5298,0,weapon,rifle,#CSO2_ITEM_NAME_F2000_neon1,#CSO2_ITEM_DESC_F2000_neon1,0,0,f2000_neon1,31,,
5299,5299,0,weapon,snip,#CSO2_ITEM_NAME_galilsniper_tesla,#CSO2_ITEM_DESC_galilsniper_tesla,0,718,galilsniper_tesla,31,,
5305,5305,0,weapon,knife,#CSO2_ITEM_NAME_KNIFE_GOLDPOP,#CSO2_ITEM_DESC_KNIFE_GOLDPOP,0,0,goldpop,31,,
5321,5321,0,weapon,smg,#CSO2_ITEM_NAME_MP7_neon1,#CSO2_ITEM_DESC_MP7_neon1,0,0,mp7_neon1,31,,
5322,5322,2,weapon,rifle,#CSO2_ITEM_NAME_aek971_gold1,#CSO2_ITEM_DESC_aek971_gold1,0,0,aek971_gold1,31,,
5323,5323,2,weapon,rifle,#CSO2_ITEM_NAME_ak12_gold1,#CSO2_ITEM_DESC_ak12_gold1,0,0,ak12_gold1,31,,
5324,5324,3,weapon,rifle,#CSO2_ITEM_NAME_scarl_gold1,#CSO2_ITEM_DESC_scarl_gold1,0,0,scarl_gold1,31,,
5325,5325,3,weapon,rifle,#CSO2_ITEM_NAME_acr_gold1,#CSO2_ITEM_DESC_acr_gold1,0,0,acr_gold1,31,,
5330,5330,0,weapon,knife,#CSO2_ITEM_NAME_kukriknife_amethyst1,#CSO2_ITEM_DESC_kukriknife_amethyst1,0,714,kukriknife_amethyst1,31,,
5332,5332,0,weapon,mach,#CSO2_ITEM_NAME_mg3_neon1,#CSO2_ITEM_DESC_mg3_neon1,0,0,mg3_neon1,31,,
5360,5360,2,weapon,pistol,#CSO2_ITEM_NAME_elites_neon1,#CSO2_ITEM_DESC_elites_neon1,0,0,elites_neon1,31,,
5365,5365,0,weapon,knife,#CSO2_ITEM_NAME_knife_2018dog,#CSO2_ITEM_DESC_knife_2018dog,0,0,default_knife_2018dog,31,,
8000,8000,0,item,item,#CSO2_ITEM_NAME_GOLD_PIECE,#CSO2_ITEM_DESC_GOLD_PIECE,0,0,GOLD_PIECE,31,,
8002,8002,0,item,item,#CSO2_ITEM_NAME_CHROME_PIECE,#CSO2_ITEM_DESC_CHROME_PIECE,0,0,CHROME_PIECE,31,,
8005,8005,0,item,item,#CSO2_ITEM_NAME_AMETHYST_PIECE,#CSO2_ITEM_DESC_AMETHYST_PIECE,0,0,AMETHYST_PIECE,31,,
8027,8027,0,item,item,#CSO2_ITEM_NAME_CHOCO_PIECE,#CSO2_ITEM_DESC_CHOCO_PIECE_SHOP,0,0,CHOCO_PIECE,31,,
8029,8029,0,item,item,#CSO2_ITEM_NAME_CANDY_PIECE,#CSO2_ITEM_DESC_CANDY_PIECE_SHOP,0,0,CANDY_PIECE,31,,
8503,8503,0,item,item,#CSO2_ITEM_NAME_recipeboost_type3,#CSO2_ITEM_DESC_recipeboost_type3,0,116,recipeboost_double,31,,
8522,8522,0,item,item,#CSO2_ITEM_NAME_coupon_random_box_03,#CSO2_ITEM_DESC_coupon_random_box_03,0,468,coupon_random_box_03,31,,
8540,8540,0,item,item,#CSO2_ITEM_NAME_special_decomposer,#CSO2_ITEM_DESC_special_decomposer,0,705,recipeblack,31,,
8554,8554,0,item,item,#CSO2_ITEM_NAME_tomahawkb_piece,#CSO2_ITEM_DESC_tomahawkb_piece,0,705,tomahawkb_piece,31,,
8555,8555,0,item,item,#CSO2_ITEM_NAME_blueprint_tomahawk,#CSO2_ITEM_DESC_blueprint_tomahawk,0,729,blueprint_tomahawk,31,,
10001,10001,0,class,head,#CSO2_ITEM_NAME_WELDMASK,#CSO2_ITEM_DESC_WELDMASK,0,24,head_weldmask,31,,
10002,10002,0,class,head,#CSO2_ITEM_NAME_CBT_HEAD,#CSO2_ITEM_DESC_CBT_HEAD,0,0,head_cargo,31,,
10003,10003,0,class,head,#CSO2_ITEM_NAME_CHICKENHEAD,#CSO2_ITEM_DESC_CHICKENHEAD,0,0,head_chicken,31,,
10004,10004,0,class,head,#CSO2_ITEM_NAME_FLOWER,#CSO2_ITEM_DESC_FLOWER,0,0,head_flower,31,,
10005,10005,0,class,head,#CSO2_ITEM_NAME_HELMET,#CSO2_ITEM_DESC_HELMET,0,0,head_helmet01,31,,
10006,10006,0,class,head,#CSO2_ITEM_NAME_KOALA,#CSO2_ITEM_DESC_KOALA,0,0,head_koala,31,,
10007,10007,0,class,head,#CSO2_ITEM_NAME_XMAS01_HEAD,#CSO2_ITEM_DESC_XMAS01,0,0,head_xmas01,31,,
10008,10008,0,class,head,#CSO2_ITEM_NAME_GSTAR_HEAD,#CSO2_ITEM_DESC_GSTAR_HEAD,0,0,head_gstar,31,,
10010,10010,0,class,head,#CSO2_ITEM_NAME_TWINDIAN,#CSO2_ITEM_DESC_TWINDIAN,0,28,head_twindian,31,,
10014,10014,0,class,head,#CSO2_ITEM_NAME_HEADCRAB,#CSO2_ITEM_DESC_HEADCRAB,0,0,head_headcrab,31,,
10020,10020,0,class,head,#CSO2_ITEM_NAME_PIGHEAD,#CSO2_ITEM_DESC_PIGHEAD,0,25,head_pighead,31,,
10030,10030,0,class,head,#CSO2_ITEM_NAME_head_millet01,#CSO2_ITEM_DESC_head_millet01,0,0,head_millet01,31,,
10032,10032,0,class,head,#CSO2_ITEM_NAME_head_stopit,#CSO2_ITEM_DESC_head_stopit,0,0,head_stopit,31,,
10033,10033,0,class,head,#CSO2_ITEM_NAME_head_foxhead,#CSO2_ITEM_DESC_head_foxhead,0,27,head_foxhead,31,,
10037,10037,0,class,head,#CSO2_ITEM_NAME_head_horseyear,#CSO2_ITEM_DESC_head_horseyear,0,0,head_horseyear,31,,
10038,10038,0,class,head,#CSO2_ITEM_NAME_head_schoolhat,#CSO2_ITEM_DESC_head_schoolhat,0,26,head_schoolhat,31,,
10045,10045,0,class,head,#CSO2_ITEM_NAME_HEAD_gstar2014,#CSO2_ITEM_DESC_HEAD_gstar2014,0,0,head_gstar2014,31,,
10047,10047,0,class,head,#CSO2_ITEM_NAME_HEAD_sunglasshat,#CSO2_ITEM_DESC_HEAD_sunglasshat,0,55,head_sunglasshat,31,,
10048,10048,0,class,head,#CSO2_ITEM_NAME_HEAD_boardhelemt,#CSO2_ITEM_DESC_HEAD_boardhelemt,0,50,head_boardhelemt,31,,
10049,10049,0,class,head,#CSO2_ITEM_NAME_HEAD_mask_01,#CSO2_ITEM_DESC_HEAD_mask_01,0,0,head_mask01,31,,
10050,10050,0,class,head,#CSO2_ITEM_NAME_HEAD_mask_02,#CSO2_ITEM_DESC_HEAD_mask_02,0,0,head_mask02,31,,
10051,10006,0,class,head,#CSO2_ITEM_NAME_KOALA,#CSO2_ITEM_DESC_KOALA,0,0,head_koala,31,,
10052,10052,0,class,head,#CSO2_ITEM_NAME_HEAD_2015sheep,#CSO2_ITEM_DESC_HEAD_2015sheep,0,64,head_2015sheep,31,,
10054,10054,0,class,head,#CSO2_ITEM_NAME_HEAD_baseball,#CSO2_ITEM_DESC_HEAD_baseball,0,67,head_baseball,31,,
10057,10057,0,class,head,#CSO2_ITEM_NAME_HEAD_BENNY,#CSO2_ITEM_DESC_HEAD_BENNY,0,99,head_benny,31,,
10059,10059,0,class,head,#CSO2_ITEM_NAME_HEAD_diyhelmet,#CSO2_ITEM_DESC_HEAD_diyhelmet,0,99,head_diyhelmet,31,,
10061,10061,0,class,head,#CSO2_ITEM_NAME_HEAD_gstar2015,#CSO2_ITEM_DESC_HEAD_gstar2015,0,0,head_gstar2015,31,,
10062,10062,0,class,head,#CSO2_ITEM_NAME_head_witchhat,#CSO2_ITEM_DESC_head_witchhat,0,0,head_witchhat,31,,
10064,10064,0,class,head,#CSO2_ITEM_NAME_head_realchicken,#CSO2_ITEM_DESC_head_head_realchicken,0,0,head_realchicken,31,,
10065,10065,0,class,head,#CSO2_ITEM_NAME_head_horsestatue,#CSO2_ITEM_DESC_head_horsestatue,0,0,head_horsestatue,31,,
10066,10066,0,class,head,#CSO2_ITEM_NAME_head_2016monkey,#CSO2_ITEM_DESC_head_2016monkey_shop,0,209,head_2016monkey,31,,
10068,10068,0,class,head,#CSO2_ITEM_NAME_head_zchelmet,#CSO2_ITEM_DESC_head_zchelmet,0,218,head_zchelmet,31,,
10069,10069,0,class,head,#CSO2_ITEM_NAME_head_frog,#CSO2_ITEM_DESC_head_frog,0,0,head_frog,31,,
10070,10070,0,class,head,#CSO2_ITEM_NAME_head_2016spring,#CSO2_ITEM_DESC_head_2016spring,0,219,head_2016spring,31,,
10073,10073,0,class,head,#CSO2_ITEM_NAME_head_panda,#CSO2_ITEM_DESC_head_panda,0,0,head_panda,31,,
10074,10074,0,class,head,#CSO2_ITEM_NAME_head_nursehat,#CSO2_ITEM_DESC_head_nursehat,0,0,head_nursehat,31,,
10075,10075,0,class,head,#CSO2_ITEM_NAME_head_hidecam,#CSO2_ITEM_DESC_head_hidecam,0,0,head_hidecam ,31,,
10080,10080,0,class,head,#CSO2_ITEM_NAME_head_tammy01,#CSO2_ITEM_DESC_head_tammy01,0,435,head_tammy01,31,,
10081,10081,0,class,head,#CSO2_ITEM_NAME_head_mari01,#CSO2_ITEM_DESC_head_mari01,0,434,head_mari01,31,,
10082,10082,0,class,head,#CSO2_ITEM_NAME_head_maxzombie,#CSO2_ITEM_DESC_head_maxzombie,0,460,head_maxzombie,31,,
10083,10083,0,class,head,#CSO2_ITEM_NAME_head_lightzombie,#CSO2_ITEM_DESC_head_lightzombie,0,461,head_lightzombie,31,,
10084,10084,0,class,head,#CSO2_ITEM_NAME_head_kwanwoo,#CSO2_ITEM_DESC_head_kwanwoo,0,449,head_kwanwoo,31,,
10090,10090,0,class,head,#CSO2_ITEM_NAME_head_cowboy,#CSO2_ITEM_DESC_head_cowboy,0,0,head_cowboy,31,,
10094,10094,0,class,head,#CSO2_ITEM_NAME_head_gstar2016,#CSO2_ITEM_DESC_head_gstar2016,0,0,head_gstar2016,31,,
10106,10106,0,class,head,#CSO2_ITEM_NAME_head_key01,#CSO2_ITEM_DESC_head_key01,0,0,head_key01,31,,
10107,10107,0,class,head,#CSO2_ITEM_NAME_head_key18,#CSO2_ITEM_DESC_head_key18,0,0,head_key18,31,,
10108,10108,0,class,head,#CSO2_ITEM_NAME_head_key16gauss,#CSO2_ITEM_DESC_head_key16gauss,0,0,head_key16gauss,31,,
10109,10109,0,class,head,#CSO2_ITEM_NAME_head_key17xmas2016,#CSO2_ITEM_DESC_head_key17xmas2016,0,0,head_key17xmas2016,31,,
10110,10110,0,class,head,#CSO2_ITEM_NAME_head_key04amethyst2,#CSO2_ITEM_DESC_head_key04amethyst2,0,0,head_key04amethyst2,31,,
10111,10111,0,class,head,#CSO2_ITEM_NAME_head_key04watermelon,#CSO2_ITEM_DESC_head_key04watermelon,0,0,head_key04watermelon,31,,
10112,10112,0,class,head,#CSO2_ITEM_NAME_head_key171111,#CSO2_ITEM_DESC_head_key171111,0,0,head_key171111,31,,
10131,10131,0,class,head,#CSO2_ITEM_NAME_head_2018dog,#CSO2_ITEM_DESC_head_2018dog,0,0,head_2018dog,31,,
20001,20001,0,class,back,#CSO2_ITEM_NAME_LPG,#CSO2_ITEM_DESC_LPG,0,14,back_lpg,31,,
20002,20002,0,class,back,#CSO2_ITEM_NAME_CBT_BACK,#CSO2_ITEM_DESC_CBT_BACK,0,0,back_back01,31,,
20003,20003,0,class,back,#CSO2_ITEM_NAME_DRUM,#CSO2_ITEM_DESC_DRUM,0,0,back_drum,31,,
20004,20004,0,class,back,#CSO2_ITEM_NAME_KEY,#CSO2_ITEM_DESC_KEY,0,20,back_keyboard,31,,
20005,20005,0,class,back,#CSO2_ITEM_NAME_WING,#CSO2_ITEM_DESC_WING,0,0,back_wing,31,,
20006,20006,0,class,back,#CSO2_ITEM_NAME_XMAS01_BACK,#CSO2_ITEM_DESC_XMAS01_BACK,0,0,back_xmas01,31,,
20007,20007,0,class,back,#CSO2_ITEM_NAME_GSTAR_BACK,#CSO2_ITEM_DESC_GSTAR_BACK,0,0,back_gstar,31,,
20012,20012,0,class,back,#CSO2_ITEM_NAME_KEY,#CSO2_ITEM_DESC_KEY,0,0,back_keyboard,31,,
20015,20015,0,class,back,#CSO2_ITEM_NAME_PIGBACK,#CSO2_ITEM_DESC_PIGBACK,0,15,back_pigback,31,,
20021,20021,0,class,back,#CSO2_ITEM_NAME_back_foxtail,#CSO2_ITEM_DESC_back_foxtail,0,18,back_foxtail,31,,
20022,20022,0,class,back,#CSO2_ITEM_NAME_back_turtleshell,#CSO2_ITEM_DESC_back_turtleshell,0,16,back_turtleshell,31,,
20024,20024,0,class,back,#CSO2_ITEM_NAME_back_millet01,#CSO2_ITEM_DESC_back_millet01,0,0,back_millet01,31,,
20026,20026,0,class,back,#CSO2_ITEM_NAME_back_racoon_tail,#CSO2_ITEM_DESC_back_racoon_tail,0,17,back_racoon,31,,
20028,20028,0,class,back,#CSO2_ITEM_NAME_back_horseyear,#CSO2_ITEM_DESC_back_horseyear,0,0,back_horseyear,31,,
20030,20030,0,class,back,#CSO2_ITEM_NAME_back_schoolbag,#CSO2_ITEM_DESC_back_schoolbag,0,19,back_schoolbag,31,,
20034,20034,0,class,back,#CSO2_ITEM_NAME_back_gstar2014,#CSO2_ITEM_DESC_back_gstar2014,0,0,back_gstar2014,31,,
20035,20035,0,class,back,#CSO2_ITEM_NAME_back_deltabag,#CSO2_ITEM_DESC_back_deltabag,0,56,back_deltabag,31,,
20036,20036,0,class,back,#CSO2_ITEM_NAME_back_lisaboard,#CSO2_ITEM_DESC_back_lisaboard,0,54,back_lisaboard,31,,
20037,20037,0,class,back,#CSO2_ITEM_NAME_back_milaboard,#CSO2_ITEM_DESC_back_milaboard,0,53,back_milaboard,31,,
20038,20038,0,class,back,#CSO2_ITEM_NAME_back_miladoll,#CSO2_ITEM_DESC_back_miladoll,0,52,back_miladoll,31,,
20039,20039,0,class,back,#CSO2_ITEM_NAME_back_lisadoll,#CSO2_ITEM_DESC_back_lisadoll,0,51,back_lisadoll,31,,
20040,20040,0,class,back,#CSO2_ITEM_NAME_back_p77,#CSO2_ITEM_DESC_back_p77,0,49,back_p77,31,,
20041,20041,0,class,back,#CSO2_ITEM_NAME_back_turtlebag,#CSO2_ITEM_DESC_back_turtlebag,0,48,back_turtlebag,31,,
20042,20042,0,class,back,#CSO2_ITEM_NAME_back_2015sheep,#CSO2_ITEM_DESC_back_2015sheep,0,63,back_2015sheep,31,,
20043,20043,0,class,back,#CSO2_ITEM_NAME_back_baseball,#CSO2_ITEM_DESC_back_baseball,0,68,back_baseball,31,,
20046,20046,0,class,back,#CSO2_ITEM_NAME_WATERCANON,#CSO2_ITEM_DESC_WATERCANON,0,98,back_watercanon,31,,
20048,20048,0,class,back,#CSO2_ITEM_NAME_back_diyfence,#CSO2_ITEM_DESC_back_diyfence,0,98,back_diyfence,31,,
20051,20051,0,class,back,#CSO2_ITEM_NAME_back_gstar2015,#CSO2_ITEM_DESC_back_gstar2015,0,0,back_gstar2015,31,,
20052,20052,0,class,back,#CSO2_ITEM_NAME_back_witchbroom,#CSO2_ITEM_DESC_back_witchbroom,0,0,back_witchbroom,31,,
20053,20053,0,class,back,#CSO2_ITEM_NAME_back_2016monkey,#CSO2_ITEM_DESC_back_2016monkey_shop,0,208,back_2016monkey,31,,
20054,20054,0,class,back,#CSO2_ITEM_NAME_back_zccanon,#CSO2_ITEM_DESC_back_zccanon,0,217,back_zccanon,31,,
20055,20055,0,class,back,#CSO2_ITEM_NAME_back_frog,#CSO2_ITEM_DESC_back_frog,0,0,back_frog,31,,
20056,20056,0,class,back,#CSO2_ITEM_NAME_back_back_phoenixwing,#CSO2_ITEM_DESC_back_back_phoenixwing,0,0,back_phoenixwing,31,,
20059,20059,0,class,back,#CSO2_ITEM_NAME_back_syringe,#CSO2_ITEM_DESC_back_syringe,0,0,back_syringe,31,,
20060,20060,0,class,back,#CSO2_ITEM_NAME_back_emoteballoon,#CSO2_ITEM_DESC_back_emoteballoon,0,0,back_emoteballoon,31,,
20067,20067,0,class,back,#CSO2_ITEM_NAME_back_tammy01,#CSO2_ITEM_DESC_back_tammy01,0,433,back_tammy01,31,,
20068,20068,0,class,back,#CSO2_ITEM_NAME_back_mari01,#CSO2_ITEM_DESC_back_mari01,0,432,back_mari01,31,,
20069,20069,0,class,back,#CSO2_ITEM_NAME_back_kwanwoo,#CSO2_ITEM_DESC_back_kwanwoo,0,448,back_kwanwoo,31,,
20070,20070,0,class,back,#CSO2_ITEM_NAME_back_gstar2016,#CSO2_ITEM_DESC_back_gstar2016,0,0,back_gstar2016,31,,
20087,20087,0,class,back,#CSO2_ITEM_NAME_GOLDPIGBAG,#CSO2_ITEM_DESC_GOLDPIGBAG,0,0,back_goldpigbag,31,,
20107,20107,0,class,back,#CSO2_ITEM_NAME_back_2018dog,#CSO2_ITEM_DESC_back_2018dog,0,0,back_2018dog,31,,
30001,30001,0,class,glove,#CSO2_ITEM_NAME_WORK,#CSO2_ITEM_DESC_WORK,0,21,glove_work,31,,
30002,30002,0,class,glove,#CSO2_ITEM_NAME_CAMOUFLAGE,#CSO2_ITEM_DESC_CAMOUFLAGE,0,22,glove_camouflage,31,,
30003,30003,0,class,glove,#CSO2_ITEM_NAME_CBT_GLOVE,#CSO2_ITEM_DESC_CBT_GLOVE,0,0,glove_cbt,31,,
30004,30004,0,class,glove,#CSO2_ITEM_NAME_GLOVE01,#CSO2_ITEM_DESC_GLOVE01,0,0,glove_glove01,31,,
30005,30005,0,class,glove,#CSO2_ITEM_NAME_SKELETON,#CSO2_ITEM_DESC_SKELETON,0,0,glove_skeleton,31,,
30006,30006,0,class,glove,#CSO2_ITEM_NAME_XMAS01_GLOVE,#CSO2_ITEM_DESC_XMAS01_GLOVE,0,0,glove_xmas01,31,,
30012,30012,0,class,glove,#CSO2_ITEM_NAME_PIGGLOVE,#CSO2_ITEM_DESC_PIGGLOVE,0,23,glove_pigglove,31,,
30014,30014,0,class,glove,#CSO2_ITEM_NAME_glove_millet01,#CSO2_ITEM_DESC_glove_millet01,0,0,glove_millet01,31,,
30015,30015,0,class,glove,#CSO2_ITEM_NAME_glove_horseyear,#CSO2_ITEM_DESC_glove_horseyear,0,0,glove_horseyear,31,,
30017,30017,0,class,glove,#CSO2_ITEM_NAME_glove_2015sheep,#CSO2_ITEM_DESC_glove_2015sheep,0,62,glove_2015sheep,31,,
30019,30019,0,class,glove,#CSO2_ITEM_NAME_glove_2016monkey,#CSO2_ITEM_DESC_glove_2016monkey_shop,0,207,glove_2016monkey,31,,
30022,30022,0,class,glove,#CSO2_ITEM_NAME_glove_kwanwoo,#CSO2_ITEM_DESC_glove_kwanwoo,0,0,glove_kwanwoo,31,,
30027,30027,0,class,glove,#CSO2_ITEM_NAME_glove_2018dog,#CSO2_ITEM_DESC_glove_2018dog,0,0,glove_2018dog,31,,
40001,40001,0,class,effect,#CSO2_ITEM_NAME_step_snow,#CSO2_ITEM_DESC_step_snow,0,0,cso2_step_snow,31,,
40002,40002,0,class,effect,#CSO2_ITEM_NAME_step_FIRE,#CSO2_ITEM_DESC_step_FIRE,0,0,cso2_step_fire,31,,
40003,40003,0,class,effect,#CSO2_ITEM_NAME_step_SONG,#CSO2_ITEM_DESC_step_SONG,0,0,cso2_step_song,31,,
40004,40004,0,class,effect,#CSO2_ITEM_NAME_step_STAR,#CSO2_ITEM_DESC_step_STAR,0,0,cso2_step_star,31,,
40005,40005,0,class,effect,#CSO2_ITEM_NAME_step_HEAL,#CSO2_ITEM_DESC_step_HEAL,0,0,cso2_step_heal,31,,
40006,40006,0,class,effect,#CSO2_ITEM_NAME_step_TRAIL01,#CSO2_ITEM_DESC_step_TRAIL01,0,0,cso2_step_trail_01,31,,
40007,40007,0,class,effect,#CSO2_ITEM_NAME_step_TRAIL02,#CSO2_ITEM_DESC_step_TRAIL02,0,0,cso2_step_trail_02,31,,
40008,40008,0,class,effect,#CSO2_ITEM_NAME_step_TRAIL03,#CSO2_ITEM_DESC_step_TRAIL03,0,0,cso2_step_trail_03,31,,
40009,40009,0,class,effect,#CSO2_ITEM_NAME_step_zombie,#CSO2_ITEM_DESC_step_zombie,0,0,cso2_step_zombie,31,,
40010,40010,0,class,effect,#CSO2_ITEM_NAME_step_light,#CSO2_ITEM_DESC_step_light,0,0,cso2_step_light,31,,
40011,40011,0,class,effect,#CSO2_ITEM_NAME_step_smoke,#CSO2_ITEM_DESC_step_smoke,0,0,cso2_step_smoke,31,,
40012,40012,0,class,effect,#CSO2_ITEM_NAME_step_fastdust,#CSO2_ITEM_DESC_step_fastdust,0,0,cso2_step_fastdust,31,,
40013,40013,0,class,effect,#CSO2_ITEM_NAME_step_buster,#CSO2_ITEM_DESC_step_buster,0,0,cso2_step_buster,31,,
40014,40014,0,class,effect,#CSO2_ITEM_NAME_step_smoke_c,#CSO2_ITEM_DESC_step_smoke_c,0,0,cso2_step_smoke_c,31,,
40015,40015,0,class,effect,#CSO2_ITEM_NAME_step_firework,#CSO2_ITEM_DESC_step_firework,0,0,cso2_step_firework,31,,
40016,40016,0,class,effect,#CSO2_ITEM_NAME_step_grass,#CSO2_ITEM_DESC_step_grass,0,0,cso2_step_grass,31,,
42001,42001,0,class,effect,#CSO2_ITEM_NAME_gr_c_logo_01,#CSO2_ITEM_DESC_gr_c_logo_01,0,0,gr_c_logo_01,31,,
42002,42002,0,class,effect,#CSO2_ITEM_NAME_gr_c_ctu_01,#CSO2_ITEM_DESC_gr_c_ctu_01,0,0,gr_c_ctu_01,31,,
42003,42003,0,class,effect,#CSO2_ITEM_NAME_gr_c_gg_01,#CSO2_ITEM_DESC_gr_c_gg_01,0,0,gr_c_gg_01,31,,
42004,42004,0,class,effect,#CSO2_ITEM_NAME_gr_c_anger_01,#CSO2_ITEM_DESC_gr_c_anger_01,0,107,gr_c_anger_01,31,,
42005,42005,0,class,effect,#CSO2_ITEM_NAME_gr_c_joy_01,#CSO2_ITEM_DESC_gr_c_joy_01,0,106,gr_c_joy_01,31,,
42006,42006,0,class,effect,#CSO2_ITEM_NAME_gr_c_sad_01,#CSO2_ITEM_DESC_gr_c_sad_01,0,105,gr_c_sad_01,31,,
42007,42007,0,class,effect,#CSO2_ITEM_NAME_gr_c_yok_01,#CSO2_ITEM_DESC_gr_c_yok_01,0,104,gr_c_yok_01,31,,
42008,42008,0,class,effect,#CSO2_ITEM_NAME_gr_s_athena_01,#CSO2_ITEM_DESC_gr_s_athena_01,0,103,gr_s_athena_01,31,,
42009,42009,0,class,effect,#CSO2_ITEM_NAME_gr_s_miu_01,#CSO2_ITEM_DESC_gr_s_miu_01,0,102,gr_s_miu_01,31,,
42010,42010,0,class,effect,#CSO2_ITEM_NAME_gr_s_tammy_01,#CSO2_ITEM_DESC_gr_s_tammy_01,0,101,gr_s_tammy_01,31,,
49001,49001,0,item,item,#CSO2_ITEM_NAME_hide_securityguard,#CSO2_ITEM_DESC_hide_securityguard,0,0,action_securityguard,31,,
49002,49002,0,item,item,#CSO2_ITEM_NAME_hide_horse,#CSO2_ITEM_DESC_hide_horse,0,0,action_horse,31,,
49003,49003,0,item,item,#CSO2_ITEM_NAME_hide_phone,#CSO2_ITEM_DESC_hide_phone,0,0,action_phone,31,,
49004,49004,0,item,item,#CSO2_ITEM_NAME_hide_italytree,#CSO2_ITEM_DESC_hide_italytree,0,0,action_italytree,31,,
49005,49005,0,item,item,#CSO2_ITEM_NAME_hide_vending_turtle,#CSO2_ITEM_DESC_hide_vending_turtle,0,0,action_vending_turtle,31,,
49006,49006,0,item,item,#CSO2_ITEM_NAME_hide_fire_extinguisher,#CSO2_ITEM_DESC_hide_fire_extinguisher,0,0,action_fire_extinguisher,31,,
49007,49007,0,item,item,#CSO2_ITEM_NAME_hide_toilet,#CSO2_ITEM_DESC_hide_toilet,0,0,action_toilet,31,,
49008,49008,0,item,item,#CSO2_ITEM_NAME_hide_file_cabinet_01,#CSO2_ITEM_DESC_hide_file_cabinet_01,0,0,action_file_cabinet_01,31,,
49009,49009,0,item,item,#CSO2_ITEM_NAME_hide_oildrum001,#CSO2_ITEM_DESC_hide_oildrum001,0,0,action_oildrum001,31,,
49010,49010,0,item,item,#CSO2_ITEM_NAME_hide_vending_machine,#CSO2_ITEM_DESC_hide_vending_machine,0,0,action_vending_machine,31,,
49999,49999,0,item,item,#CSO2_ITEM_NAME_hide_chicken,#CSO2_ITEM_DESC_hide_chicken,0,0,action_chicken,31,,
50001,50001,0,item,item,#CSO2_ITEM_NAME_random_box_01,#CSO2_ITEM_DESC_random_box01,0,0,random_box_01,31,,
50002,50002,0,item,item,#CSO2_ITEM_NAME_random_box_02,#CSO2_ITEM_DESC_random_box02,0,715,random_box_02,31,,
50003,50003,0,item,item,#CSO2_ITEM_NAME_random_box_03,#CSO2_ITEM_DESC_random_box03,0,0,random_box_03,31,,
50004,50004,0,item,item,#CSO2_ITEM_NAME_random_box_04,#CSO2_ITEM_DESC_random_box04,0,370,random_box_04,31,,
50005,50005,0,item,item,#CSO2_ITEM_NAME_random_key_box_01,#CSO2_ITEM_DESC_random_key_box01,0,720,random_key_box_01,31,,
50006,50006,0,item,item,#CSO2_ITEM_NAME_random_box_04_event,#CSO2_ITEM_DESC_random_box04_event,0,0,random_box_04_event,31,,
50007,50007,0,item,item,#CSO2_ITEM_NAME_random_box_05_amethyst,#CSO2_ITEM_DESC_random_box_05_amethyst,0,0,amethystbox,31,,
50008,50008,0,item,item,#CSO2_ITEM_NAME_random_box_04_shine,#CSO2_ITEM_DESC_random_box04_shine,0,0,random_box_04_shine,31,,
50011,50011,0,item,item,#CSO2_ITEM_NAME_random_box_07_xmas,#CSO2_ITEM_DESC_random_box_07_xmas,0,0,random_box_07_xmas,31,,
50015,50015,0,item,item,#CSO2_ITEM_NAME_random_box_ak47flash,#CSO2_ITEM_DESC_random_box_ak47flash_shop,0,0,random_box_ak47flash,31,,
50016,50016,0,item,item,#CSO2_ITEM_NAME_random_box_m4a1flash,#CSO2_ITEM_DESC_random_box_m4a1flash_shop,0,0,random_box_m4a1flash,31,,
50017,50017,0,item,item,#CSO2_ITEM_NAME_random_box_new_weapon,#CSO2_ITEM_DESC_random_box_new_weapon,0,371,random_box_new_weapon,31,,
50018,50018,0,item,item,#CSO2_ITEM_NAME_random_box_09_amethyst2,#CSO2_ITEM_DESC_random_box_09_amethyst2,0,0,random_box_09_amethyst2,31,,
50019,50019,0,item,item,#CSO2_ITEM_NAME_random_box_09_hide,#CSO2_ITEM_DESC_random_box_09_hide,0,0,random_box_09_hide,31,,
50023,50023,0,item,item,#CSO2_ITEM_NAME_random_box_13_ice,#CSO2_ITEM_DESC_random_box_13_ice,0,0,random_box_13_ice,31,,
50024,50024,0,item,item,#CSO2_ITEM_NAME_random_box_15_cobalt,#CSO2_ITEM_DESC_random_box_15_cobalt,0,0,random_box_15_cobalt,31,,
50025,50025,0,item,item,#CSO2_ITEM_NAME_luckybag,#CSO2_ITEM_DESC_luckybag,0,0,luckybag,31,,
50026,50026,0,item,item,#CSO2_ITEM_NAME_random_box_16_gauss,#CSO2_ITEM_DESC_random_box_16_gauss,0,716,random_box_16_gauss,31,,
50029,50029,0,item,item,#CSO2_ITEM_NAME_random_box_17_xmas2016,#CSO2_ITEM_DESC_random_box_17_xmas2016,0,0,random_box_17_xmas2016,31,,
50031,50031,0,item,item,#CSO2_ITEM_NAME_random_box_18_pcbang,#CSO2_ITEM_DESC_random_box_18_pcbang,0,0,random_box_18_pcbang,31,,
50032,50032,0,item,item,#CSO2_ITEM_NAME_luckybag02,#CSO2_ITEM_DESC_luckybag02,0,0,luckybag02,31,,
50033,50033,0,item,item,#CSO2_ITEM_NAME_random_box_18,#CSO2_ITEM_DESC_random_box_18,0,0,random_box_18,31,,
50035,50035,0,item,item,#CSO2_ITEM_NAME_luckybag03,#CSO2_ITEM_DESC_luckybag03,0,0,luckybag03,31,,
50036,50036,0,item,item,#CSO2_ITEM_NAME_random_box_19_ice2,#CSO2_ITEM_DESC_random_box_19_ice2,0,0,random_box_19_ice2,31,,
50037,50037,0,item,item,#CSO2_ITEM_NAME_luckybag04,#CSO2_ITEM_DESC_luckybag04,0,0,luckybag04,31,,
50039,50039,0,item,item,#CSO2_ITEM_NAME_random_box_20,#CSO2_ITEM_DESC_random_box_20,0,800,random_box_20,31,,
50040,50040,0,item,item,#CSO2_ITEM_NAME_random_box_21,#CSO2_ITEM_DESC_random_box_21,0,171130,random_box_21,31,,
50041,50041,0,item,item,#CSO2_ITEM_NAME_random_box_22_xmas2017,#CSO2_ITEM_DESC_random_box_22_xmas2017,0,171221,random_box_22_xmas2017,31,,
52001,52001,0,item,item,#CSO2_ITEM_NAME_random_box_tw_obt,#CSO2_ITEM_DESC_random_box_tw_obt,0,0,random_box_tw_obt,31,,
60001,60001,0,item,item,#CSO2_ITEM_NAME_CARRIE_CARD,#CSO2_ITEM_DESC_CARRIE_CARD,0,195,item_card_carrie,31,,
60002,60002,0,item,item,#CSO2_ITEM_NAME_VIPER_CARD,#CSO2_ITEM_DESC_VIPER_CARD,0,194,item_card_viper,31,,
80001,0,0,item,item,#CSO2_ITEM_NAME_POINT50000,#CSO2_ITEM_DESC_POINT50000,0,0,point_50000,31,,
80002,0,0,item,item,#CSO2_ITEM_NAME_POINT100000,#CSO2_ITEM_DESC_POINT100000,0,0,point_100000,31,,
80003,0,0,item,item,#CSO2_ITEM_NAME_POINT220000,#CSO2_ITEM_DESC_POINT220000,0,0,point_220000,31,,
80004,0,0,item,item,#CSO2_ITEM_NAME_POINT300000,#CSO2_ITEM_DESC_POINT300000,0,0,point_300000,31,,
80005,0,0,item,item,#CSO2_ITEM_NAME_POINT25000,#CSO2_ITEM_DESC_POINT25000,0,0,point_25000,31,,
80006,0,0,item,item,#CSO2_ITEM_NAME_POINT1000000,#CSO2_ITEM_DESC_POINT1000000,0,0,point_1000000,31,,
80007,(10094;20070;5244),0,item,item,#CSO2_COUPON_NAME_2016_GSTAR,#CSO2_COUPON_DESC_2016_GSTAR,0,0,2016_GSTAR,31,,
80008,(10114;5157),0,item,item,#CSO2_COUPON_NAME_2017_GSTAR,#CSO2_COUPON_DESC_2017_GSTAR,0,0,2017_GSTAR,31,,
90001,90001,0,bigmall,item,#CSO2_ITEM_NAME_COUPON_01_TEST,#CSO2_ITEM_DESC_COUPON_01_TEST,0,0,coupon_01,31,,
90002,90002,0,bigmall,item,#CSO2_ITEM_NAME_EXCHANGE_TICKET_01_TEST,#CSO2_ITEM_DESC_EXCHANGE_TICKET_01_TEST,0,0,exchange_ticket_01,31,,
91101,91101,0,bigmall,item,#CSO2_ITEM_NAME_SUB_HMZ,#CSO2_ITEM_DESC_SUB_HMZ,0,0,sub_hmz,31,,
91102,91102,0,bigmall,item,#CSO2_ITEM_NAME_SUB_PC,#CSO2_ITEM_DESC_SUB_PC,0,0,sub_pc,31,,
91103,91103,0,bigmall,item,#CSO2_ITEM_NAME_SUB_CANADA,#CSO2_ITEM_DESC_SUB_CANADA,0,0,sub_canada,31,,
91104,91104,0,bigmall,item,#CSO2_ITEM_NAME_SUB_TISSOT,#CSO2_ITEM_DESC_SUB_TISSOT,0,0,sub_tissot,31,,
91105,91105,0,bigmall,item,#CSO2_ITEM_NAME_SUB_CANNON,#CSO2_ITEM_DESC_SUB_CANNON,0,0,sub_cannon,31,,
91106,91106,0,bigmall,item,#CSO2_ITEM_NAME_SUB_IPAD,#CSO2_ITEM_DESC_SUB_IPAD,0,0,sub_ipad,31,,
91107,91107,0,bigmall,item,#CSO2_ITEM_NAME_SUB_BIKE,#CSO2_ITEM_DESC_SUB_BIKE,0,0,sub_bike,31,,
91108,91108,0,bigmall,item,#CSO2_ITEM_NAME_SUB_RAZOR,#CSO2_ITEM_DESC_SUB_RAZOR,0,0,sub_razor,31,,
91109,91109,0,bigmall,item,#CSO2_ITEM_NAME_SUB_DRDRE,#CSO2_ITEM_DESC_SUB_DRDRE,0,0,sub_drdre,31,,
91110,91110,0,bigmall,item,#CSO2_ITEM_NAME_SUB_VIPS,#CSO2_ITEM_DESC_SUB_VIPS,0,0,sub_vips,31,,
91111,91111,0,bigmall,item,#CSO2_ITEM_NAME_SUB_DEP_STORE_50000,#CSO2_ITEM_DESC_SUB_DEP_STORE_50000,0,0,sub_dep_store_50000,31,,
91112,91112,0,bigmall,item,#CSO2_ITEM_NAME_SUB_KFC,#CSO2_ITEM_DESC_SUB_KFC,0,0,sub_kfc,31,,
91113,91113,0,bigmall,item,#CSO2_ITEM_NAME_SUB_CULTURE_5000,#CSO2_ITEM_DESC_SUB_CULTURE_5000,0,0,sub_culture_5000,31,,
91114,91114,0,bigmall,item,#CSO2_ITEM_NAME_SUB_CUPRAMEN,#CSO2_ITEM_DESC_SUB_CUPRAMEN,0,0,sub_cupramen,31,,
91115,91115,0,bigmall,item,#CSO2_ITEM_NAME_SUB_NEXONCASH5000,#CSO2_ITEM_DESC_SUB_NEXONCASH5000,0,57,sub_nexoncash5000,31,,
100001,(2001;80002),0,set,etc,#CSO2_ITEM_NAME_SET_NICKNAME_100000,#CSO2_ITEM_DESC_SET_NICKNAME_100000,0,29,nickchange10,31,,
100002,(2003;80002),0,set,etc,#CSO2_ITEM_NAME_SET_KAD_100000,#CSO2_ITEM_DESC_SET_KAD_100000,0,30,kadreset10,31,,
100003,(2001;2003;80003),0,set,etc,#CSO2_ITEM_NAME_SET_NICK_KAD_220000,#CSO2_ITEM_DESC_SET_NICK_KAD_220000,0,39,kadnick22,31,,
100004,(1012;1013),0,set,class,#CSO2_ITEM_NAME_SET_YURICHOI,#CSO2_ITEM_DESC_SET_YURICHOI,0,0,yurichoi,31,,
100005,(1014;1015),0,set,class,#CSO2_ITEM_NAME_SET_maolincoln,#CSO2_ITEM_DESC_SET_maolincoln,0,40,maolincoln,31,,
100006,(1016;1017;80004),0,set,class,#CSO2_ITEM_NAME_SET_marinatary30,#CSO2_ITEM_DESC_SET_marinatary30,0,0,marinatary30,31,,
100007,(1016;80002),3,class,class,#CSO2_ITEM_NAME_SET_mari10,#CSO2_ITEM_DESC_SET_mari10,0,0,mari10,31,,
100008,(1017;80002),2,class,class,#CSO2_ITEM_NAME_SET_natary10,#CSO2_ITEM_DESC_SET_natary10,0,0,natary10,31,,
100009,(1016;1017),0,set,class,#CSO2_ITEM_NAME_SET_marinatary,#CSO2_ITEM_DESC_SET_marinatary,0,42,marinatary,31,,
100010,(1018;1019),0,set,class,#CSO2_ITEM_NAME_SET_707ara,#CSO2_ITEM_DESC_SET_707ara,0,45,707ara,31,,
100011,(2012;80002),0,set,etc,#CSO2_ITEM_NAME_SET_MEGAPHONE_100000,#CSO2_ITEM_DESC_SET_MEGAPHONE_100000,0,0,megaphone100000,31,,
100012,(2011;80001),0,set,etc,#CSO2_ITEM_NAME_SET_MEGAPHONE_50000,#CSO2_ITEM_DESC_SET_MEGAPHONE_50000,0,0,megaphone50000,31,,
100013,(2010;80005),0,set,etc,#CSO2_ITEM_NAME_SET_MEGAPHONE_25000,#CSO2_ITEM_DESC_SET_MEGAPHONE_25000,0,0,megaphone25000,31,,
100014,(1;5;7;9;10;11;12;16;17;20;22;24;25;26;28;44;52),0,set,etc,#CSO2_ITEM_NAME_SET_STARTERPACK,#CSO2_ITEM_DESC_SET_STARTERPACK,0,0,starterpack,31,,
100017,(3001;3002),0,set,etc,#CSO2_ITEM_NAME_SET_VIP_60DAY,#CSO2_ITEM_DESC_SET_VIP_60DAY,0,113,vip_set01,31,,
100018,(3001;3002),0,set,etc,#CSO2_ITEM_NAME_SET_VIP_90DAY,#CSO2_ITEM_DESC_SET_VIP_90DAY,0,112,vip_set02,31,,
100020,(60001;60002),0,set,etc,#CSO2_ITEM_NAME_SET_CARRIEVIPERCARD,#CSO2_ITEM_DESC_SET_CARRIEVIPERCARD,0,196,CARRIEVIPERCARD,31,,
100021,(1028;1029),0,set,etc,#CSO2_ITEM_NAME_SET_heathersonya,#CSO2_ITEM_DESC_SET_heathersonya,0,201,heathersonya,31,,
100022,(10064;10065),0,set,class,#CSO2_ITEM_NAME_SET_hide2event_pakage,#CSO2_ITEM_DESC_SET_hide2event_pakage,0,0,hide2event_pakage,31,,
100023,(20041;),0,set,class,#CSO2_ITEM_NAME_SET_actionLicensePack_01,#CSO2_ITEM_DESC_SET_actionLicensePack_01,0,0,actionLicensePack_01,31,,
100024,(2022;),0,set,class,#CSO2_ITEM_NAME_SET_zd_ItemPack_01,#CSO2_ITEM_DESC_SET_zd_ItemPack_01,0,0,zd_ItemPack_01,31,,
100026,100026,0,item,item,#CSO2_ITEM_NAME_random_box_09_amethyst2_50,#CSO2_ITEM_DESC_random_box_09_amethyst2_50,0,0,random_box_09_amethyst2_50,31,,
100027,(10075;20060),0,item,item,#CSO2_ITEM_NAME_nexonstaraccset,#CSO2_ITEM_DESC_nexonstaraccset,0,0,nexonstaraccset,31,,
100028,(5218;5219;5220),0,item,item,#CSO2_ITEM_NAME_nexonstarnebulaset,#CSO2_ITEM_DESC_nexonstarnebulaset,0,0,nexonstarnebulaset,31,,
100029,100029,0,item,item,#CSO2_ITEM_NAME_random_box_02_50,#CSO2_ITEM_DESC_random_box_02_50,0,351,random_box_02_50,31,,
100030,100030,0,item,item,#CSO2_ITEM_NAME_random_box_02_100,#CSO2_ITEM_DESC_random_box_02_100,0,401,random_box_02_100,31,,
100031,5221,0,set,item,#CSO2_ITEM_NAME_new_weaponbox_set,#CSO2_ITEM_DESC_new_weaponbox_set,0,372,new_weaponbox_set,31,,
100032,100032,0,set,item,#CSO2_ITEM_NAME_SET_WEAPONBOX01,#CSO2_ITEM_DESC_SET_WEAPONBOX01,0,375,set_weaponbox01,31,,
100033,100033,0,set,item,#CSO2_ITEM_NAME_SET_WEAPONBOX02,#CSO2_ITEM_DESC_SET_WEAPONBOX02,0,374,set_weaponbox02,31,,
100034,100034,0,item,item,#CSO2_ITEM_NAME_random_box_13_ice_100,#CSO2_ITEM_DESC_random_box_13_ice_100,0,388,random_box_13_ice_100,31,,
100035,100035,0,set,item,#CSO2_ITEM_NAME_SET_GLHUNTER_FULL,#CSO2_ITEM_DESC_SET_GLHUNTER_FULL,0,390,SET_GLHUNTER_FULL,31,,
100036,100036,0,set,item,#CSO2_ITEM_NAME_SET_GLHUNTER_SKIN,#CSO2_ITEM_DESC_SET_GLHUNTER_SKIN,0,389,SET_GLHUNTER_SKIN,31,,
100037,(1035;10081;20068),3,set,class,#CSO2_ITEM_NAME_marie_color01_set,#CSO2_ITEM_DESC_marie_color01_set,0,437,SET_MARIE_COLOR01,31,,
100038,(1036;10080;20067),2,set,class,#CSO2_ITEM_NAME_tammy_color01_set,#CSO2_ITEM_DESC_tammy_color01_set,0,436,SET_TAMMY_COLOR01,31,,
100039,100039,3,set,item,#CSO2_ITEM_NAME_M4A1_CAMO_PACK,#CSO2_ITEM_DESC_M4A1_CAMO_PACK,0,501,SET_M4A1_CAMO,31,,
100040,100040,2,set,item,#CSO2_ITEM_NAME_AK47_CAMO_PACK,#CSO2_ITEM_DESC_AK47_CAMO_PACK,0,500,SET_AK47_CAMO,31,,
100041,100041,0,item,item,#CSO2_ITEM_NAME_random_box_16_gauss_100,#CSO2_ITEM_DESC_random_box_16_gauss_100,0,0,random_box_16_gauss_100,31,,
100042,(1039;1040),0,set,class,#CSO2_ITEM_NAME_SET_GSGPHOENIX,#CSO2_ITEM_DESC_SET_GSGPHOENIX,0,481,GSG_PHOENIX_SET,31,,
100043,50003,0,item,item,#CSO2_ITEM_NAME_random_box_03,#CSO2_ITEM_DESC_random_box03,0,0,random_box_03,31,,
100044,50026,0,item,item,#CSO2_ITEM_NAME_random_box_16_gauss,#CSO2_ITEM_DESC_random_box_16_gauss,0,466,random_box_16_gauss,31,,
100045,2003,0,item,item,#CSO2_ITEM_NAME_PLAYERKILLDEATHRESET,#CSO2_ITEM_DESC_PLAYERKILLDEATHRESET,0,0,playerkilldeathreset,31,,
100046,2011,0,item,item,#CSO2_ITEM_NAME_MEGAPHONE_SERVER,#CSO2_ITEM_DESC_MEGAPHONE_SERVER,0,33,megaphoneserver,31,,
100047,8503,0,item,item,#CSO2_ITEM_NAME_recipeboost_type3,#CSO2_ITEM_DESC_recipeboost_type3,0,116,recipeboost_double,31,,
100048,50029,0,item,item,#CSO2_ITEM_NAME_random_box_17_xmas2016_100,#CSO2_ITEM_DESC_random_box_17_xmas2016_100,0,0,random_box_17_xmas2016_100,31,,
100049,50033,0,item,item,#CSO2_ITEM_NAME_random_box_18_50,#CSO2_ITEM_DESC_random_box_18_50,0,0,random_box_18_50,31,,
100050,50033,0,item,item,#CSO2_ITEM_NAME_random_box_18_80,#CSO2_ITEM_DESC_random_box_18_80,0,0,random_box_18_80,31,,
100051,(20087;2037),0,set,etc,#CSO2_ITEM_NAME_SET_GOLDPIGBAG30,#CSO2_ITEM_DESC_SET_GOLDPIGBAG30,0,689,goldpigbag30,31,,
100052,(5305;2037),0,set,etc,#CSO2_ITEM_NAME_SET_GOLDPOP20,#CSO2_ITEM_DESC_SET_GOLDPOP20,0,688,goldpop20,31,,
100053,50005,0,item,item,#CSO2_ITEM_NAME_random_key_box_01_100,#CSO2_ITEM_DESC_random_key_box01_100,0,0,random_key_box_01_100,31,,
100054,50036,0,item,item,#CSO2_ITEM_NAME_random_box_19_ice2_100,#CSO2_ITEM_DESC_random_box_19_ice2_100,0,0,random_box_19_ice2_100,31,,
100055,50005,0,item,item,#CSO2_ITEM_NAME_random_key_box_01_30,#CSO2_ITEM_DESC_random_key_box01_30,0,0,random_key_box_01,31,,
100056,50039,0,item,item,#CSO2_ITEM_NAME_random_box_20_30,#CSO2_ITEM_DESC_random_box_20_30,0,801,random_box_20,31,,
100057,50039,0,item,item,#CSO2_ITEM_NAME_random_box_20_100,#CSO2_ITEM_DESC_random_box_20_100,0,802,random_box_20_100,31,,
100058,50040,0,item,item,#CSO2_ITEM_NAME_random_box_21_10,#CSO2_ITEM_DESC_random_box_21_10,0,171130,random_box_21,31,,
100059,(1055;10124),3,set,class,#CSO2_ITEM_NAME_set_choi02,#CSO2_ITEM_DESC_set_choi02,0,171130,set_choi02,31,,
100060,(1056;10125),2,set,class,#CSO2_ITEM_NAME_set_yuri02,#CSO2_ITEM_DESC_set_yuri02,0,171130,set_yuri02,31,,
100061,50041,0,item,item,#CSO2_ITEM_NAME_random_box_22_xmas2017_30,#CSO2_ITEM_DESC_random_box_22_xmas2017_30,0,171221,random_box_22_xmas2017,31,,
100062,50041,0,item,item,#CSO2_ITEM_NAME_random_box_22_xmas2017_100,#CSO2_ITEM_DESC_random_box_22_xmas2017_100,0,171228,random_box_22_xmas2017_100,31,,
150001,10037,0,class,head,#CSO2_ITEM_NAME_head_horseyear,#CSO2_ITEM_DESC_head_horseyear,0,0,head_horseyear,31,,
150002,10052,0,class,head,#CSO2_ITEM_NAME_HEAD_2015sheep,#CSO2_ITEM_DESC_HEAD_2015sheep,0,0,head_2015sheep,31,,
150003,10066,0,class,head,#CSO2_ITEM_NAME_head_2016monkey,#CSO2_ITEM_DESC_head_2016monkey,0,0,head_2016monkey,31,,
150004,20042,0,class,back,#CSO2_ITEM_NAME_back_2015sheep,#CSO2_ITEM_DESC_back_2015sheep,0,0,back_2015sheep,31,,
150005,20028,0,class,back,#CSO2_ITEM_NAME_back_horseyear,#CSO2_ITEM_DESC_back_horseyear,0,0,back_horseyear,31,,
150006,20053,0,class,back,#CSO2_ITEM_NAME_back_2016monkey,#CSO2_ITEM_DESC_back_2016monkey,0,0,back_2016monkey,31,,
150007,20056,0,class,back,#CSO2_ITEM_NAME_back_back_phoenixwing,#CSO2_ITEM_DESC_back_back_phoenixwing,0,0,back_phoenixwing,31,,
150008,30015,0,class,glove,#CSO2_ITEM_NAME_glove_horseyear,#CSO2_ITEM_DESC_glove_horseyear,0,0,glove_horseyear,31,,
150009,30017,0,class,glove,#CSO2_ITEM_NAME_glove_2015sheep,#CSO2_ITEM_DESC_glove_2015sheep,0,0,glove_2015sheep,31,,
150010,30019,0,class,glove,#CSO2_ITEM_NAME_glove_2016monkey,#CSO2_ITEM_DESC_glove_2016monkey,0,0,glove_2016monkey,31,,
150011,50,0,weapon,pistol,#CSO2_ITEM_NAME_waltherpp,#CSO2_ITEM_DESC_waltherpp,0,0,waltherpp,31,,
150012,50006,0,item,item,#CSO2_ITEM_NAME_random_box_04_event,#CSO2_ITEM_DESC_random_box04_event,0,0,random_box_04_event,31,,
150013,45,2,weapon,rifle,#CSO2_ITEM_NAME_ak47_gold,#CSO2_ITEM_DESC_AK47_gold,0,0,ak47_gold,31,,
150014,46,3,weapon,rifle,#CSO2_ITEM_NAME_m4a1_gold,#CSO2_ITEM_DESC_M4A1_gold,0,0,m4a1_gold,31,,
150015,79,0,weapon,knife,#CSO2_ITEM_NAME_huntknife_gold,#CSO2_ITEM_DESC_huntknife_gold,0,0,huntknife_gold,31,,
150016,50025,0,item,item,#CSO2_ITEM_NAME_luckybag,#CSO2_ITEM_DESC_luckybag,0,0,luckybag,31,,
150017,5160,0,weapon,knife,#CSO2_ITEM_NAME_huntknife_monkey1,#CSO2_ITEM_DESC_huntknife_monkey1,0,0,huntknife_monkey1,31,,
150018,8500,0,item,item,#CSO2_ITEM_NAME_recipeboost_type0,#CSO2_ITEM_DESC_recipeboost_type0,0,0,recipeboost_high,31,,
150019,8501,0,item,item,#CSO2_ITEM_NAME_recipeboost_type1,#CSO2_ITEM_DESC_recipeboost_type1,0,0,recipeboost_mid,31,,
150020,8502,0,item,item,#CSO2_ITEM_NAME_recipeboost_type2,#CSO2_ITEM_DESC_recipeboost_type2,0,0,recipeboost_low,31,,
150021,10068,0,class,head,#CSO2_ITEM_NAME_head_zchelmet,#CSO2_ITEM_DESC_head_zchelmet,0,0,head_zchelmet,31,,
150022,10072,0,class,head,#CSO2_ITEM_NAME_head_head_rokahat,#CSO2_ITEM_DESC_head_head_rokahat,0,0,head_rokahat,31,,
150023,20047,0,class,back,#CSO2_ITEM_NAME_BACK_TESLA,#CSO2_ITEM_DESC_BACK_TESLA,0,0,back_tesla,31,,
150024,20058,0,class,back,#CSO2_ITEM_NAME_back_panda,#CSO2_ITEM_DESC_back_panda,0,0,back_panda,31,,
150025,30020,0,class,glove,#CSO2_ITEM_NAME_glove_panda,#CSO2_ITEM_DESC_glove_panda,0,0,glove_panda,31,,
150026,20029,0,class,back,#CSO2_ITEM_NAME_WING,#CSO2_ITEM_DESC_WING,0,0,back_rewardwing,31,,
150027,87,0,weapon,mach,#CSO2_ITEM_NAME_pkmfire,#CSO2_ITEM_DESC_pkmfire,0,0,pkmfire,31,,
150028,89,0,weapon,knife,#CSO2_ITEM_NAME_TASERKNIFE,#CSO2_ITEM_DESC_TASERKNIFE,0,0,taserknife,31,,
150029,8503,0,item,item,#CSO2_ITEM_NAME_recipeboost_type3,#CSO2_ITEM_DESC_recipeboost_type3,0,0,recipeboost_double,31,,
150030,2022,0,item,skill,#CSO2_ITEM_NAME_TURRET,#CSO2_ITEM_DESC_TURRET,0,0,turret,31,,
150031,2019,0,item,skill,#CSO2_ITEM_NAME_INSTANT_RESPAWN,#CSO2_ITEM_DESC_INSTANT_RESPAWN,0,0,instantrespawn,31,,
150032,2021,0,item,skill,#CSO2_ITEM_NAME_CTU_FUND,#CSO2_ITEM_DESC_CTU_FUND,0,0,ctufund,31,,
150033,2020,0,item,skill,#CSO2_ITEM_NAME_HP_POTION,#CSO2_ITEM_DESC_HP_POTION,0,0,hppotion,31,,
150034,2023,0,item,skill,#CSO2_ITEM_NAME_PROTECT_SHIELD,#CSO2_ITEM_DESC_PROTECT_SHIELD,0,0,protectshield,31,,
150035,114,0,weapon,knife,#CSO2_ITEM_NAME_TOYHAMMER,#CSO2_ITEM_DESC_TOYHAMMER,0,0,toyhammer,31,,
150036,10082,0,class,head,#CSO2_ITEM_NAME_head_maxzombie,#CSO2_ITEM_DESC_head_maxzombie,0,0,head_maxzombie,31,,
150037,10083,0,class,head,#CSO2_ITEM_NAME_head_lightzombie,#CSO2_ITEM_DESC_head_lightzombie,0,0,head_lightzombie,31,,
150038,1036,2,class,class,#CSO2_ITEM_NAME_tammy_color01,#CSO2_ITEM_DESC_tammy_color01,0,0,tammy_color01,31,,
150039,1035,3,class,class,#CSO2_ITEM_NAME_marie_color01,#CSO2_ITEM_DESC_marie_color01,0,0,mari_color01,31,,
150040,3001,0,item,item,#CSO2_ITEM_NAME_VIPCARD,#CSO2_ITEM_DESC_VIPCARD,0,0,vipitem,31,,
150041,1023,2,class,class,#CSO2_ITEM_NAME_tammy,#CSO2_ITEM_DESC_tammy,0,0,tammy,31,,
150042,1022,3,class,class,#CSO2_ITEM_NAME_emma,#CSO2_ITEM_DESC_emma,0,0,emma,31,,
150043,1019,2,class,class,#CSO2_ITEM_NAME_ara,#CSO2_ITEM_DESC_ara,0,0,ara,31,,
150044,1018,3,class,class,#CSO2_ITEM_NAME_707,#CSO2_ITEM_DESC_707,0,0,707,31,,
150045,1016,3,class,class,#CSO2_ITEM_NAME_marie,#CSO2_ITEM_DESC_marie,0,0,mari,31,,
150046,1017,2,class,class,#CSO2_ITEM_NAME_natalie,#CSO2_ITEM_DESC_natalie,0,0,natary,31,,
150047,1015,2,class,class,#CSO2_ITEM_NAME_mao,#CSO2_ITEM_DESC_mao,0,0,mao,31,,
150048,1014,3,class,class,#CSO2_ITEM_NAME_lincoln,#CSO2_ITEM_DESC_lincoln,0,0,lincoln,31,,
150049,10054,0,class,head,#CSO2_ITEM_NAME_HEAD_BASEBALL,#CSO2_ITEM_DESC_HEAD_BASEBALL,0,0,head_baseball,31,,
150050,10006,0,class,head,#CSO2_ITEM_NAME_KOALA,#CSO2_ITEM_DESC_KOALA,0,0,head_koala,31,,
150051,10070,0,class,head,#CSO2_ITEM_NAME_head_2016spring,#CSO2_ITEM_DESC_head_2016spring,0,0,head_2016spring,31,,
150052,10057,0,class,head,#CSO2_ITEM_NAME_HEAD_BENNY,#CSO2_ITEM_DESC_HEAD_BENNY,0,0,head_benny,31,,
150053,10048,0,class,head,#CSO2_ITEM_NAME_HEAD_boardhelemt,#CSO2_ITEM_DESC_HEAD_boardhelemt,0,0,head_boardhelemt,31,,
150054,10047,0,class,head,#CSO2_ITEM_NAME_HEAD_sunglasshat,#CSO2_ITEM_DESC_HEAD_sunglasshat,0,0,head_sunglasshat,31,,
150055,10001,0,class,head,#CSO2_ITEM_NAME_WELDMASK,#CSO2_ITEM_DESC_WELDMASK,0,0,head_weldmask,31,,
150056,10010,0,class,head,#CSO2_ITEM_NAME_TWINDIAN,#CSO2_ITEM_DESC_TWINDIAN,0,0,head_twindian,31,,
150057,10038,0,class,head,#CSO2_ITEM_NAME_head_schoolhat,#CSO2_ITEM_DESC_head_schoolhat,0,0,head_schoolhat,31,,
150058,10033,0,class,head,#CSO2_ITEM_NAME_head_foxhead,#CSO2_ITEM_DESC_head_foxhead,0,0,head_foxhead,31,,
150059,10020,0,class,head,#CSO2_ITEM_NAME_PIGHEAD,#CSO2_ITEM_DESC_PIGHEAD,0,0,head_pighead,31,,
150060,20046,0,class,back,#CSO2_ITEM_NAME_WATERCANON,#CSO2_ITEM_DESC_WATERCANON,0,0,back_watercanon,31,,
150061,20043,0,class,back,#CSO2_ITEM_NAME_back_baseball,#CSO2_ITEM_DESC_back_baseball,0,0,back_baseball,31,,
150062,20041,0,class,back,#CSO2_ITEM_NAME_back_turtlebag,#CSO2_ITEM_DESC_back_turtlebag,0,0,back_turtlebag,31,,
150063,20040,0,class,back,#CSO2_ITEM_NAME_back_p77,#CSO2_ITEM_DESC_back_p77,0,0,back_p77,31,,
150064,20039,0,class,back,#CSO2_ITEM_NAME_back_lisadoll,#CSO2_ITEM_DESC_back_lisadoll,0,0,back_lisadoll,31,,
150065,20038,0,class,back,#CSO2_ITEM_NAME_back_miladoll,#CSO2_ITEM_DESC_back_miladoll,0,0,back_miladoll,31,,
150066,20037,0,class,back,#CSO2_ITEM_NAME_back_milaboard,#CSO2_ITEM_DESC_back_milaboard,0,0,back_milaboard,31,,
150067,20036,0,class,back,#CSO2_ITEM_NAME_back_lisaboard,#CSO2_ITEM_DESC_back_lisaboard,0,0,back_lisaboard,31,,
150068,20035,0,class,back,#CSO2_ITEM_NAME_back_deltabag,#CSO2_ITEM_DESC_back_deltabag,0,0,back_deltabag,31,,
150069,20004,0,class,back,#CSO2_ITEM_NAME_KEY,#CSO2_ITEM_DESC_KEY,0,0,back_keyboard,31,,
150070,20030,0,class,back,#CSO2_ITEM_NAME_back_schoolbag,#CSO2_ITEM_DESC_back_schoolbag,0,0,back_schoolbag,31,,
150071,20021,0,class,back,#CSO2_ITEM_NAME_back_foxtail,#CSO2_ITEM_DESC_back_foxtail,0,0,back_foxtail,31,,
150072,20026,0,class,back,#CSO2_ITEM_NAME_back_racoon_tail,#CSO2_ITEM_DESC_back_racoon_tail,0,0,back_racoon,31,,
150073,20022,0,class,back,#CSO2_ITEM_NAME_back_turtleshell,#CSO2_ITEM_DESC_back_turtleshell,0,0,back_turtleshell,31,,
150074,20015,0,class,back,#CSO2_ITEM_NAME_PIGBACK,#CSO2_ITEM_DESC_PIGBACK,0,0,back_pigback,31,,
150075,20001,0,class,back,#CSO2_ITEM_NAME_LPG,#CSO2_ITEM_DESC_LPG,0,0,back_lpg,31,,
150076,2005,0,item,item,#CSO2_ITEM_NAME_POINTBONUS,#CSO2_ITEM_DESC_POINTBONUS,0,0,pointbonus,31,,
150077,2005,0,item,item,#CSO2_ITEM_NAME_POINTBONUS,#CSO2_ITEM_DESC_POINTBONUS,0,0,pointbonus,31,,
150078,2005,0,item,item,#CSO2_ITEM_NAME_POINTBONUS,#CSO2_ITEM_DESC_POINTBONUS,0,0,pointbonus,31,,
150079,2006,0,item,item,#CSO2_ITEM_NAME_EXPBONUS,#CSO2_ITEM_DESC_EXPBONUS,0,0,expbonus,31,,
150080,2006,0,item,item,#CSO2_ITEM_NAME_EXPBONUS,#CSO2_ITEM_DESC_EXPBONUS,0,0,expbonus,31,,
150081,2006,0,item,item,#CSO2_ITEM_NAME_EXPBONUS,#CSO2_ITEM_DESC_EXPBONUS,0,0,expbonus,31,,
150082,2010,0,item,item,#CSO2_ITEM_NAME_MEGAPHONE_CHANNEL,#CSO2_ITEM_DESC_MEGAPHONE_CHANNEL,0,0,megaphonechannel,31,,
150083,2011,0,item,item,#CSO2_ITEM_NAME_MEGAPHONE_SERVER,#CSO2_ITEM_DESC_MEGAPHONE_SERVER,0,0,megaphoneserver,31,,
150084,2012,0,item,item,#CSO2_ITEM_NAME_MEGAPHONE_GLOBAL,#CSO2_ITEM_DESC_MEGAPHONE_GLOBAL,0,0,megaphoneglobal,31,,
150085,50004,0,item,item,#CSO2_ITEM_NAME_random_box_04,#CSO2_ITEM_DESC_random_box04,0,0,random_box_04,31,,
150086,50017,0,item,item,#CSO2_ITEM_NAME_random_box_new_weapon,#CSO2_ITEM_DESC_random_box_new_weapon,0,0,random_box_new_weapon,31,,
150087,50007,0,item,item,#CSO2_ITEM_NAME_random_box_05_amethyst,#CSO2_ITEM_DESC_random_box_05_amethyst,0,0,amethystbox,31,,
150088,50007,0,item,item,#CSO2_ITEM_NAME_random_box_05_amethyst,#CSO2_ITEM_DESC_random_box_05_amethyst,0,0,amethystbox,31,,
150089,50007,0,item,item,#CSO2_ITEM_NAME_random_box_05_amethyst,#CSO2_ITEM_DESC_random_box_05_amethyst,0,0,amethystbox,31,,
150090,50007,0,item,item,#CSO2_ITEM_NAME_random_box_05_amethyst,#CSO2_ITEM_DESC_random_box_05_amethyst,0,0,amethystbox,31,,
150091,50007,0,item,item,#CSO2_ITEM_NAME_random_box_05_amethyst,#CSO2_ITEM_DESC_random_box_05_amethyst,0,0,amethystbox,31,,
150092,50003,0,item,item,#CSO2_ITEM_NAME_random_box_03,#CSO2_ITEM_DESC_random_box03,0,0,random_box_03,31,,
150093,50003,0,item,item,#CSO2_ITEM_NAME_random_box_03,#CSO2_ITEM_DESC_random_box03,0,0,random_box_03,31,,
150094,50003,0,item,item,#CSO2_ITEM_NAME_random_box_03,#CSO2_ITEM_DESC_random_box03,0,0,random_box_03,31,,
150095,50003,0,item,item,#CSO2_ITEM_NAME_random_box_03,#CSO2_ITEM_DESC_random_box03,0,0,random_box_03,31,,
150096,50003,0,item,item,#CSO2_ITEM_NAME_random_box_03,#CSO2_ITEM_DESC_random_box03,0,0,random_box_03,31,,
150097,50011,0,item,item,#CSO2_ITEM_NAME_random_box_07_xmas,#CSO2_ITEM_DESC_random_box_07_xmas,0,0,random_box_07_xmas,31,,
150098,50011,0,item,item,#CSO2_ITEM_NAME_random_box_07_xmas,#CSO2_ITEM_DESC_random_box_07_xmas,0,0,random_box_07_xmas,31,,
150099,50011,0,item,item,#CSO2_ITEM_NAME_random_box_07_xmas,#CSO2_ITEM_DESC_random_box_07_xmas,0,0,random_box_07_xmas,31,,
150100,50011,0,item,item,#CSO2_ITEM_NAME_random_box_07_xmas,#CSO2_ITEM_DESC_random_box_07_xmas,0,0,random_box_07_xmas,31,,
150101,50011,0,item,item,#CSO2_ITEM_NAME_random_box_07_xmas,#CSO2_ITEM_DESC_random_box_07_xmas,0,0,random_box_07_xmas,31,,
150102,50015,0,item,item,#CSO2_ITEM_NAME_random_box_ak47flash,#CSO2_ITEM_DESC_random_box_ak47flash,0,0,random_box_ak47flash,31,,
150103,50015,0,item,item,#CSO2_ITEM_NAME_random_box_ak47flash,#CSO2_ITEM_DESC_random_box_ak47flash,0,0,random_box_ak47flash,31,,
150104,50015,0,item,item,#CSO2_ITEM_NAME_random_box_ak47flash,#CSO2_ITEM_DESC_random_box_ak47flash,0,0,random_box_ak47flash,31,,
150105,50015,0,item,item,#CSO2_ITEM_NAME_random_box_ak47flash,#CSO2_ITEM_DESC_random_box_ak47flash,0,0,random_box_ak47flash,31,,
150106,50015,0,item,item,#CSO2_ITEM_NAME_random_box_ak47flash,#CSO2_ITEM_DESC_random_box_ak47flash,0,0,random_box_ak47flash,31,,
150107,50016,0,item,item,#CSO2_ITEM_NAME_random_box_m4a1flash,#CSO2_ITEM_DESC_random_box_m4a1flash,0,0,random_box_m4a1flash,31,,
150108,50016,0,item,item,#CSO2_ITEM_NAME_random_box_m4a1flash,#CSO2_ITEM_DESC_random_box_m4a1flash,0,0,random_box_m4a1flash,31,,
150109,50016,0,item,item,#CSO2_ITEM_NAME_random_box_m4a1flash,#CSO2_ITEM_DESC_random_box_m4a1flash,0,0,random_box_m4a1flash,31,,
150110,50016,0,item,item,#CSO2_ITEM_NAME_random_box_m4a1flash,#CSO2_ITEM_DESC_random_box_m4a1flash,0,0,random_box_m4a1flash,31,,
150111,50016,0,item,item,#CSO2_ITEM_NAME_random_box_m4a1flash,#CSO2_ITEM_DESC_random_box_m4a1flash,0,0,random_box_m4a1flash,31,,
150112,50018,0,item,item,#CSO2_ITEM_NAME_random_box_09_amethyst2,#CSO2_ITEM_DESC_random_box_09_amethyst2,0,0,random_box_09_amethyst2,31,,
150113,50018,0,item,item,#CSO2_ITEM_NAME_random_box_09_amethyst2,#CSO2_ITEM_DESC_random_box_09_amethyst2,0,0,random_box_09_amethyst2,31,,
150114,50018,0,item,item,#CSO2_ITEM_NAME_random_box_09_amethyst2,#CSO2_ITEM_DESC_random_box_09_amethyst2,0,0,random_box_09_amethyst2,31,,
150115,50018,0,item,item,#CSO2_ITEM_NAME_random_box_09_amethyst2,#CSO2_ITEM_DESC_random_box_09_amethyst2,0,0,random_box_09_amethyst2,31,,
150116,50018,0,item,item,#CSO2_ITEM_NAME_random_box_09_amethyst2,#CSO2_ITEM_DESC_random_box_09_amethyst2,0,0,random_box_09_amethyst2,31,,
150117,50023,0,item,item,#CSO2_ITEM_NAME_random_box_13_ice,#CSO2_ITEM_DESC_random_box_13_ice,0,0,random_box_13_ice,31,,
150118,50023,0,item,item,#CSO2_ITEM_NAME_random_box_13_ice,#CSO2_ITEM_DESC_random_box_13_ice,0,0,random_box_13_ice,31,,
150119,50023,0,item,item,#CSO2_ITEM_NAME_random_box_13_ice,#CSO2_ITEM_DESC_random_box_13_ice,0,0,random_box_13_ice,31,,
150120,50023,0,item,item,#CSO2_ITEM_NAME_random_box_13_ice,#CSO2_ITEM_DESC_random_box_13_ice,0,0,random_box_13_ice,31,,
150121,50023,0,item,item,#CSO2_ITEM_NAME_random_box_13_ice,#CSO2_ITEM_DESC_random_box_13_ice,0,0,random_box_13_ice,31,,
150122,1033,3,class,class,#CSO2_ITEM_NAME_LISA02SWIM,#CSO2_ITEM_DESC_LISA02SWIM,0,0,lisa02swim,31,,
150123,1034,2,class,class,#CSO2_ITEM_NAME_MILA02SWIM,#CSO2_ITEM_DESC_MILA02SWIM,0,0,mila02swim,31,,
150124,50024,0,item,item,#CSO2_ITEM_NAME_random_box_15_cobalt,#CSO2_ITEM_DESC_random_box_15_cobalt,0,0,random_box_15_cobalt,31,,
150125,5222,0,weapon,rifle,#CSO2_ITEM_NAME_F2000_chrome1,#CSO2_ITEM_DESC_F2000_chrome1,0,0,f2000_chrome1,31,,
150126,5223,0,weapon,smg,#CSO2_ITEM_NAME_mx4_chrome1,#CSO2_ITEM_DESC_mx4_chrome1,0,0,mx4_chrome1,31,,
150127,5224,0,weapon,rifle,#CSO2_ITEM_NAME_akm_chrome1,#CSO2_ITEM_DESC_akm_chrome1,0,0,akm_chrome1,31,,
150128,5225,0,weapon,snip,#CSO2_ITEM_NAME_g3sg1_chrome1,#CSO2_ITEM_DESC_G3SG1_chrome1,0,0,g3sg1_chrome1,31,,
150129,5226,0,weapon,mach,#CSO2_ITEM_NAME_pkm_chrome1,#CSO2_ITEM_DESC_pkm_chrome1,0,0,pkm_chrome1,31,,
150130,10006,0,item,head,#CSO2_ITEM_NAME_KOALA,#CSO2_ITEM_DESC_KOALA,0,0,head_koala,31,,
150131,5267,0,weapon,snip,#CSO2_ITEM_NAME_awm_gold1,#CSO2_ITEM_DESC_awm_gold1,0,0,awm_gold1,31,,
150132,5268,0,weapon,rifle,#CSO2_ITEM_NAME_mk18_gold1,#CSO2_ITEM_DESC_mk18_gold1,0,0,mk18_gold1,31,,
150133,5269,0,weapon,rifle,#CSO2_ITEM_NAME_akm_gold1,#CSO2_ITEM_DESC_akm_gold1,0,0,akm_gold1,31,,
150134,5270,0,weapon,pistol,#CSO2_ITEM_NAME_usp_gold1,#CSO2_ITEM_DESC_USP_gold1,0,0,usp45_gold1,31,,
150135,5271,0,weapon,pistol,#CSO2_ITEM_NAME_GLOCK18_gold1,#CSO2_ITEM_DESC_GLOCK18_gold1,0,0,GLOCK18_gold1,31,,
150136,5272,0,weapon,pistol,#CSO2_ITEM_NAME_elites_gold1,#CSO2_ITEM_DESC_elites_gold1,0,0,elites_gold1,31,,
150137,1026,0,class,class,#CSO2_ITEM_NAME_marie01,#CSO2_ITEM_DESC_marie01,0,0,mari01,31,,
150138,1027,0,class,class,#CSO2_ITEM_NAME_natalie01,#CSO2_ITEM_DESC_natalie01,0,0,natary01,31,,
150139,5285,0,weapon,smg,#CSO2_ITEM_NAME_ar57_neon1,#CSO2_ITEM_DESC_ar57_neon1,0,0,ar57_neon1,31,,
150140,10090,0,class,head,#CSO2_ITEM_NAME_head_cowboy,#CSO2_ITEM_DESC_head_cowboy,0,0,head_cowboy,31,,
150141,1045,3,class,class,#CSO2_ITEM_NAME_sas02,#CSO2_ITEM_DESC_sas02,0,0,sas02,31,,
150142,1046,2,class,class,#CSO2_ITEM_NAME_arctic02,#CSO2_ITEM_DESC_arctic02,0,0,arctic01,31,,
150143,5181,0,weapon,shotgun,#CSO2_ITEM_NAME_xm1014_heart1,#CSO2_ITEM_DESC_xm1014_heart1,0,0,xm1014_heart1,31,,
150144,5298,0,weapon,rifle,#CSO2_ITEM_NAME_F2000_neon1,#CSO2_ITEM_DESC_F2000_neon1,0,0,f2000_neon1,31,,
150145,30025,0,class,glove,#CSO2_ITEM_NAME_glove_tacticalglove01,#CSO2_ITEM_DESC_glove_tacticalglove01,0,0,glove_tacticalglove01,31,,
150146,50033,0,item,item,#CSO2_ITEM_NAME_random_box_18,#CSO2_ITEM_DESC_random_box_18,0,0,random_box_18,31,,
150147,50033,0,item,item,#CSO2_ITEM_NAME_random_box_18,#CSO2_ITEM_DESC_random_box_18,0,0,random_box_18,31,,
150148,50033,0,item,item,#CSO2_ITEM_NAME_random_box_18,#CSO2_ITEM_DESC_random_box_18,0,0,random_box_18,31,,
150149,50033,0,item,item,#CSO2_ITEM_NAME_random_box_18,#CSO2_ITEM_DESC_random_box_18,0,0,random_box_18,31,,
150150,50033,0,item,item,#CSO2_ITEM_NAME_random_box_18,#CSO2_ITEM_DESC_random_box_18,0,0,random_box_18,31,,
150151,50033,0,item,item,#CSO2_ITEM_NAME_random_box_18,#CSO2_ITEM_DESC_random_box_18,0,0,random_box_18,31,,
150152,50035,0,item,item,#CSO2_ITEM_NAME_luckybag03,#CSO2_ITEM_DESC_luckybag03,0,0,luckybag03,31,,
150153,5321,0,weapon,smg,#CSO2_ITEM_NAME_MP7_neon1,#CSO2_ITEM_DESC_MP7_neon1,0,0,mp7_neon1,31,,
150154,5332,0,weapon,mach,#CSO2_ITEM_NAME_mg3_neon1,#CSO2_ITEM_DESC_mg3_neon1,0,0,mg3_neon1,31,,
150155,50036,0,item,item,#CSO2_ITEM_NAME_random_box_19_ice2,#CSO2_ITEM_DESC_random_box_19_ice2,0,0,random_box_19_ice2,31,,
150156,50036,0,item,item,#CSO2_ITEM_NAME_random_box_19_ice2,#CSO2_ITEM_DESC_random_box_19_ice2,0,0,random_box_19_ice2,31,,
150157,50036,0,item,item,#CSO2_ITEM_NAME_random_box_19_ice2,#CSO2_ITEM_DESC_random_box_19_ice2,0,0,random_box_19_ice2,31,,
150158,50036,0,item,item,#CSO2_ITEM_NAME_random_box_19_ice2,#CSO2_ITEM_DESC_random_box_19_ice2,0,0,random_box_19_ice2,31,,
150159,50036,0,item,item,#CSO2_ITEM_NAME_random_box_19_ice2,#CSO2_ITEM_DESC_random_box_19_ice2,0,0,random_box_19_ice2,31,,
150160,50033,0,item,item,#CSO2_ITEM_NAME_random_box_18_s,#CSO2_ITEM_DESC_random_box_18_s,0,0,random_box_18,31,,
150161,5360,2,weapon,pistol,#CSO2_ITEM_NAME_elites_neon1,#CSO2_ITEM_DESC_elites_neon1,0,0,elites_neon1,31,,
150162,50039,0,item,item,#CSO2_ITEM_NAME_random_box_20,#CSO2_ITEM_DESC_random_box_20,0,0,random_box_20,31,,
150163,50039,0,item,item,#CSO2_ITEM_NAME_random_box_20,#CSO2_ITEM_DESC_random_box_20,0,0,random_box_20,31,,
150164,50039,0,item,item,#CSO2_ITEM_NAME_random_box_20,#CSO2_ITEM_DESC_random_box_20,0,0,random_box_20,31,,
150165,50039,0,item,item,#CSO2_ITEM_NAME_random_box_20,#CSO2_ITEM_DESC_random_box_20,0,0,random_box_20,31,,
150166,50039,0,item,item,#CSO2_ITEM_NAME_random_box_20,#CSO2_ITEM_DESC_random_box_20,0,0,random_box_20,31,,
150167,50039,0,item,item,#CSO2_ITEM_NAME_random_box_20_100,#CSO2_ITEM_DESC_random_box_20_100,0,0,random_box_20_100,31,,
200001,(10001;20001;30001),0,set,class,#CSO2_ITEM_NAME_SET_worketset,#CSO2_ITEM_DESC_SET_workerset,0,41,workerset,31,,
200002,(10037;20028;30015),0,set,class,#CSO2_ITEM_NAME_SET_horseyear,#CSO2_ITEM_DESC_SET_horseyear,0,0,set_horseyear,31,,
200003,(10052;20042;30017),0,set,class,#CSO2_ITEM_NAME_SET_sheepyear,#CSO2_ITEM_DESC_SET_sheepyear,0,65,set_sheepyear,31,,
200004,(10062;20052),0,set,class,#CSO2_ITEM_NAME_SET_WITCH,#CSO2_ITEM_DESC_SET_WITCH,0,117,set_witch,31,,
200005,(10066;20053;30019),0,set,class,#CSO2_ITEM_NAME_SET_2016monkey,#CSO2_ITEM_DESC_SET_2016monkey_shop,0,210,2016monkey_pack,31,,
200006,(10068;20054),0,set,class,#CSO2_ITEM_NAME_SET_zccanon,#CSO2_ITEM_DESC_SET_zccanon,0,219,zccanonpack,31,,
200008,(10069;20055),0,set,class,#CSO2_ITEM_NAME_SET_frog,#CSO2_ITEM_DESC_SET_frog,0,220,set_frog,31,,
200009,(10082;10083),0,set,class,#CSO2_ITEM_NAME_SET_ZOMBIE_CLASS,#CSO2_ITEM_DESC_SET_ZOMBIE_CLASS,0,462,set_zombie_class,31,,
200010,87,0,set,etc,#CSO2_ITEM_NAME_set_tw_zcpack1,#CSO2_ITEM_DESC_set_tw_zcpack1,0,0,set_tw_zcpack1,31,,
200011,89,0,set,etc,#CSO2_ITEM_NAME_set_tw_zcpack2,#CSO2_ITEM_DESC_set_tw_zcpack2,0,0,set_tw_zcpack2,31,,
200012,(10082;10083),0,set,class,#CSO2_ITEM_NAME_SET_ZOMBIE_CLASS,#CSO2_ITEM_DESC_SET_ZOMBIE_CLASS,0,462,set_zombie_class,31,,
200013,5309,0,set,etc,#CSO2_ITEM_NAME_SET_HKPINK1,#CSO2_ITEM_DESC_SET_HKPINK1,0,696,set_hkpink,31,,
200014,126,0,set,etc,#CSO2_ITEM_NAME_SET_BARRETTM,#CSO2_ITEM_DESC_SET_BARRETTM,0,0,set_barrettm,31,,
200015,5316,0,set,etc,#CSO2_ITEM_NAME_SET_NATIONAL,#CSO2_ITEM_DESC_SET_NATIONAL,0,697,set_national,31,,
200016,5324,0,set,etc,#CSO2_ITEM_NAME_SET_ARGOLDCT,#CSO2_ITEM_DESC_SET_ARGOLDCT,0,698,set_argoldct,31,,
200017,5322,0,set,etc,#CSO2_ITEM_NAME_SET_ARGOLDTR,#CSO2_ITEM_DESC_SET_ARGOLDTR,0,697,set_argoldtr,31,,
200018,5329,0,set,etc,#CSO2_ITEM_NAME_SET_TWMARBLE,#CSO2_ITEM_DESC_SET_TWMARBLE,0,695,set_twmarble,31,,
200019,5333,0,set,etc,#CSO2_ITEM_NAME_SET_BLACKMAMBA,#CSO2_ITEM_DESC_SET_BLACKMAMBA,0,0,set_blackmamba,31,,
200020,(5365;10131;20107;30027),0,set,class,#CSO2_ITEM_NAME_SET_2018dog,#CSO2_ITEM_DESC_SET_2018dog,0,171228,set_2018dog,31,,
300001,(1005;1006),0,set,class,#CSO2_ITEM_NAME_SET01,#CSO2_ITEM_DESC_SET01,0,0,lisa,31,,
3000461,(10061;20051),0,set,class,#CSO2_ITEM_NAME_SET_GSTAR2015,#CSO2_ITEM_DESC_SET_GSTAR2015,0,0,couponbox01,31,,
3000462,105,0,set,item,#CSO2_ITEM_NAME_kr_pcroom_set,#CSO2_ITEM_DESC_kr_pcroom_set,0,0,couponbox01,31,,
5000001,2014,0,mileage,mileage,#CSO2_ITEM_NAME_POINTLOTTO_GOLD,#CSO2_ITEM_DESC_POINTLOTTO_GOLD,0,0,pointlotterygold,31,,
5000002,2008,0,mileage,mileage,#CSO2_ITEM_NAME_POINTLOTTO,#CSO2_ITEM_DESC_POINTLOTTO,0,0,pointlottery,31,,
5000003,50002,0,mileage,mileage,#CSO2_ITEM_NAME_random_box_02,#CSO2_ITEM_DESC_random_box02,0,0,random_box_02,31,,
5000004,2011,0,mileage,mileage,#CSO2_ITEM_NAME_MEGAPHONE_SERVER,#CSO2_ITEM_DESC_MEGAPHONE_SERVER,0,0,megaphoneserver,31,,
5000005,10063,0,mileage,mileage,#CSO2_ITEM_NAME_head_spartan,#CSO2_ITEM_DESC_head_spartan,0,0,head_spartan,31,,
5000006,5121,0,mileage,mileage,#CSO2_ITEM_NAME_waltherpp_silver1,#CSO2_ITEM_DESC_waltherpp_silver1,0,0,waltherpp_silver1,31,,
5000007,20044,0,mileage,mileage,#CSO2_ITEM_NAME_WINGGOLD,#CSO2_ITEM_DESC_WINGGOLD,0,0,back_winggold,31,,
5000008,5119,0,mileage,mileage,#CSO2_ITEM_NAME_ANACONDA_gold1,#CSO2_ITEM_DESC_ANACONDA_gold1,0,0,anaconda_gold1,31,,
5000009,147,0,mileage,mileage,#CSO2_ITEM_NAME_tmpmelt,#CSO2_ITEM_DESC_tmpmelt,0,0,tmpmelt,31,,
5000010,5319,0,mileage,mileage,#CSO2_ITEM_NAME_tmpmelt_prototype,#CSO2_ITEM_DESC_tmpmelt_prototype,0,0,tmpmelt_prototype,31,,
5000011,1047,0,mileage,mileage,#CSO2_ITEM_NAME_EMMA02SWIM,#CSO2_ITEM_DESC_EMMA02SWIM,0,0,emma02swim,31,,
5000012,1048,0,mileage,mileage,#CSO2_ITEM_NAME_TAMMY02SWIM,#CSO2_ITEM_DESC_TAMMY02SWIM,0,0,tammy02swim,31,,
5000013,1030,0,mileage,mileage,#CSO2_ITEM_NAME_kwan,#CSO2_ITEM_DESC_kwan,0,0,kwan,31,,
5000014,1031,0,mileage,mileage,#CSO2_ITEM_NAME_hasan,#CSO2_ITEM_DESC_hasan,0,0,hasan,31,,
5000015,5230,0,mileage,mileage,#CSO2_ITEM_NAME_netlauncher_gold,#CSO2_ITEM_DESC_netlauncher_gold,0,0,netlauncher_gold,31,,
5000016,5231,0,mileage,mileage,#CSO2_ITEM_NAME_harpoon_gold,#CSO2_ITEM_DESC_harpoon_gold,0,0,harpoon_gold,31,,
5000017,10077,0,mileage,mileage,#CSO2_ITEM_NAME_head_watermelon,#CSO2_ITEM_DESC_head_watermelon,0,0,head_watermelon,31,,
5000018,20062,0,mileage,mileage,#CSO2_ITEM_NAME_back_flamingotube,#CSO2_ITEM_DESC_back_flamingotube,0,0,back_flamingotube,31,,
5000019,137,0,mileage,mileage,#CSO2_ITEM_NAME_m3dragon,#CSO2_ITEM_DESC_m3dragon,0,0,m3dragon,31,,
5000020,5282,0,mileage,mileage,#CSO2_ITEM_NAME_m3dragon_black,#CSO2_ITEM_DESC_m3dragon_black,0,0,m3dragon_black,31,,
5000021,1043,0,mileage,mileage,#CSO2_ITEM_NAME_helga,#CSO2_ITEM_DESC_helga,0,0,helga,31,,
5000022,1044,0,mileage,mileage,#CSO2_ITEM_NAME_white,#CSO2_ITEM_DESC_white,0,0,white,31,,
5000023,1037,0,mileage,mileage,#CSO2_ITEM_NAME_MIU,#CSO2_ITEM_DESC_MIU,0,0,miu,31,,
5000024,1038,0,mileage,mileage,#CSO2_ITEM_NAME_athena,#CSO2_ITEM_DESC_athena,0,0,athena,31,,
5000025,5254,0,mileage,mileage,#CSO2_ITEM_NAME_KNIFE_MIU,#CSO2_ITEM_DESC_KNIFE_MIU,0,0,default_knife_miu,31,,
5000026,5255,0,mileage,mileage,#CSO2_ITEM_NAME_KNIFE_ATHENA,#CSO2_ITEM_DESC_KNIFE_ATHENA,0,0,default_knife_athena,31,,
5000027,127,0,mileage,mileage,#CSO2_ITEM_NAME_awmgauss,#CSO2_ITEM_DESC_awmgauss,0,0,awmgauss,31,,
5000028,5244,0,mileage,mileage,#CSO2_ITEM_NAME_awmgauss_black,#CSO2_ITEM_DESC_awmgauss_black,0,0,awmgauss_black,31,,
5000029,5253,0,mileage,mileage,#CSO2_ITEM_NAME_TOYHAMMER_GOLD,#CSO2_ITEM_DESC_TOYHAMMER_GOLD,0,0,toyhammer_gold,31,,
5000030,5245,0,mileage,mileage,#CSO2_ITEM_NAME_usp_gauss,#CSO2_ITEM_DESC_USP_gauss,0,0,usp45_gauss,31,,
5000031,5246,0,mileage,mileage,#CSO2_ITEM_NAME_GLOCK18_gauss,#CSO2_ITEM_DESC_GLOCK18_gauss,0,0,glock18_gauss,31,,
5000032,5247,0,mileage,mileage,#CSO2_ITEM_NAME_deserteagle_gauss,#CSO2_ITEM_DESC_DESERTEAGLE_gauss,0,0,deserteagle_gauss,31,,
5000040,150,0,mileage,mileage,#CSO2_ITEM_NAME_m99railgun,#CSO2_ITEM_DESC_m99railgun,0,0,m99railgun,31,,
5000041,5338,0,mileage,mileage,#CSO2_ITEM_NAME_m99railgun_proto,#CSO2_ITEM_DESC_m99railgun_proto,0,0,m99railgun_proto,31,,
5100001,5291,0,mileage,mileage,#CSO2_ITEM_NAME_qbz95_panda,#CSO2_ITEM_DESC_qbz95_panda,0,0,qbz95_panda,31,,
5100002,5302,0,mileage,mileage,#CSO2_ITEM_NAME_qjy88_panda,#CSO2_ITEM_DESC_qjy88_panda,0,0,qjy88_panda,31,,
5100003,5306,0,mileage,mileage,#CSO2_ITEM_NAME_striker12_newpanda1,#CSO2_ITEM_DESC_striker12_newpanda1,0,0,striker12_newpanda1,31,,
5100004,5314,0,mileage,mileage,#CSO2_ITEM_NAME_m60_newpanda1,#CSO2_ITEM_DESC_m60_newpanda1,0,0,m60_newpanda1,31,,
5100005,5320,0,mileage,mileage,#CSO2_ITEM_NAME_p90_newpanda1,#CSO2_ITEM_DESC_p90_newpanda1,0,0,p90_newpanda1,31,,
5100006,5331,0,mileage,mileage,#CSO2_ITEM_NAME_akm_newpanda1,#CSO2_ITEM_DESC_akm_newpanda1,0,0,akm_newpanda1,31,,
5100007,5340,0,mileage,mileage,#CSO2_ITEM_NAME_mk18_newpanda1,#CSO2_ITEM_DESC_mk18_newpanda1,0,0,mk18_newpanda1,31,,
