;//보상 , ,,,,"//0= 모드, 1= 맵, 2= 전투, 3= 무기, 4=신병",,,,,,
;// 업적 인덱스,// 업적 이름,// 업적설명(조건),// 이미지,//업적조건,//타입,//히든,//스코어,//신병추천 업적우선순위,//신규,//설명,
AchievementID,Name,Desc,ResourceName,Condition,Type,Hidden,Score,Priority,New,//업적이름,//업적조건
1,#CSO2_ACHIVEMENT_NAME_01,#CSO2_ACHIVEMENT_DESC_01,11001,100,1,0,300,-1,0,"""트레인 맵 베테랑""","""트레인 맵 100회 플레이"""
2,#CSO2_ACHIVEMENT_NAME_02,#CSO2_ACHIVEMENT_DESC_02,11002,100,1,0,300,-1,0,"""더스트2 맵 베테랑""","""더스트2 맵 100회 플레이"""
3,#CSO2_ACHIVEMENT_NAME_03,#CSO2_ACHIVEMENT_DESC_03,11003,100,1,0,300,-1,0,"""이태리 맵 베테랑""","""이태리 맵 100회 플레이"""
4,#CSO2_ACHIVEMENT_NAME_04,#CSO2_ACHIVEMENT_DESC_04,11004,100,1,0,300,-1,0,"""인페르노 맵 베테랑""","""인페르노 100회 맵 플레이"""
5,#CSO2_ACHIVEMENT_NAME_05,#CSO2_ACHIVEMENT_DESC_05,11005,100,1,0,300,-1,0,"""업라이징 맵 베테랑""","""업라이징 100회 맵 플레이"""
6,#CSO2_ACHIVEMENT_NAME_06,#CSO2_ACHIVEMENT_DESC_06,11006,100,1,0,300,-1,0,"""셧다운 맵 베테랑""","""셧다운 맵 100회 플레이"""
7,#CSO2_ACHIVEMENT_NAME_07,#CSO2_ACHIVEMENT_DESC_07,11007,100,1,0,300,-1,0,"""밀리샤 맵 베테랑""","""밀리샤 맵 100회 플레이"""
8,#CSO2_ACHIVEMENT_NAME_08,#CSO2_ACHIVEMENT_DESC_08,11008,100,1,0,300,-1,0,"""프로디지 맵 베테랑""","""프로디지 맵 100회 플레이"""
9,#CSO2_ACHIVEMENT_NAME_09,#CSO2_ACHIVEMENT_DESC_09,11009,100,1,0,300,-1,0,"""뉴크 맵 베테랑""","""뉴크 맵 100회 플레이"""
10,#CSO2_ACHIVEMENT_NAME_10,#CSO2_ACHIVEMENT_DESC_10,11010,100,1,0,300,-1,0,"""아즈택 맵 베테랑""","""아즈택 맵 100회 플레이"""
11,#CSO2_ACHIVEMENT_NAME_11,#CSO2_ACHIVEMENT_DESC_11,11011,100,0,0,300,-1,0,"""클래식 오리지날 마스터""","""클래식오리지날 100회 플레이"""
13,#CSO2_ACHIVEMENT_NAME_13,#CSO2_ACHIVEMENT_DESC_13,11013,100,0,0,300,-1,0,"""팀데스매치 마스터""","""팀데스매치 100회 플레이"""
14,#CSO2_ACHIVEMENT_NAME_14,#CSO2_ACHIVEMENT_DESC_14,11014,100,0,0,300,-1,0,"""대회모드 마스터""","""대회모드 100회 플레이"""
15,#CSO2_ACHIVEMENT_NAME_15,#CSO2_ACHIVEMENT_DESC_15,11015,100,0,0,300,-1,0,"""킬레이스 마스터""","""킬레이스 100회 플레이"""
16,#CSO2_ACHIVEMENT_NAME_16,#CSO2_ACHIVEMENT_DESC_16,11016,100,0,0,300,-1,0,"""스텔스 마스터""","""스텔스 100회 플레이"""
17,#CSO2_ACHIVEMENT_NAME_17,#CSO2_ACHIVEMENT_DESC_17,11017,100,0,0,300,-1,0,"""건팀데스 마스터""","""건팀데스 100회 플레이"""
19,#CSO2_ACHIVEMENT_NAME_19,#CSO2_ACHIVEMENT_DESC_19,11019,1,0,1,30,-1,0,"""기초훈련""","""튜토리얼 완료"""
20,#CSO2_ACHIVEMENT_NAME_20,#CSO2_ACHIVEMENT_DESC_20,11020,1,0,0,30,-1,0,"""놀아주세요""","""봇 모드 1회 플레이"""
21,#CSO2_ACHIVEMENT_NAME_21,#CSO2_ACHIVEMENT_DESC_21,11021,1,2,0,80,-1,0,"""불멸자""","""오리지날모드에서 한번도 죽지않고 세션 승리"""
22,#CSO2_ACHIVEMENT_NAME_22,#CSO2_ACHIVEMENT_DESC_22,11022,1,2,1,120,-1,0,"""믿는 도끼로 발등찍기""","""오리지날모드에서 무기를 주워서 무기 주인 죽이기"""
23,#CSO2_ACHIVEMENT_NAME_23,#CSO2_ACHIVEMENT_DESC_23,11023,1,2,0,30,-1,0,"""다크호스""","""오리지날모드에서 MVP를 칼로 사살"""
24,#CSO2_ACHIVEMENT_NAME_24,#CSO2_ACHIVEMENT_DESC_24,11024,1,2,0,120,-1,0,"""불멸의 부대""","""팀데스매치에서 0데스로 게임 승리(난입 제외 / 5킬미만 제외)"""
25,#CSO2_ACHIVEMENT_NAME_25,#CSO2_ACHIVEMENT_DESC_25,11025,1,2,0,30,-1,0,"""첨부터 너란 녀석 맘에들지 않았어""","""셧다운맵에서 드럼통으로 아군 사살"""
27,#CSO2_ACHIVEMENT_NAME_27,#CSO2_ACHIVEMENT_DESC_27,11027,1,2,0,80,-1,0,"""더 연습하고 와""","""건팀데스에서 25렙을 칼로 사살"""
28,#CSO2_ACHIVEMENT_NAME_28,#CSO2_ACHIVEMENT_DESC_28,11028,1,2,1,30,-1,0,"""나는 네가 되고 너는 내가 되는..""","""건팀데스에서 25렙을 수류탄으로 사살"""
29,#CSO2_ACHIVEMENT_NAME_29,#CSO2_ACHIVEMENT_DESC_29,11029,1,2,0,80,-1,0,"""추락해봐야 더 높이 날 수 있단다""","""건팀데스에서 상대팀에게 10회의 다운그레이드를 선사(동일한 게임을 기준으로 함)"""
30,#CSO2_ACHIVEMENT_NAME_30,#CSO2_ACHIVEMENT_DESC_30,11030,1,2,0,80,-1,0,"""너만 할 수 있는게 아니란다.""","""스텔스에서 CT가 TR을 칼로 사살"""
31,#CSO2_ACHIVEMENT_NAME_31,#CSO2_ACHIVEMENT_DESC_31,11031,1,2,0,120,-1,0,"""열광하라. 이게 바로 진정한 영웅이다.""","""스텔스에서 TR 플레이어가 혼자 남았을 때 5명이상의 CT플레이어를 사살하고 라운드 승리"""
32,#CSO2_ACHIVEMENT_NAME_32,#CSO2_ACHIVEMENT_DESC_32,11032,5,2,0,30,-1,0,"""수색견""","""스텔스에서 완전히 투명해진 적 사살하기"""
33,#CSO2_ACHIVEMENT_NAME_33,#CSO2_ACHIVEMENT_DESC_33,11033,5,2,0,30,-1,0,"""호적수""","""킬레이스에서 라이벌로 등록되기"""
34,#CSO2_ACHIVEMENT_NAME_34,#CSO2_ACHIVEMENT_DESC_34,11034,5,2,0,30,-1,0,"""반격 개시""","""킬레이스에서 내 라이벌 사살하기"""
35,#CSO2_ACHIVEMENT_NAME_35,#CSO2_ACHIVEMENT_DESC_35,11035,1,2,0,30,-1,0,"""양치기""","""오리지널 모드에서 혼자서 인질 모두 구출"""
36,#CSO2_ACHIVEMENT_NAME_36,#CSO2_ACHIVEMENT_DESC_36,11036,1,2,0,30,-1,0,"""파수꾼""","""오리지널 모드에서 인질을 이끄는 CT 사살"""
37,#CSO2_ACHIVEMENT_NAME_37,#CSO2_ACHIVEMENT_DESC_37,11037,1,2,0,30,-1,0,"""다이하드""","""오리지널 모드에서 C4폭발까지 5초 미만이 남은 상태로 C4 해체 성공"""
38,#CSO2_ACHIVEMENT_NAME_38,#CSO2_ACHIVEMENT_DESC_38,11038,100,2,0,300,-1,0,"""폭탄마""","""C4 설치 100회"""
39,#CSO2_ACHIVEMENT_NAME_39,#CSO2_ACHIVEMENT_DESC_39,11039,100,2,0,300,-1,0,"""빨간선이 정답이었어!""","""C4 해체 100회"""
40,#CSO2_ACHIVEMENT_NAME_40,#CSO2_ACHIVEMENT_DESC_40,11040,100,2,0,120,-1,0,"""위대한 승리""","""세션승리 100회"""
41,#CSO2_ACHIVEMENT_NAME_41,#CSO2_ACHIVEMENT_DESC_41,11041,500,2,0,500,-1,0,"""승리의 화신""","""세션승리 500회"""
42,#CSO2_ACHIVEMENT_NAME_42,#CSO2_ACHIVEMENT_DESC_42,11042,5000,2,0,1000,-1,0,"""전쟁의 신""","""세션승리 5000회"""
43,#CSO2_ACHIVEMENT_NAME_43,#CSO2_ACHIVEMENT_DESC_43,11043,100,2,0,120,-1,0,"""양치기 소년""","""100명의 인질 구출"""
44,#CSO2_ACHIVEMENT_NAME_44,#CSO2_ACHIVEMENT_DESC_44,11044,500,2,0,300,-1,0,"""현지 가이드""","""500명의 인질 구출"""
45,#CSO2_ACHIVEMENT_NAME_45,#CSO2_ACHIVEMENT_DESC_45,11045,5000,2,0,500,-1,0,"""피리부는 CT""","""5000명의 인질 구출"""
46,#CSO2_ACHIVEMENT_NAME_46,#CSO2_ACHIVEMENT_DESC_46,11046,50000,2,0,120,-1,0,"""티끌은 모아도 티끌""","""50,000 달러 획득"""
47,#CSO2_ACHIVEMENT_NAME_47,#CSO2_ACHIVEMENT_DESC_47,11047,2500000,2,0,300,-1,0,"""서민 탈출""","""2,500,000 달러 획득"""
48,#CSO2_ACHIVEMENT_NAME_48,#CSO2_ACHIVEMENT_DESC_48,11048,100000000,2,0,500,-1,0,"""모아보니 태산""","""100,000,000 달러 획득"""
49,#CSO2_ACHIVEMENT_NAME_49,#CSO2_ACHIVEMENT_DESC_49,11049,1,2,1,120,-1,0,"""평화의 전령사""","""아무도 죽이지 않고 게임 승리"""
50,#CSO2_ACHIVEMENT_NAME_50,#CSO2_ACHIVEMENT_DESC_50,11050,1,2,0,120,-1,0,"""무혈 입성""","""아무도 부상당하지 않고 게임 승리"""
51,#CSO2_ACHIVEMENT_NAME_51,#CSO2_ACHIVEMENT_DESC_51,11051,1,2,0,120,-1,0,"""아껴야 잘살지.""","""달러를 사용하지 않고 게임 승리"""
52,#CSO2_ACHIVEMENT_NAME_52,#CSO2_ACHIVEMENT_DESC_52,11052,1,2,0,120,-1,0,"""속도가 생명!""","""60초 안에 모든 인질 구출"""
53,#CSO2_ACHIVEMENT_NAME_53,#CSO2_ACHIVEMENT_DESC_53,11053,1,2,0,120,-1,0,"""학살이란 이런것""","""1분안에 10명의 플레이어 사살 및 라운드 승리 (라운드 방식 모드만 적용)"""
54,#CSO2_ACHIVEMENT_NAME_54,#CSO2_ACHIVEMENT_DESC_54,11054,1,2,0,120,-1,0,"""팀웍따위 필요없지""","""나 혼자 모든 적 사살(5명 이상) 후 라운드 승리"""
56,#CSO2_ACHIVEMENT_NAME_56,#CSO2_ACHIVEMENT_DESC_56,11056,1,2,0,80,-1,0,"""네 몸부터 챙겨야하지 않을까?""","""인질을 구출하는 CT를 인질에 피해를 주지 않고 사살"""
57,#CSO2_ACHIVEMENT_NAME_57,#CSO2_ACHIVEMENT_DESC_57,11057,1,2,0,30,-1,0,"""위대한 유산""","""쓰러진 동료의 C4를 주워서 설치 후 라운드 승리"""
58,#CSO2_ACHIVEMENT_NAME_58,#CSO2_ACHIVEMENT_DESC_58,11058,1,2,0,120,-1,0,"""도망칠 수 없을껄""","""C4 폭발데미지로 5명의 적 사살"""
59,#CSO2_ACHIVEMENT_NAME_59,#CSO2_ACHIVEMENT_DESC_59,11059,1,2,0,80,-1,0,"""속전 속결""","""20초 내에 C4설치 후 라운드 승리"""
60,#CSO2_ACHIVEMENT_NAME_60,#CSO2_ACHIVEMENT_DESC_60,11060,1,2,0,120,-1,0,"""너희들의 목표는 나라구!""","""동일 라운드 내에서 C4를 해체중인 CT 플레이어 5명 사살"""
61,#CSO2_ACHIVEMENT_NAME_61,#CSO2_ACHIVEMENT_DESC_61,11061,10,2,0,30,-1,0,"""전투 개시자""","""라운드 최초 킬을 기록(개인 단위가 아닌 아군적군 전체에서 최초)"""
62,#CSO2_ACHIVEMENT_NAME_62,#CSO2_ACHIVEMENT_DESC_62,11062,1,2,0,30,-1,0,"""서포터""","""한 라운드에서 킬 없이 어시스트 4회 이상 기록"""
63,#CSO2_ACHIVEMENT_NAME_63,#CSO2_ACHIVEMENT_DESC_63,11063,1,2,1,80,-1,0,"""눈 먼자들의 도시""","""섬광탄으로 적 3명 이상의 눈 멀게 만들기"""
64,#CSO2_ACHIVEMENT_NAME_64,#CSO2_ACHIVEMENT_DESC_64,11064,1,2,0,30,-1,0,"""전시안""","""폭탄 해체 중 주변의 적을 사살"""
65,#CSO2_ACHIVEMENT_NAME_65,#CSO2_ACHIVEMENT_DESC_65,11065,1,2,0,30,-1,0,"""전술가""","""연막탄 범위 내에서 적 사살"""
66,#CSO2_ACHIVEMENT_NAME_66,#CSO2_ACHIVEMENT_DESC_66,11066,1,2,0,120,-1,0,"""백만장자""","""3라운드 연속으로 시작 시 16000달러 소지 유지"""
68,#CSO2_ACHIVEMENT_NAME_68,#CSO2_ACHIVEMENT_DESC_68,11068,1,2,0,30,-1,0,"""이게 최선입니까""","""C4 폭발로 생존해있던 아군 및 적군 모두 사살"""
69,#CSO2_ACHIVEMENT_NAME_69,#CSO2_ACHIVEMENT_DESC_69,11069,100,2,1,80,-1,0,"""남는게 돈인데 뭘.""","""아군에게 무기 기부"""
70,#CSO2_ACHIVEMENT_NAME_70,#CSO2_ACHIVEMENT_DESC_70,11070,100,2,0,120,-1,0,"""적들의 시체를 넘고 넘어""","""100명의 적 사살"""
71,#CSO2_ACHIVEMENT_NAME_71,#CSO2_ACHIVEMENT_DESC_71,11071,1000,2,0,300,-1,0,"""미쳐날뛰고 있습니다. ""","""1,000명의 적 사살"""
72,#CSO2_ACHIVEMENT_NAME_72,#CSO2_ACHIVEMENT_DESC_72,11072,10000,2,0,500,-1,0,"""폭주기관차""","""10,000명의 적 사살"""
73,#CSO2_ACHIVEMENT_NAME_73,#CSO2_ACHIVEMENT_DESC_73,11073,2500,2,0,120,-1,0,"""전치 4주""","""2,500의 누적데미지 기록"""
74,#CSO2_ACHIVEMENT_NAME_74,#CSO2_ACHIVEMENT_DESC_74,11074,50000,2,0,300,-1,0,"""""","""50,000의 누적 데미지 기록"""
75,#CSO2_ACHIVEMENT_NAME_75,#CSO2_ACHIVEMENT_DESC_75,11075,1000000,2,0,500,-1,0,"""""","""1,000,000의 누적 데미지 기록"""
76,#CSO2_ACHIVEMENT_NAME_76,#CSO2_ACHIVEMENT_DESC_76,11076,100,2,0,120,-1,0,"""-""","""헤드샷 100회 기록"""
77,#CSO2_ACHIVEMENT_NAME_77,#CSO2_ACHIVEMENT_DESC_77,11077,500,2,0,300,-1,0,"""-""","""헤드샷 500회 기록"""
78,#CSO2_ACHIVEMENT_NAME_78,#CSO2_ACHIVEMENT_DESC_78,11078,5000,2,0,500,-1,0,"""-""","""헤드샷 5000회 기록"""
79,#CSO2_ACHIVEMENT_NAME_79,#CSO2_ACHIVEMENT_DESC_79,11079,100,2,0,120,-1,0,"""어서와 사살은 처음이지? ""","""퍼스트블러드 100회 기록"""
80,#CSO2_ACHIVEMENT_NAME_80,#CSO2_ACHIVEMENT_DESC_80,11080,100,2,0,300,-1,0,"""소드마스터""","""근접무기로 적 사살 100회"""
81,#CSO2_ACHIVEMENT_NAME_81,#CSO2_ACHIVEMENT_DESC_81,11081,100,2,0,300,-1,0,"""진정한 스나이퍼라면..""","""저격총으로 조준하지 않고 적 사살 100회"""
82,#CSO2_ACHIVEMENT_NAME_82,#CSO2_ACHIVEMENT_DESC_82,11082,100,2,0,300,-1,0,"""이게 현실이야.""","""재장전 중인 적 사살 100회"""
83,#CSO2_ACHIVEMENT_NAME_83,#CSO2_ACHIVEMENT_DESC_83,11083,1,2,0,30,-1,0,"""비겁한 변명입니다!!""","""재장전 중 사망"""
84,#CSO2_ACHIVEMENT_NAME_84,#CSO2_ACHIVEMENT_DESC_84,11084,1,2,1,30,-1,0,"""기분이 묘할꺼다.""","""적 진영의 무기를 주워 적 사살"""
85,#CSO2_ACHIVEMENT_NAME_85,#CSO2_ACHIVEMENT_DESC_85,11085,1,2,0,30,-1,0,"""넌 최선을 다했어.""","""주무기의 탄창이 빈 상태에서 권총 재장전 중 사망"""
86,#CSO2_ACHIVEMENT_NAME_86,#CSO2_ACHIVEMENT_DESC_86,11086,1,2,0,120,-1,0,"""무기상인""","""한 라운드에서 다른무기 5개로 적 사살"""
87,#CSO2_ACHIVEMENT_NAME_87,#CSO2_ACHIVEMENT_DESC_87,11087,1,2,0,80,-1,0,"""오메 심장떨려""","""한 라운드에서 수류탄맞고 10 이내의 HP로 생존"""
88,#CSO2_ACHIVEMENT_NAME_88,#CSO2_ACHIVEMENT_DESC_88,11088,100,2,0,120,-1,0,"""눈에 뵈는게 없다니까!""","""섬광탄을 맞고 눈이 먼 상태에서 적 사살"""
89,#CSO2_ACHIVEMENT_NAME_89,#CSO2_ACHIVEMENT_DESC_89,11089,1,2,0,30,-1,0,"""선글라스 사세요""","""섬광탄을 이용해 눈이 멀게 한 후 적 사살"""
90,#CSO2_ACHIVEMENT_NAME_90,#CSO2_ACHIVEMENT_DESC_90,11090,1,2,0,120,-1,0,"""뭉치면 죽고 흩어지면 산다.""","""수류탄 한 발로 동시에 3명 이상의 적 사살"""
91,#CSO2_ACHIVEMENT_NAME_91,#CSO2_ACHIVEMENT_DESC_91,11091,1,2,0,80,-1,0,"""화력낭비""","""마지막 적을 수류탄으로 사살"""
92,#CSO2_ACHIVEMENT_NAME_92,#CSO2_ACHIVEMENT_DESC_92,11092,1,2,0,120,-1,0,"""넌 나에게 모욕감을 줬어""","""수류탄을 직접 맞춰 적을 사살 (비폭발)"""
93,#CSO2_ACHIVEMENT_NAME_93,#CSO2_ACHIVEMENT_DESC_93,11093,1,2,1,30,-1,0,"""폭발적인 해결책""","""폭탄을 해체중인 CT를 수류탄으로 사살"""
94,#CSO2_ACHIVEMENT_NAME_94,#CSO2_ACHIVEMENT_DESC_94,11094,1,2,0,120,-1,0,"""넌 내 상대가 아니다.""","""줌인 상태로 저격중인 적을 내 저격총으로 사살"""
95,#CSO2_ACHIVEMENT_NAME_95,#CSO2_ACHIVEMENT_DESC_95,11095,1,2,0,30,-1,0,"""눈에 보이는게 다가 아닐텐데""","""줌인 상태로 적격중인 적을 근접무기로 사살"""
96,#CSO2_ACHIVEMENT_NAME_96,#CSO2_ACHIVEMENT_DESC_96,11096,1,2,0,80,-1,0,"""스쳐도 사망""","""체력 1인 상태에서 적 사살"""
97,#CSO2_ACHIVEMENT_NAME_97,#CSO2_ACHIVEMENT_DESC_97,11097,100,2,0,300,-1,0,"""내려올 필요 없어""","""공중에 떠있는 적 사살 100회 기록"""
98,#CSO2_ACHIVEMENT_NAME_98,#CSO2_ACHIVEMENT_DESC_98,11098,1,2,0,80,-1,0,"""혼신의 힘을 담아.""","""탄창에 남은 한발로 적 사살(저격소총 제외)"""
99,#CSO2_ACHIVEMENT_NAME_99,#CSO2_ACHIVEMENT_DESC_99,11099,1,2,0,30,-1,0,"""너에게 맡긴다""","""적의 HP를 90%이상 깎고 아군에게 사살을 맡기기"""
101,#CSO2_ACHIVEMENT_NAME_101,#CSO2_ACHIVEMENT_DESC_101,11101,1,2,0,120,-1,0,"""마이 무따 아이가""","""5명의 적으로 부터 부상을 입고 살아남기"""
102,#CSO2_ACHIVEMENT_NAME_102,#CSO2_ACHIVEMENT_DESC_102,11102,1,2,0,30,-1,0,"""이거 아무나 하는 거 아니다""","""한 라운드에서 5명의 적을 헤드샷으로 사살"""
103,#CSO2_ACHIVEMENT_NAME_103,#CSO2_ACHIVEMENT_DESC_103,11103,1,2,0,30,-1,0,"""물귀신 작전""","""죽기직전 투척한 수류탄으로 날 죽인 적 사살"""
104,#CSO2_ACHIVEMENT_NAME_104,#CSO2_ACHIVEMENT_DESC_104,11104,1,2,0,30,-1,0,"""사일런트 킬러""","""무기에 소음기를 장착한 상태로 공격 받지 않고 적 사살"""
105,#CSO2_ACHIVEMENT_NAME_105,#CSO2_ACHIVEMENT_DESC_105,11105,10,2,0,30,-1,0,"""엑스레이""","""월샷으로 적 사살 10회 기록"""
107,#CSO2_ACHIVEMENT_NAME_107,#CSO2_ACHIVEMENT_DESC_107,11107,1,2,1,80,-1,0,"""장인은 무기를 탓하지 않는 법""","""스카우트 탄환 1발로 체력이 가득 찬 적을 사살"""
109,#CSO2_ACHIVEMENT_NAME_109,#CSO2_ACHIVEMENT_DESC_109,11109,1,2,0,30,-1,0,"""꼴보기 싫은 녀석""","""연속킬 중인 적 사살"""
110,#CSO2_ACHIVEMENT_NAME_110,#CSO2_ACHIVEMENT_DESC_110,11110,100,3,0,120,-1,0,"""GLOCK 초심자""","""GLOCK 100킬 기록"""
111,#CSO2_ACHIVEMENT_NAME_111,#CSO2_ACHIVEMENT_DESC_111,11111,500,3,0,300,-1,0,"""GLOCK 숙련자""","""GLOCK 500킬 기록"""
112,#CSO2_ACHIVEMENT_NAME_112,#CSO2_ACHIVEMENT_DESC_112,11112,5000,3,0,500,-1,0,"""GLOCK 전문가""","""GLOCK 5000킬 기록"""
113,#CSO2_ACHIVEMENT_NAME_113,#CSO2_ACHIVEMENT_DESC_113,11113,100,3,0,120,-1,0,"""USP 초심자""","""USP 100킬 기록"""
114,#CSO2_ACHIVEMENT_NAME_114,#CSO2_ACHIVEMENT_DESC_114,11114,500,3,0,300,-1,0,"""USP 숙련자""","""USP 500킬 기록"""
115,#CSO2_ACHIVEMENT_NAME_115,#CSO2_ACHIVEMENT_DESC_115,11115,5000,3,0,500,-1,0,"""USP 전문가""","""USP 5000킬 기록"""
116,#CSO2_ACHIVEMENT_NAME_116,#CSO2_ACHIVEMENT_DESC_116,11116,100,3,0,120,-1,0,"""P228 초심자""","""P228 100킬 기록"""
117,#CSO2_ACHIVEMENT_NAME_117,#CSO2_ACHIVEMENT_DESC_117,11117,500,3,0,300,-1,0,"""P228 숙련자""","""P228 500킬 기록"""
118,#CSO2_ACHIVEMENT_NAME_118,#CSO2_ACHIVEMENT_DESC_118,11118,5000,3,0,500,-1,0,"""P228 전문가""","""P228 5000킬 기록"""
119,#CSO2_ACHIVEMENT_NAME_119,#CSO2_ACHIVEMENT_DESC_119,11119,100,3,0,120,-1,0,"""FIVESEVEN 초심자""","""FIVESEVEN 100킬 기록"""
120,#CSO2_ACHIVEMENT_NAME_120,#CSO2_ACHIVEMENT_DESC_120,11120,500,3,0,300,-1,0,"""FIVESEVEN 숙련자""","""FIVESEVEN 500킬 기록"""
121,#CSO2_ACHIVEMENT_NAME_121,#CSO2_ACHIVEMENT_DESC_121,11121,5000,3,0,500,-1,0,"""FIVESEVEN 전문가""","""FIVESEVEN 5000킬 기록"""
122,#CSO2_ACHIVEMENT_NAME_122,#CSO2_ACHIVEMENT_DESC_122,11122,100,3,0,120,-1,0,"""DESERT EAGLE 초심자""","""DESERT EAGLE 100킬 기록"""
123,#CSO2_ACHIVEMENT_NAME_123,#CSO2_ACHIVEMENT_DESC_123,11123,500,3,0,300,-1,0,"""DESERT EAGLE 숙련자""","""DESERT EAGLE 500킬 기록"""
124,#CSO2_ACHIVEMENT_NAME_124,#CSO2_ACHIVEMENT_DESC_124,11124,5000,3,0,500,-1,0,"""DESERT EAGLE 전문가""","""DESERT EAGLE 5000킬 기록"""
125,#CSO2_ACHIVEMENT_NAME_125,#CSO2_ACHIVEMENT_DESC_125,11125,100,3,0,120,-1,0,"""DUAL ELITE 초심자""","""DUAL ELITE 100킬 기록"""
126,#CSO2_ACHIVEMENT_NAME_126,#CSO2_ACHIVEMENT_DESC_126,11126,500,3,0,300,-1,0,"""DUAL ELITE 숙련자""","""DUAL ELITE 500킬 기록"""
127,#CSO2_ACHIVEMENT_NAME_127,#CSO2_ACHIVEMENT_DESC_127,11127,5000,3,0,500,-1,0,"""DUAL ELITE 전문가""","""DUAL ELITE 5000킬 기록"""
128,#CSO2_ACHIVEMENT_NAME_128,#CSO2_ACHIVEMENT_DESC_128,11128,100,3,0,120,-1,0,"""M3 초심자""","""M3 100킬 기록"""
129,#CSO2_ACHIVEMENT_NAME_129,#CSO2_ACHIVEMENT_DESC_129,11129,500,3,0,300,-1,0,"""M3 숙련자""","""M3 500킬 기록"""
130,#CSO2_ACHIVEMENT_NAME_130,#CSO2_ACHIVEMENT_DESC_130,11130,5000,3,0,500,-1,0,"""M3 전문가""","""M3 5000킬 기록"""
131,#CSO2_ACHIVEMENT_NAME_131,#CSO2_ACHIVEMENT_DESC_131,11131,100,3,0,120,-1,0,"""XM1014 초심자""","""XM1014 100킬 기록"""
132,#CSO2_ACHIVEMENT_NAME_132,#CSO2_ACHIVEMENT_DESC_132,11132,500,3,0,300,-1,0,"""XM1014 숙련자""","""XM1014 500킬 기록"""
133,#CSO2_ACHIVEMENT_NAME_133,#CSO2_ACHIVEMENT_DESC_133,11133,5000,3,0,500,-1,0,"""XM1014 전문가""","""XM1014 5000킬 기록"""
134,#CSO2_ACHIVEMENT_NAME_134,#CSO2_ACHIVEMENT_DESC_134,11134,100,3,0,120,-1,0,"""FAMAS 초심자""","""FAMAS 100킬 기록"""
135,#CSO2_ACHIVEMENT_NAME_135,#CSO2_ACHIVEMENT_DESC_135,11135,500,3,0,300,-1,0,"""FAMAS 숙련자""","""FAMAS 500킬 기록"""
136,#CSO2_ACHIVEMENT_NAME_136,#CSO2_ACHIVEMENT_DESC_136,11136,5000,3,0,500,-1,0,"""FAMAS 전문가""","""FAMAS 5000킬 기록"""
137,#CSO2_ACHIVEMENT_NAME_137,#CSO2_ACHIVEMENT_DESC_137,11137,100,3,0,120,-1,0,"""GALIL 초심자""","""GALIL 100킬 기록"""
138,#CSO2_ACHIVEMENT_NAME_138,#CSO2_ACHIVEMENT_DESC_138,11138,500,3,0,300,-1,0,"""GALIL 숙련자""","""GALIL 500킬 기록"""
139,#CSO2_ACHIVEMENT_NAME_139,#CSO2_ACHIVEMENT_DESC_139,11139,5000,3,0,500,-1,0,"""GALIL 전문가""","""GALIL 5000킬 기록"""
140,#CSO2_ACHIVEMENT_NAME_140,#CSO2_ACHIVEMENT_DESC_140,11140,100,3,0,120,-1,0,"""M4A1 초심자""","""M4A1 100킬 기록"""
141,#CSO2_ACHIVEMENT_NAME_141,#CSO2_ACHIVEMENT_DESC_141,11141,500,3,0,300,-1,0,"""M4A1 숙련자""","""M4A1 500킬 기록"""
142,#CSO2_ACHIVEMENT_NAME_142,#CSO2_ACHIVEMENT_DESC_142,11142,5000,3,0,500,-1,0,"""M4A1 전문가""","""M4A1 5000킬 기록"""
143,#CSO2_ACHIVEMENT_NAME_143,#CSO2_ACHIVEMENT_DESC_143,11143,100,3,0,120,-1,0,"""AK47 초심자""","""AK47 100킬 기록"""
144,#CSO2_ACHIVEMENT_NAME_144,#CSO2_ACHIVEMENT_DESC_144,11144,500,3,0,300,-1,0,"""AK47 숙련자""","""AK47 500킬 기록"""
145,#CSO2_ACHIVEMENT_NAME_145,#CSO2_ACHIVEMENT_DESC_145,11145,5000,3,0,500,-1,0,"""AK47 전문가""","""AK47 5000킬 기록"""
146,#CSO2_ACHIVEMENT_NAME_146,#CSO2_ACHIVEMENT_DESC_146,11146,100,3,0,120,-1,0,"""AUG 초심자""","""AUG 100킬 기록"""
147,#CSO2_ACHIVEMENT_NAME_147,#CSO2_ACHIVEMENT_DESC_147,11147,500,3,0,300,-1,0,"""AUG 숙련자""","""AUG 500킬 기록"""
148,#CSO2_ACHIVEMENT_NAME_148,#CSO2_ACHIVEMENT_DESC_148,11148,5000,3,0,500,-1,0,"""AUG 전문가""","""AUG 5000킬 기록"""
149,#CSO2_ACHIVEMENT_NAME_149,#CSO2_ACHIVEMENT_DESC_149,11149,100,3,0,120,-1,0,"""SG550 초심자""","""SG550 100킬 기록"""
150,#CSO2_ACHIVEMENT_NAME_150,#CSO2_ACHIVEMENT_DESC_150,11150,500,3,0,300,-1,0,"""SG550 숙련자""","""SG550 500킬 기록"""
151,#CSO2_ACHIVEMENT_NAME_151,#CSO2_ACHIVEMENT_DESC_151,11151,5000,3,0,500,-1,0,"""SG550 전문가""","""SG550 5000킬 기록"""
152,#CSO2_ACHIVEMENT_NAME_152,#CSO2_ACHIVEMENT_DESC_152,11152,100,3,0,120,-1,0,"""SG552 초심자""","""SG552 100킬 기록"""
153,#CSO2_ACHIVEMENT_NAME_153,#CSO2_ACHIVEMENT_DESC_153,11153,500,3,0,300,-1,0,"""SG552 숙련자""","""SG552 500킬 기록"""
154,#CSO2_ACHIVEMENT_NAME_154,#CSO2_ACHIVEMENT_DESC_154,11154,5000,3,0,500,-1,0,"""SG552 전문가""","""SG552 5000킬 기록"""
155,#CSO2_ACHIVEMENT_NAME_155,#CSO2_ACHIVEMENT_DESC_155,11155,100,3,0,120,-1,0,"""G3SG1 초심자""","""G3SG1 100킬 기록"""
156,#CSO2_ACHIVEMENT_NAME_156,#CSO2_ACHIVEMENT_DESC_156,11156,500,3,0,300,-1,0,"""G3SG1 숙련자""","""G3SG1 500킬 기록"""
157,#CSO2_ACHIVEMENT_NAME_157,#CSO2_ACHIVEMENT_DESC_157,11157,5000,3,0,500,-1,0,"""G3SG1 전문가""","""G3SG1 5000킬 기록"""
158,#CSO2_ACHIVEMENT_NAME_158,#CSO2_ACHIVEMENT_DESC_158,11158,100,3,0,120,-1,0,"""M249 초심자""","""M249 100킬 기록"""
159,#CSO2_ACHIVEMENT_NAME_159,#CSO2_ACHIVEMENT_DESC_159,11159,500,3,0,300,-1,0,"""M249 숙련자""","""M249 500킬 기록"""
160,#CSO2_ACHIVEMENT_NAME_160,#CSO2_ACHIVEMENT_DESC_160,11160,5000,3,0,500,-1,0,"""M249 전문가""","""M249 5000킬 기록"""
161,#CSO2_ACHIVEMENT_NAME_161,#CSO2_ACHIVEMENT_DESC_161,11161,100,3,0,120,-1,0,"""AWP 초심자""","""AWP 100킬 기록"""
162,#CSO2_ACHIVEMENT_NAME_162,#CSO2_ACHIVEMENT_DESC_162,11162,500,3,0,300,-1,0,"""AWP 숙련자""","""AWP 500킬 기록"""
163,#CSO2_ACHIVEMENT_NAME_163,#CSO2_ACHIVEMENT_DESC_163,11163,5000,3,0,500,-1,0,"""AWP 전문가""","""AWP 5000킬 기록"""
164,#CSO2_ACHIVEMENT_NAME_164,#CSO2_ACHIVEMENT_DESC_164,11164,100,3,0,120,-1,0,"""SCOUT 초심자""","""SCOUT 100킬 기록"""
165,#CSO2_ACHIVEMENT_NAME_165,#CSO2_ACHIVEMENT_DESC_165,11165,500,3,0,300,-1,0,"""SCOUT 숙련자""","""SCOUT 500킬 기록"""
166,#CSO2_ACHIVEMENT_NAME_166,#CSO2_ACHIVEMENT_DESC_166,11166,5000,3,0,500,-1,0,"""SCOUT 전문가""","""SCOUT 5000킬 기록"""
167,#CSO2_ACHIVEMENT_NAME_167,#CSO2_ACHIVEMENT_DESC_167,11167,100,3,0,120,-1,0,"""MP5N 초심자""","""MP5N 100킬 기록"""
168,#CSO2_ACHIVEMENT_NAME_168,#CSO2_ACHIVEMENT_DESC_168,11168,500,3,0,300,-1,0,"""MP5N 숙련자""","""MP5N 500킬 기록"""
169,#CSO2_ACHIVEMENT_NAME_169,#CSO2_ACHIVEMENT_DESC_169,11169,5000,3,0,500,-1,0,"""MP5N 전문가""","""MP5N 5000킬 기록"""
170,#CSO2_ACHIVEMENT_NAME_170,#CSO2_ACHIVEMENT_DESC_170,11170,100,3,0,120,-1,0,"""UMP45 초심자""","""UMP45 100킬 기록"""
171,#CSO2_ACHIVEMENT_NAME_171,#CSO2_ACHIVEMENT_DESC_171,11171,500,3,0,300,-1,0,"""UMP45 숙련자""","""UMP45 500킬 기록"""
172,#CSO2_ACHIVEMENT_NAME_172,#CSO2_ACHIVEMENT_DESC_172,11172,5000,3,0,500,-1,0,"""UMP45 전문가""","""UMP45 5000킬 기록"""
173,#CSO2_ACHIVEMENT_NAME_173,#CSO2_ACHIVEMENT_DESC_173,11173,100,3,0,120,-1,0,"""P90 초심자""","""P90 100킬 기록"""
174,#CSO2_ACHIVEMENT_NAME_174,#CSO2_ACHIVEMENT_DESC_174,11174,500,3,0,300,-1,0,"""P90 숙련자""","""P90 500킬 기록"""
175,#CSO2_ACHIVEMENT_NAME_175,#CSO2_ACHIVEMENT_DESC_175,11175,5000,3,0,500,-1,0,"""P90 전문가""","""P90 5000킬 기록"""
176,#CSO2_ACHIVEMENT_NAME_176,#CSO2_ACHIVEMENT_DESC_176,11176,100,3,0,120,-1,0,"""TMP 초심자""","""TMP 100킬 기록"""
177,#CSO2_ACHIVEMENT_NAME_177,#CSO2_ACHIVEMENT_DESC_177,11177,500,3,0,300,-1,0,"""TMP 숙련자""","""TMP 500킬 기록"""
178,#CSO2_ACHIVEMENT_NAME_178,#CSO2_ACHIVEMENT_DESC_178,11178,5000,3,0,500,-1,0,"""TMP 전문가""","""TMP 5000킬 기록"""
179,#CSO2_ACHIVEMENT_NAME_179,#CSO2_ACHIVEMENT_DESC_179,11179,100,3,0,120,-1,0,"""MAC10 초심자""","""MAC10 100킬 기록"""
180,#CSO2_ACHIVEMENT_NAME_180,#CSO2_ACHIVEMENT_DESC_180,11180,500,3,0,300,-1,0,"""MAC10 숙련자""","""MAC10 500킬 기록"""
181,#CSO2_ACHIVEMENT_NAME_181,#CSO2_ACHIVEMENT_DESC_181,11181,5000,3,0,500,-1,0,"""MAC10 전문가""","""MAC10 5000킬 기록"""
182,#CSO2_ACHIVEMENT_NAME_182,#CSO2_ACHIVEMENT_DESC_182,11182,5,3,0,1000,-1,0,"""권총의 달인""","""권총 계열 5개 마스터"""
183,#CSO2_ACHIVEMENT_NAME_183,#CSO2_ACHIVEMENT_DESC_183,11183,5,3,0,1000,-1,0,"""기관단총의 달인""","""SMG 계열 5개 마스터"""
184,#CSO2_ACHIVEMENT_NAME_184,#CSO2_ACHIVEMENT_DESC_184,11184,5,3,0,1000,-1,0,"""돌격소총의 달인""","""AR 계열 5개 마스터"""
185,#CSO2_ACHIVEMENT_NAME_185,#CSO2_ACHIVEMENT_DESC_185,11185,5,3,0,1000,-1,0,"""저격소총의 달인""","""SR 계열 5개 마스터"""
186,#CSO2_ACHIVEMENT_NAME_186,#CSO2_ACHIVEMENT_DESC_186,11186,5,3,0,1000,-1,0,"""중화기의 달인""","""MG 계열 5개 마스터"""
193,#CSO2_ACHIVEMENT_NAME_193,#CSO2_ACHIVEMENT_DESC_193,11193,1,2,1,80,-1,0,피로물든 평화의 상징,프롤로그에 등장하는 비둘기 사살
194,#CSO2_ACHIVEMENT_NAME_194,#CSO2_ACHIVEMENT_DESC_194,11194,5,4,0,80,-1,0,편식하지 맙시다,"모든 모드를 1회씩 플레이(오리지날,팀데스매치,킬레이스,스텔스,건팀데스매치)"
195,#CSO2_ACHIVEMENT_NAME_195,#CSO2_ACHIVEMENT_DESC_195,11195,20,0,0,120,-1,0,빅시티 명예시민,BIGCITY 내에서 20일 보내기 (BIGCITY에서 하루는 30분입니다. )
196,#CSO2_ACHIVEMENT_NAME_196,#CSO2_ACHIVEMENT_DESC_196,11196,100,3,0,120,-1,0,"""MP7 초심자""","""MP7 100킬 기록"""
197,#CSO2_ACHIVEMENT_NAME_197,#CSO2_ACHIVEMENT_DESC_197,11197,500,3,0,300,-1,0,"""MP7 숙련자""","""MP7 500킬 기록"""
198,#CSO2_ACHIVEMENT_NAME_198,#CSO2_ACHIVEMENT_DESC_198,11198,5000,3,0,500,-1,0,"""MP7 전문가""","""MP7 5000킬 기록"""
199,#CSO2_ACHIVEMENT_NAME_199,#CSO2_ACHIVEMENT_DESC_199,11199,100,1,0,300,-1,0,"""오피스 맵 베테랑""","""오피스 맵 100회 플레이"""
200,#CSO2_ACHIVEMENT_NAME_200,#CSO2_ACHIVEMENT_DESC_200,11200,100,1,0,300,-1,0,어썰트맵 베테랑,어썰트 맵 100회 플레이
201,#CSO2_ACHIVEMENT_NAME_201,#CSO2_ACHIVEMENT_DESC_201,11201,100,3,0,120,-1,0,striker12 초심자,
202,#CSO2_ACHIVEMENT_NAME_202,#CSO2_ACHIVEMENT_DESC_202,11202,500,3,0,300,-1,0,striker12 숙련자,
203,#CSO2_ACHIVEMENT_NAME_203,#CSO2_ACHIVEMENT_DESC_203,11203,5000,3,0,500,-1,0,striker12 전문가,
204,#CSO2_ACHIVEMENT_NAME_204,#CSO2_ACHIVEMENT_DESC_204,11204,100,3,0,120,-1,0,FAL 초심자,
205,#CSO2_ACHIVEMENT_NAME_205,#CSO2_ACHIVEMENT_DESC_205,11205,500,3,0,300,-1,0,FAL 숙련자,
206,#CSO2_ACHIVEMENT_NAME_206,#CSO2_ACHIVEMENT_DESC_206,11206,5000,3,0,500,-1,0,FAL 전문가,
207,#CSO2_ACHIVEMENT_NAME_207,#CSO2_ACHIVEMENT_DESC_207,11207,100,3,0,120,-1,0,FNC 초심자,
208,#CSO2_ACHIVEMENT_NAME_208,#CSO2_ACHIVEMENT_DESC_208,11208,500,3,0,300,-1,0,FNC 숙련자,
209,#CSO2_ACHIVEMENT_NAME_209,#CSO2_ACHIVEMENT_DESC_209,11209,5000,3,0,500,-1,0,FNC 전문가,
210,#CSO2_ACHIVEMENT_NAME_210,#CSO2_ACHIVEMENT_DESC_210,11210,100,3,0,120,-1,0,F2000 초심자,
211,#CSO2_ACHIVEMENT_NAME_211,#CSO2_ACHIVEMENT_DESC_211,11211,500,3,0,300,-1,0,F2000 숙련자,
212,#CSO2_ACHIVEMENT_NAME_212,#CSO2_ACHIVEMENT_DESC_212,11212,5000,3,0,500,-1,0,F2000 전문가,
213,#CSO2_ACHIVEMENT_NAME_213,#CSO2_ACHIVEMENT_DESC_213,11213,100,3,0,120,-1,0,SCAR-H 초심자,
214,#CSO2_ACHIVEMENT_NAME_214,#CSO2_ACHIVEMENT_DESC_214,11214,500,3,0,300,-1,0,SCAR-H 숙련자,
215,#CSO2_ACHIVEMENT_NAME_215,#CSO2_ACHIVEMENT_DESC_215,11215,5000,3,0,500,-1,0,SCAR-H 전문가,
216,#CSO2_ACHIVEMENT_NAME_216,#CSO2_ACHIVEMENT_DESC_216,11216,100,1,0,300,-1,0,아쿠아리움 맵 100회 플레이 ,
217,#CSO2_ACHIVEMENT_NAME_217,#CSO2_ACHIVEMENT_DESC_217,11217,100,3,0,120,-1,0,아나콘다 초심자,
218,#CSO2_ACHIVEMENT_NAME_218,#CSO2_ACHIVEMENT_DESC_218,11218,500,3,0,300,-1,0,아나콘다 숙련자,
219,#CSO2_ACHIVEMENT_NAME_219,#CSO2_ACHIVEMENT_DESC_219,11219,5000,3,0,500,-1,0,아나콘다 전문가,
220,#CSO2_ACHIVEMENT_NAME_220,#CSO2_ACHIVEMENT_DESC_220,11220,100,3,0,120,-1,0,DR200 초심자,
221,#CSO2_ACHIVEMENT_NAME_221,#CSO2_ACHIVEMENT_DESC_221,11221,500,3,0,300,-1,0,DR200 숙련자,
222,#CSO2_ACHIVEMENT_NAME_222,#CSO2_ACHIVEMENT_DESC_222,11222,5000,3,0,500,-1,0,DR200 전문가,
223,#CSO2_ACHIVEMENT_NAME_223,#CSO2_ACHIVEMENT_DESC_223,11223,100,0,0,300,-1,0,돼지모드 100회 플레이,
224,#CSO2_ACHIVEMENT_NAME_224,#CSO2_ACHIVEMENT_DESC_224,11224,100,2,0,500,-1,0,"돼지변신 100회, 칭호 : 꿀꿀이",
225,#CSO2_ACHIVEMENT_NAME_225,#CSO2_ACHIVEMENT_DESC_225,11225,100,2,0,500,-1,0,도축업자(돼지사살 100회),
226,#CSO2_ACHIVEMENT_NAME_226,#CSO2_ACHIVEMENT_DESC_226,11226,10,2,1,300,-1,0,동족상잔의 비극(돼지가 돼지사살 10회),
227,#CSO2_ACHIVEMENT_NAME_227,#CSO2_ACHIVEMENT_DESC_227,11227,100,3,0,120,-1,0,M60 초심자,
228,#CSO2_ACHIVEMENT_NAME_228,#CSO2_ACHIVEMENT_DESC_228,11228,500,3,0,300,-1,0,M60 숙련자,
229,#CSO2_ACHIVEMENT_NAME_229,#CSO2_ACHIVEMENT_DESC_229,11229,5000,3,0,500,-1,0,M60 전문가,
230,#CSO2_ACHIVEMENT_NAME_230,#CSO2_ACHIVEMENT_DESC_230,11230,100,3,0,120,-1,0,베레타 MX4 STORM 초심자,
231,#CSO2_ACHIVEMENT_NAME_231,#CSO2_ACHIVEMENT_DESC_231,11231,500,3,0,300,-1,0,베레타 MX4 STORM 숙련자,
232,#CSO2_ACHIVEMENT_NAME_232,#CSO2_ACHIVEMENT_DESC_232,11232,5000,3,0,500,-1,0,베레타 MX4 STORM 전문가,
233,#CSO2_ACHIVEMENT_NAME_233,#CSO2_ACHIVEMENT_DESC_233,11233,2,3,0,30,-1,0,언락튜토리얼 완료,
234,#CSO2_ACHIVEMENT_NAME_234,#CSO2_ACHIVEMENT_DESC_234,11234,100,1,0,300,-1,0,"""밴티지 맵 베테랑""","""밴티지 맵 100회 플레이"""
235,#CSO2_ACHIVEMENT_NAME_235,#CSO2_ACHIVEMENT_DESC_235,11235,100,3,0,120,-1,0,AR-57 PDW 초심자,
236,#CSO2_ACHIVEMENT_NAME_236,#CSO2_ACHIVEMENT_DESC_236,11236,500,3,0,300,-1,0,AR-57 PDW 숙련자,
237,#CSO2_ACHIVEMENT_NAME_237,#CSO2_ACHIVEMENT_DESC_237,11237,5000,3,0,500,-1,0,AR-57 PDW 전문가,
238,#CSO2_ACHIVEMENT_NAME_238,#CSO2_ACHIVEMENT_DESC_238,11238,100,3,0,120,-1,0,KRISS Vector 초심자,
239,#CSO2_ACHIVEMENT_NAME_239,#CSO2_ACHIVEMENT_DESC_239,11239,500,3,0,300,-1,0,KRISS Vector 숙련자,
240,#CSO2_ACHIVEMENT_NAME_240,#CSO2_ACHIVEMENT_DESC_240,11240,5000,3,0,500,-1,0,KRISS Vector 전문가,
241,#CSO2_ACHIVEMENT_NAME_241,#CSO2_ACHIVEMENT_DESC_241,11241,10,2,0,120,-1,0,크리스마스 이벤트 01 : 솔로라도 외롭지 않자나,
242,#CSO2_ACHIVEMENT_NAME_242,#CSO2_ACHIVEMENT_DESC_242,11242,20,2,0,120,-1,0,크리스마스 이벤트 02 : 크리스마스의 악몽 20회,
243,#CSO2_ACHIVEMENT_NAME_243,#CSO2_ACHIVEMENT_DESC_243,11243,100,3,0,120,-1,0,AEK-971 초심자,
244,#CSO2_ACHIVEMENT_NAME_244,#CSO2_ACHIVEMENT_DESC_244,11244,500,3,0,300,-1,0,AEK-971 숙련자,
245,#CSO2_ACHIVEMENT_NAME_245,#CSO2_ACHIVEMENT_DESC_245,11245,5000,3,0,500,-1,0,AEK-971 전문가,
246,#CSO2_ACHIVEMENT_NAME_246,#CSO2_ACHIVEMENT_DESC_246,11246,100,3,0,120,-1,0,SCAR-L 초심자,
247,#CSO2_ACHIVEMENT_NAME_247,#CSO2_ACHIVEMENT_DESC_247,11247,500,3,0,300,-1,0,SCAR-L 숙련자,
248,#CSO2_ACHIVEMENT_NAME_248,#CSO2_ACHIVEMENT_DESC_248,11248,5000,3,0,500,-1,0,SCAR-L 전문가,
249,#CSO2_ACHIVEMENT_NAME_249,#CSO2_ACHIVEMENT_DESC_249,11249,100,1,0,300,-1,0,코블맵 베테랑,
250,#CSO2_ACHIVEMENT_NAME_250,#CSO2_ACHIVEMENT_DESC_250,11250,100,0,0,300,-1,0,스페셜모드 마스터,
251,#CSO2_ACHIVEMENT_NAME_251,#CSO2_ACHIVEMENT_DESC_251,11251,100,2,0,120,-1,0,고철처리의 장인,
252,#CSO2_ACHIVEMENT_NAME_252,#CSO2_ACHIVEMENT_DESC_252,11252,1000,2,0,300,-1,0,고철처리 사업가,
253,#CSO2_ACHIVEMENT_NAME_253,#CSO2_ACHIVEMENT_DESC_253,11253,5000,2,0,500,-1,0,고철처리 기업대표,
254,#CSO2_ACHIVEMENT_NAME_254,#CSO2_ACHIVEMENT_DESC_254,11254,1,2,0,30,-1,0,이건시작에 불과해,
255,#CSO2_ACHIVEMENT_NAME_255,#CSO2_ACHIVEMENT_DESC_255,11255,1,2,0,30,-1,0,실패는 성공의 어머니,
256,#CSO2_ACHIVEMENT_NAME_256,#CSO2_ACHIVEMENT_DESC_256,11256,100,3,0,120,-1,0,T65K1 초심자,
257,#CSO2_ACHIVEMENT_NAME_257,#CSO2_ACHIVEMENT_DESC_257,11257,500,3,0,300,-1,0,T65K1 숙련자,
258,#CSO2_ACHIVEMENT_NAME_258,#CSO2_ACHIVEMENT_DESC_258,11258,5000,3,0,500,-1,0,T65K1 전문가,
259,#CSO2_ACHIVEMENT_NAME_259,#CSO2_ACHIVEMENT_DESC_259,11259,100,3,0,120,-1,0,T86 초심자,
260,#CSO2_ACHIVEMENT_NAME_260,#CSO2_ACHIVEMENT_DESC_260,11260,500,3,0,300,-1,0,T86 숙련자,
261,#CSO2_ACHIVEMENT_NAME_261,#CSO2_ACHIVEMENT_DESC_261,11261,5000,3,0,500,-1,0,T86 전문가,
262,#CSO2_ACHIVEMENT_NAME_262,#CSO2_ACHIVEMENT_DESC_262,11262,100,0,0,300,-1,0,듀얼 모드 100회 플레이,
263,#CSO2_ACHIVEMENT_NAME_263,#CSO2_ACHIVEMENT_DESC_263,11263,100,1,0,300,-1,0,다이너맵 100회 플레이,
264,#CSO2_ACHIVEMENT_NAME_264,#CSO2_ACHIVEMENT_DESC_264,11264,1,2,0,500,-1,0,듀얼모드 자신이 승리한 게임에서 자신의 데스가 0,
265,#CSO2_ACHIVEMENT_NAME_265,#CSO2_ACHIVEMENT_DESC_265,11265,100,2,0,300,-1,0,듀얼 모드 적 사살 100회,
267,#CSO2_ACHIVEMENT_NAME_267,#CSO2_ACHIVEMENT_DESC_267,11267,100,3,0,300,-1,0,AWP 스페셜 초심자,
268,#CSO2_ACHIVEMENT_NAME_268,#CSO2_ACHIVEMENT_DESC_268,11268,500,3,0,300,-1,0,AWP 스페셜 숙련자,
269,#CSO2_ACHIVEMENT_NAME_269,#CSO2_ACHIVEMENT_DESC_269,11269,5000,3,0,300,-1,0,AWP 스페셜 전문가,
270,#CSO2_ACHIVEMENT_NAME_270,#CSO2_ACHIVEMENT_DESC_270,11270,100,1,0,300,-1,0,센터드맵 100회 플레이,
271,#CSO2_ACHIVEMENT_NAME_271,#CSO2_ACHIVEMENT_DESC_271,11271,3,3,0,300,-1,0,M4A1콜렉터,
272,#CSO2_ACHIVEMENT_NAME_272,#CSO2_ACHIVEMENT_DESC_272,11272,3,3,0,300,-1,0,AK47콜렉터,
273,#CSO2_ACHIVEMENT_NAME_273,#CSO2_ACHIVEMENT_DESC_273,11273,100,3,0,120,-1,0,ACR 초심자,
274,#CSO2_ACHIVEMENT_NAME_274,#CSO2_ACHIVEMENT_DESC_274,11274,500,3,0,300,-1,0,ACR 숙련자,
275,#CSO2_ACHIVEMENT_NAME_275,#CSO2_ACHIVEMENT_DESC_275,11275,5000,3,0,500,-1,0,ACR 전문가,
276,#CSO2_ACHIVEMENT_NAME_276,#CSO2_ACHIVEMENT_DESC_276,11276,100,3,0,120,-1,0,AK12 초심자,
277,#CSO2_ACHIVEMENT_NAME_277,#CSO2_ACHIVEMENT_DESC_277,11277,500,3,0,300,-1,0,AK12 숙련자,
278,#CSO2_ACHIVEMENT_NAME_278,#CSO2_ACHIVEMENT_DESC_278,11278,5000,3,0,500,-1,0,AK12 전문가,
279,#CSO2_ACHIVEMENT_NAME_279,#CSO2_ACHIVEMENT_DESC_279,11279,22,0,0,30,-1,0,snl 좀비 22회 플레이,
280,#CSO2_ACHIVEMENT_NAME_280,#CSO2_ACHIVEMENT_DESC_280,11280,100,0,0,300,-1,0,좀비 커멘더 모드 100회 플레이,
281,#CSO2_ACHIVEMENT_NAME_281,#CSO2_ACHIVEMENT_DESC_281,11281,100,1,0,300,-1,0,트레인 야드 맵 100회 플레이,
282,#CSO2_ACHIVEMENT_NAME_282,#CSO2_ACHIVEMENT_DESC_282,11282,100,2,0,120,-1,0,좀비 100킬,
283,#CSO2_ACHIVEMENT_NAME_283,#CSO2_ACHIVEMENT_DESC_283,11283,1000,2,0,300,-1,0,좀비 1000킬,
284,#CSO2_ACHIVEMENT_NAME_284,#CSO2_ACHIVEMENT_DESC_284,11284,10000,2,0,500,-1,0,좀비 10000킬,
285,#CSO2_ACHIVEMENT_NAME_285,#CSO2_ACHIVEMENT_DESC_285,11285,50,2,0,120,-1,0,좀비 커멘더 인간 50킬,
286,#CSO2_ACHIVEMENT_NAME_286,#CSO2_ACHIVEMENT_DESC_286,11286,100,2,0,300,-1,0,좀비 커멘더 인간 100킬,
287,#CSO2_ACHIVEMENT_NAME_287,#CSO2_ACHIVEMENT_DESC_287,11287,500,2,0,500,-1,0,좀비 커멘더 인간 500킬,
289,#CSO2_ACHIVEMENT_NAME_289,#CSO2_ACHIVEMENT_DESC_289,11289,100,3,0,120,-1,0,m870 초심자,
290,#CSO2_ACHIVEMENT_NAME_290,#CSO2_ACHIVEMENT_DESC_290,11290,500,3,0,300,-1,0,m870 숙련자,
291,#CSO2_ACHIVEMENT_NAME_291,#CSO2_ACHIVEMENT_DESC_291,11291,5000,3,0,500,-1,0,m870 전문가,
292,#CSO2_ACHIVEMENT_NAME_292,#CSO2_ACHIVEMENT_DESC_292,11292,100,3,0,120,-1,0,pkm 초심자,
293,#CSO2_ACHIVEMENT_NAME_293,#CSO2_ACHIVEMENT_DESC_293,11293,500,3,0,300,-1,0,pkm 숙련자,
294,#CSO2_ACHIVEMENT_NAME_294,#CSO2_ACHIVEMENT_DESC_294,11294,5000,3,0,500,-1,0,pkm 전문가,
295,#CSO2_ACHIVEMENT_NAME_295,#CSO2_ACHIVEMENT_DESC_295,11295,100,3,0,120,-1,0,k5 초심자,
296,#CSO2_ACHIVEMENT_NAME_296,#CSO2_ACHIVEMENT_DESC_296,11296,500,3,0,300,-1,0,k5 숙련자,
297,#CSO2_ACHIVEMENT_NAME_297,#CSO2_ACHIVEMENT_DESC_297,11297,5000,3,0,500,-1,0,k5 전문가,
298,#CSO2_ACHIVEMENT_NAME_298,#CSO2_ACHIVEMENT_DESC_298,11298,100,3,0,120,-1,0,k1 초심자,
299,#CSO2_ACHIVEMENT_NAME_299,#CSO2_ACHIVEMENT_DESC_299,11299,500,3,0,300,-1,0,k1 숙련자,
300,#CSO2_ACHIVEMENT_NAME_300,#CSO2_ACHIVEMENT_DESC_300,11300,5000,3,0,500,-1,0,k1 전문가,
301,#CSO2_ACHIVEMENT_NAME_301,#CSO2_ACHIVEMENT_DESC_301,11301,100,1,0,300,-1,0,킬 하우스 100회 플레이,
302,#CSO2_ACHIVEMENT_NAME_302,#CSO2_ACHIVEMENT_DESC_302,11302,100,0,0,300,-1,0,좀비 모드 100회 플레이,
303,#CSO2_ACHIVEMENT_NAME_303,#CSO2_ACHIVEMENT_DESC_303,11303,1,2,0,30,-1,0,좀비 모드 좀비 1킬,
304,#CSO2_ACHIVEMENT_NAME_304,#CSO2_ACHIVEMENT_DESC_304,11304,10,2,0,120,-1,0,좀비 모드 좀비 10킬,
305,#CSO2_ACHIVEMENT_NAME_305,#CSO2_ACHIVEMENT_DESC_305,11305,100,2,0,300,-1,0,좀비 모드 좀비 100킬,
306,#CSO2_ACHIVEMENT_NAME_306,#CSO2_ACHIVEMENT_DESC_306,11306,1000,2,0,500,-1,0,좀비 모드 좀비 1000킬,
307,#CSO2_ACHIVEMENT_NAME_307,#CSO2_ACHIVEMENT_DESC_307,11307,10,2,0,30,-1,0,좀비 모드에서 인간 10명 감염,
308,#CSO2_ACHIVEMENT_NAME_308,#CSO2_ACHIVEMENT_DESC_308,11308,100,2,0,120,-1,0,좀비 모드에서 인간 100명 감염,
309,#CSO2_ACHIVEMENT_NAME_309,#CSO2_ACHIVEMENT_DESC_309,11309,1000,2,0,300,-1,0,좀비 모드에서 인간 1000명 감염,
310,#CSO2_ACHIVEMENT_NAME_310,#CSO2_ACHIVEMENT_DESC_310,11310,5000,2,0,500,-1,0,좀비 모드에서 인간 5000명 감염,
311,#CSO2_ACHIVEMENT_NAME_311,#CSO2_ACHIVEMENT_DESC_311,11311,1,2,0,500,-1,0,좀비모드에서 좀비가 10명 이상인 상태에서 혼자 인간으로 라운드 승리,
312,#CSO2_ACHIVEMENT_NAME_312,#CSO2_ACHIVEMENT_DESC_312,11312,1,2,1,300,-1,0,한 라운드에서 좀비 5킬,
313,#CSO2_ACHIVEMENT_NAME_313,#CSO2_ACHIVEMENT_DESC_313,11313,1,2,1,300,-1,0,수류탄으로 좀비 사살,
314,#CSO2_ACHIVEMENT_NAME_314,#CSO2_ACHIVEMENT_DESC_314,11314,100,1,0,300,-1,0,하수도 맵 100회 플레이,
315,#CSO2_ACHIVEMENT_NAME_315,#CSO2_ACHIVEMENT_DESC_315,11315,1,4,0,30,17,0,아무 모드에서 1승(봇모드 전용업적),
316,#CSO2_ACHIVEMENT_NAME_316,#CSO2_ACHIVEMENT_DESC_316,11316,1,4,0,30,16,0,C4 설치 1회(봇모드 전용업적),
317,#CSO2_ACHIVEMENT_NAME_317,#CSO2_ACHIVEMENT_DESC_317,11317,1,4,0,30,15,0,C4 해체 1회(봇모드 전용업적),
318,#CSO2_ACHIVEMENT_NAME_318,#CSO2_ACHIVEMENT_DESC_318,11318,1,4,0,30,14,0,C4 해체 중인 적 사살(봇모드 전용업적),
319,#CSO2_ACHIVEMENT_NAME_319,#CSO2_ACHIVEMENT_DESC_319,11319,1,4,0,30,13,0,인질 1명 구출하기 (봇모드 전용업적),
320,#CSO2_ACHIVEMENT_NAME_320,#CSO2_ACHIVEMENT_DESC_320,11320,3,4,0,30,12,0,퍼스트블러드 3회 기록(봇모드 전용업적),
321,#CSO2_ACHIVEMENT_NAME_321,#CSO2_ACHIVEMENT_DESC_321,11321,1,4,0,30,11,0,트리플킬 1회 기록(봇모드 전용업적),
322,#CSO2_ACHIVEMENT_NAME_322,#CSO2_ACHIVEMENT_DESC_322,11322,10,4,0,30,10,0,10명의 적 사살(봇모드 전용업적),
323,#CSO2_ACHIVEMENT_NAME_323,#CSO2_ACHIVEMENT_DESC_323,11323,100,4,0,30,9,0,어시스트 100회 기록(봇모드 전용업적),
324,#CSO2_ACHIVEMENT_NAME_324,#CSO2_ACHIVEMENT_DESC_324,11324,3,4,0,30,8,0,헤드샷 3회 기록(봇모드 전용업적),
325,#CSO2_ACHIVEMENT_NAME_325,#CSO2_ACHIVEMENT_DESC_325,11325,1,4,0,30,7,0,근접무기로 첫 사살 기록(봇모드 전용업적),
326,#CSO2_ACHIVEMENT_NAME_326,#CSO2_ACHIVEMENT_DESC_326,11326,1,4,0,30,6,0,수류탄으로 첫 사살 기록(봇모드 전용업적),
327,#CSO2_ACHIVEMENT_NAME_327,#CSO2_ACHIVEMENT_DESC_327,11327,1,4,0,30,5,0,무기에 소음기를 장착해서 적 1회 사살(봇모드 전용업적),
328,#CSO2_ACHIVEMENT_NAME_328,#CSO2_ACHIVEMENT_DESC_328,11328,10,4,0,30,4,0,게임플레이횟수 10회(봇모드 전용업적),
329,#CSO2_ACHIVEMENT_NAME_329,#CSO2_ACHIVEMENT_DESC_329,11329,10,4,0,80,3,0,아무 모드에서 10승(봇모드 전용업적),
330,#CSO2_ACHIVEMENT_NAME_330,#CSO2_ACHIVEMENT_DESC_330,11330,8,4,0,300,2,0,LEVEL 8 달성,
331,#CSO2_ACHIVEMENT_NAME_331,#CSO2_ACHIVEMENT_DESC_331,11331,1,4,0,120,1,0,KAD 최초 1.1 이상달성(LV 5이상),
332,#CSO2_ACHIVEMENT_NAME_332,#CSO2_ACHIVEMENT_DESC_332,11332,1,4,0,120,1,0,누적스코어 1단계 도달,
333,#CSO2_ACHIVEMENT_NAME_333,#CSO2_ACHIVEMENT_DESC_333,11333,1,2,0,300,-1,0,누적스코어 2단계 도달,
334,#CSO2_ACHIVEMENT_NAME_334,#CSO2_ACHIVEMENT_DESC_334,11334,1,2,0,500,-1,0,누적스코어 3단계 도달,
335,#CSO2_ACHIVEMENT_NAME_335,#CSO2_ACHIVEMENT_DESC_335,11335,1,2,0,1000,-1,0,누적스코어 4단계 도달,
336,#CSO2_ACHIVEMENT_NAME_336,#CSO2_ACHIVEMENT_DESC_336,11336,100,0,0,300,-1,0,숨바꼭질의 달인,숨바꼭질 모드 100회 플레이
337,#CSO2_ACHIVEMENT_NAME_337,#CSO2_ACHIVEMENT_DESC_337,11337,100,1,0,300,-1,0,시장 술래마스터,시장 맵 숨바꼭질 모드 100회 플레이
338,#CSO2_ACHIVEMENT_NAME_338,#CSO2_ACHIVEMENT_DESC_338,11338,100,1,0,300,-1,0,하이랜드 맵 베테랑,하이랜드 맵 100회 플레이
339,#CSO2_ACHIVEMENT_NAME_339,#CSO2_ACHIVEMENT_DESC_339,11339,100,0,0,120,-1,0,변신 초심자,따봉갯수 누적 100개 달성
340,#CSO2_ACHIVEMENT_NAME_340,#CSO2_ACHIVEMENT_DESC_340,11340,300,0,0,300,-1,0,변신 숙련자,따봉갯수 누적 300개 달성
341,#CSO2_ACHIVEMENT_NAME_341,#CSO2_ACHIVEMENT_DESC_341,11341,1000,0,0,500,-1,0,변신 전문가,따봉갯수 누적 1000개 달성
342,#CSO2_ACHIVEMENT_NAME_342,#CSO2_ACHIVEMENT_DESC_342,11342,10,0,0,120,-1,0,변신 대장,골든따봉 개수 누적 10개 달성
343,#CSO2_ACHIVEMENT_NAME_343,#CSO2_ACHIVEMENT_DESC_343,11343,30,0,0,300,-1,0,변신 장군,골든따봉 개수 누적 30개 달성
344,#CSO2_ACHIVEMENT_NAME_344,#CSO2_ACHIVEMENT_DESC_344,11344,100,0,0,1000,-1,0,변신 대통령,골든따봉 개수 누적 100개 달성
345,#CSO2_ACHIVEMENT_NAME_345,#CSO2_ACHIVEMENT_DESC_345,11345,1,0,1,300,-1,0,위대한 세계수,나무A로 하프타임만큼 생존
346,#CSO2_ACHIVEMENT_NAME_346,#CSO2_ACHIVEMENT_DESC_346,11346,1,0,1,300,-1,0,히이이이잉~,말동상으로 하프타임만큼 생존
347,#CSO2_ACHIVEMENT_NAME_347,#CSO2_ACHIVEMENT_DESC_347,11347,1,0,1,300,-1,0,위대한 연출가,보디가드로 하프타임만큼 생존
348,#CSO2_ACHIVEMENT_NAME_348,#CSO2_ACHIVEMENT_DESC_348,11348,1,0,1,300,-1,0,위대한 치킨,닭으로 하프타임만큼 생존
349,#CSO2_ACHIVEMENT_NAME_349,#CSO2_ACHIVEMENT_DESC_349,11349,3,0,0,80,-1,0,오늘은 이걸로 해야겠다,똑같은 프랍으로 3번 연속 변신하기
350,#CSO2_ACHIVEMENT_NAME_350,#CSO2_ACHIVEMENT_DESC_350,11350,1,0,0,80,-1,0,구사일생,HP가 10이하인 상태에서 사물을 처치
351,#CSO2_ACHIVEMENT_NAME_351,#CSO2_ACHIVEMENT_DESC_351,11351,1,0,0,120,-1,0,카멜레온,사물로 변신해서 모든 라운드를 끝까지 살아남았을 때
352,#CSO2_ACHIVEMENT_NAME_352,#CSO2_ACHIVEMENT_DESC_352,11352,100,1,0,300,-1,0,"""카고쉽 맵 베테랑""","""카고쉽 100회 맵 플레이"""
353,#CSO2_ACHIVEMENT_NAME_353,#CSO2_ACHIVEMENT_DESC_353,11353,100,1,0,300,-1,0,"""홍콩 맵 베테랑""","""홍콩 맵 100회 플레이"""
354,#CSO2_ACHIVEMENT_NAME_354,#CSO2_ACHIVEMENT_DESC_354,11354,1,0,0,80,-1,0,부활의 전사,캠페인5 클리어
355,#CSO2_ACHIVEMENT_NAME_355,#CSO2_ACHIVEMENT_DESC_355,11355,10,0,0,120,-1,0,해병대 출신입니다.,귀신사살 10회
356,#CSO2_ACHIVEMENT_NAME_356,#CSO2_ACHIVEMENT_DESC_356,11356,100,0,0,300,-1,0,퇴마사로 전직했습니다.,귀신사살 100회
357,#CSO2_ACHIVEMENT_NAME_357,#CSO2_ACHIVEMENT_DESC_357,11357,500,0,0,500,-1,0,교황청에서 나왔습니다.,귀신사살 500회
358,#CSO2_ACHIVEMENT_NAME_358,#CSO2_ACHIVEMENT_DESC_358,11358,10,0,0,120,-1,0,전설의 고향,귀신으로 인간사살 10회
359,#CSO2_ACHIVEMENT_NAME_359,#CSO2_ACHIVEMENT_DESC_359,11359,100,0,0,300,-1,0,월하의 공동묘지 ,귀신으로 인간사살 100회
360,#CSO2_ACHIVEMENT_NAME_360,#CSO2_ACHIVEMENT_DESC_360,11360,500,0,0,500,-1,0,지옥으로 가는 급행열차,귀신으로 인간사살 500회
361,#CSO2_ACHIVEMENT_NAME_361,#CSO2_ACHIVEMENT_DESC_361,11361,1,0,0,300,-1,0,나만 죽을 순 없지,귀신으로 한 라운드에 5명의 인간사살
362,#CSO2_ACHIVEMENT_NAME_362,#CSO2_ACHIVEMENT_DESC_362,11362,1,0,0,300,-1,0,귀신에게 자비란 없다,인간으로 한 라운드에 5명의 귀신 사살
363,#CSO2_ACHIVEMENT_NAME_363,#CSO2_ACHIVEMENT_DESC_363,11363,1,0,0,120,-1,0,성수가 담긴 폭탄,수류탄으로 귀신 사살
364,#CSO2_ACHIVEMENT_NAME_364,#CSO2_ACHIVEMENT_DESC_364,11364,1,0,0,120,-1,0,성스러운 칼,근접무기로 귀신사살
365,#CSO2_ACHIVEMENT_NAME_365,#CSO2_ACHIVEMENT_DESC_365,11365,1,0,0,120,-1,0,날개 잃은 귀신,귀신으로 날지 않고 인간사살
366,#CSO2_ACHIVEMENT_NAME_366,#CSO2_ACHIVEMENT_DESC_366,11366,1,0,0,300,-1,0,나홀로 맵에2,인간인 상태로 귀신이 10명 이상일 때 혼자 인간으로 살아남아 라운드 승리
367,#CSO2_ACHIVEMENT_NAME_367,#CSO2_ACHIVEMENT_DESC_367,11367,100,0,0,300,-1,0,귀신모드 마스터,귀신모드 100회 플레이
368,#CSO2_ACHIVEMENT_NAME_368,#CSO2_ACHIVEMENT_DESC_368,11368,100,1,0,300,-1,0,스튜디오 맵 100회 플레이,
369,#CSO2_ACHIVEMENT_NAME_369,#CSO2_ACHIVEMENT_DESC_369,11369,100,3,0,120,-1,0,stoger double defence 초심자,
370,#CSO2_ACHIVEMENT_NAME_370,#CSO2_ACHIVEMENT_DESC_370,11370,500,3,0,300,-1,0,stoger double defence 숙련자,
371,#CSO2_ACHIVEMENT_NAME_371,#CSO2_ACHIVEMENT_DESC_371,11371,5000,3,0,500,-1,0,stoger double defence 전문가,
372,#CSO2_ACHIVEMENT_NAME_372,#CSO2_ACHIVEMENT_DESC_372,11372,500,0,0,500,-1,0,숨바꼭질의 제왕,숨바꼭질 모드 500회 플레이
373,#CSO2_ACHIVEMENT_NAME_373,#CSO2_ACHIVEMENT_DESC_373,11373,1000,0,0,1000,-1,0,숨바꼭질의 신,숨바꼭질 모드 1000회 플레이
374,#CSO2_ACHIVEMENT_NAME_374,#CSO2_ACHIVEMENT_DESC_374,11374,100,0,0,300,-1,0,아쿠아리움 술래마스터,아쿠아리움 맵 숨바꼭질 모드 100회 플레이
375,#CSO2_ACHIVEMENT_NAME_375,#CSO2_ACHIVEMENT_DESC_375,11375,100,0,0,300,-1,0,오피스 술래마스터,오피스 맵 숨바꼭질 모드 100회 플레이
376,#CSO2_ACHIVEMENT_NAME_376,#CSO2_ACHIVEMENT_DESC_376,11376,100,0,0,300,-1,0,밴티지 술래마스터,밴티지 맵 숨바꼭질 모드 100회 플레이
377,#CSO2_ACHIVEMENT_NAME_377,#CSO2_ACHIVEMENT_DESC_377,11377,100,0,0,300,-1,0,코블 술래마스터,코블 맵 숨바꼭질 모드 100회 플레이
378,#CSO2_ACHIVEMENT_NAME_378,#CSO2_ACHIVEMENT_DESC_378,11378,100,0,0,300,-1,0,밀리샤 술래마스터,밀리샤 맵 숨바꼭질 모드 100회 플레이
379,#CSO2_ACHIVEMENT_NAME_379,#CSO2_ACHIVEMENT_DESC_379,11379,100,0,0,300,-1,0,어썰트 술래마스터,어썰트 맵 숨바꼭질 모드 100회 플레이
380,#CSO2_ACHIVEMENT_NAME_380,#CSO2_ACHIVEMENT_DESC_380,11380,100,0,0,300,-1,0,인페르노 술래마스터,인페르노 맵 숨바꼭질 모드 100회 플레이
381,#CSO2_ACHIVEMENT_NAME_381,#CSO2_ACHIVEMENT_DESC_381,11381,100,0,0,300,-1,0,코너 술래마스터,코너 맵 숨바꼭질 모드 100회 플레이
382,#CSO2_ACHIVEMENT_NAME_382,#CSO2_ACHIVEMENT_DESC_382,11382,100,0,0,300,-1,0,하이랜드 술래마스터,하이랜드 맵 숨바꼭질 모드 100회 플레이
383,#CSO2_ACHIVEMENT_NAME_383,#CSO2_ACHIVEMENT_DESC_383,11383,100,0,0,300,-1,0,스튜디오 술래마스터,스튜디오 맵 숨바꼭질 모드 100회 플레이
384,#CSO2_ACHIVEMENT_NAME_384,#CSO2_ACHIVEMENT_DESC_384,11384,100,0,0,300,-1,0,페스티벌 술래마스터,페스티벌 맵 숨바꼭질 모드 100회 플레이
385,#CSO2_ACHIVEMENT_NAME_385,#CSO2_ACHIVEMENT_DESC_385,11385,1,0,0,120,-1,0,발바닥에 땀나도록,돼지 술래잡기 모드에서 인간으로 라운드 생존 1회
386,#CSO2_ACHIVEMENT_NAME_386,#CSO2_ACHIVEMENT_DESC_386,11386,10,0,0,300,-1,0,빛처럼 빠른 발,돼지 술래잡기 모드에서 인간으로 라운드 생존 10회
387,#CSO2_ACHIVEMENT_NAME_387,#CSO2_ACHIVEMENT_DESC_387,11387,100,0,0,500,-1,0,신기루,돼지 술래잡기 모드에서 인간으로 라운드 생존 100회
388,#CSO2_ACHIVEMENT_NAME_388,#CSO2_ACHIVEMENT_DESC_388,11388,1,0,0,120,-1,0,돼지들의 침묵,돼지 술래잡기 모드에서 돼지가 10마리 이상일 때 인간으로 혼자 살아남아 라운드 승리
389,#CSO2_ACHIVEMENT_NAME_389,#CSO2_ACHIVEMENT_DESC_389,11389,10,0,0,120,-1,0,추적자 돼지,돼지 술래잡기 모드에서 돼지로 인간 10명 처치하기
390,#CSO2_ACHIVEMENT_NAME_390,#CSO2_ACHIVEMENT_DESC_390,11390,100,0,0,300,-1,0,사냥꾼 돼지,돼지 술래잡기 모드에서 돼지로 인간 100명 처치하기
391,#CSO2_ACHIVEMENT_NAME_391,#CSO2_ACHIVEMENT_DESC_391,11391,1000,0,0,500,-1,0,추노꾼 돼지,돼지 술래잡기 모드에서 돼지로 인간 1000명 처치하기
392,#CSO2_ACHIVEMENT_NAME_392,#CSO2_ACHIVEMENT_DESC_392,11392,1,0,0,120,-1,0,오겹살의 탄생,돼지 술래잡기 모드에서 돼지로 한 라운드에 5명의 인간을 처치하기
393,#CSO2_ACHIVEMENT_NAME_393,#CSO2_ACHIVEMENT_DESC_393,11393,100,0,0,300,-1,0,돼지 술래잡기 마스터,돼지 술래잡기 모드 100회 플레이
394,#CSO2_ACHIVEMENT_NAME_394,#CSO2_ACHIVEMENT_DESC_394,11394,100,3,0,120,-1,0,G3KA4 초심자,
395,#CSO2_ACHIVEMENT_NAME_395,#CSO2_ACHIVEMENT_DESC_395,11395,500,3,0,300,-1,0,G3KA4 숙련자,
396,#CSO2_ACHIVEMENT_NAME_396,#CSO2_ACHIVEMENT_DESC_396,11396,5000,3,0,500,-1,0,G3KA4 전문가,
397,#CSO2_ACHIVEMENT_NAME_397,#CSO2_ACHIVEMENT_DESC_397,11397,1,0,0,120,-1,0,좀비보스 해결사,
398,#CSO2_ACHIVEMENT_NAME_398,#CSO2_ACHIVEMENT_DESC_398,11398,50,0,0,500,-1,0,좀비보스 처단자,
399,#CSO2_ACHIVEMENT_NAME_399,#CSO2_ACHIVEMENT_DESC_399,11399,100,0,0,1000,-1,0,좀비보스 슬레이어,
400,#CSO2_ACHIVEMENT_NAME_400,#CSO2_ACHIVEMENT_DESC_400,11400,1,0,0,120,-1,0,최선의 방어는 공격이다,
401,#CSO2_ACHIVEMENT_NAME_401,#CSO2_ACHIVEMENT_DESC_401,11401,1,0,0,120,-1,0,좀비는 썰어야 제맛,
402,#CSO2_ACHIVEMENT_NAME_402,#CSO2_ACHIVEMENT_DESC_402,11402,1,0,0,120,-1,0,체력이 국력,
403,#CSO2_ACHIVEMENT_NAME_403,#CSO2_ACHIVEMENT_DESC_403,11403,1,0,0,120,-1,0,사실 난 뱀파이어였어,
404,#CSO2_ACHIVEMENT_NAME_404,#CSO2_ACHIVEMENT_DESC_404,11404,1,0,0,120,-1,0,마르지 않는 샘물,
405,#CSO2_ACHIVEMENT_NAME_405,#CSO2_ACHIVEMENT_DESC_405,11405,1,0,0,120,-1,0,손에 피안뭍히는 유일한 방법,
406,#CSO2_ACHIVEMENT_NAME_406,#CSO2_ACHIVEMENT_DESC_406,11406,1,0,0,500,-1,0,너를 위해 다음스테이지를 준비할게,
407,#CSO2_ACHIVEMENT_NAME_407,#CSO2_ACHIVEMENT_DESC_407,11407,1,0,0,300,-1,0,살아남은 최후의 5인,
408,#CSO2_ACHIVEMENT_NAME_408,#CSO2_ACHIVEMENT_DESC_408,11408,1000,0,0,500,-1,0,조만간 무기가 필요없겠네,
409,#CSO2_ACHIVEMENT_NAME_409,#CSO2_ACHIVEMENT_DESC_409,11409,1000,0,0,500,-1,0,말살하라 말살하라,
410,#CSO2_ACHIVEMENT_NAME_410,#CSO2_ACHIVEMENT_DESC_410,11410,1,0,0,500,-1,0,최강의 팀,
411,#CSO2_ACHIVEMENT_NAME_411,#CSO2_ACHIVEMENT_DESC_411,11411,1,1,0,300,-1,0,생존자들,5인 파티로 좀비크러쉬 생존맵 클리어
412,#CSO2_ACHIVEMENT_NAME_412,#CSO2_ACHIVEMENT_DESC_412,11412,1,1,0,500,-1,0,생존전문가들,5인 파티로 좀비크러쉬 생존맵 한 번도 죽지않고 클리어
414,#CSO2_ACHIVEMENT_NAME_414,#CSO2_ACHIVEMENT_DESC_414,11414,100,3,0,120,-1,0,G36K 초심자,
415,#CSO2_ACHIVEMENT_NAME_415,#CSO2_ACHIVEMENT_DESC_415,11415,500,3,0,300,-1,0,G36K 숙련자,
416,#CSO2_ACHIVEMENT_NAME_416,#CSO2_ACHIVEMENT_DESC_416,11416,5000,3,0,500,-1,0,G36K 전문가,
417,#CSO2_ACHIVEMENT_NAME_417,#CSO2_ACHIVEMENT_DESC_417,11417,100,0,0,300,-1,0,좀비하우스 100회 플래이,
418,#CSO2_ACHIVEMENT_NAME_418,#CSO2_ACHIVEMENT_DESC_418,11418,10,0,0,30,-1,0,좀비하우스에서 물건 들어 나르기 10회,
419,#CSO2_ACHIVEMENT_NAME_419,#CSO2_ACHIVEMENT_DESC_419,11419,50,0,0,120,-1,0,좀비하우스에서 물건 들어 나르기 50회,
420,#CSO2_ACHIVEMENT_NAME_420,#CSO2_ACHIVEMENT_DESC_420,11420,10,0,0,30,-1,0,좀비하우스에서 물건 고정하기 10회,
421,#CSO2_ACHIVEMENT_NAME_421,#CSO2_ACHIVEMENT_DESC_421,11421,100,0,0,120,-1,0,좀비하우스에서 물건 고정하기 100회,
422,#CSO2_ACHIVEMENT_NAME_422,#CSO2_ACHIVEMENT_DESC_422,11422,10,0,0,30,-1,0,좀비하우스에서 물건 부수기 10회,
423,#CSO2_ACHIVEMENT_NAME_423,#CSO2_ACHIVEMENT_DESC_423,11423,100,0,0,120,-1,0,좀비하우스에서 물건 부수기 100회,
424,#CSO2_ACHIVEMENT_NAME_424,#CSO2_ACHIVEMENT_DESC_424,11424,100,3,0,120,-1,0,MG3 초심자,
425,#CSO2_ACHIVEMENT_NAME_425,#CSO2_ACHIVEMENT_DESC_425,11425,500,3,0,300,-1,0,MG3 숙련자,
426,#CSO2_ACHIVEMENT_NAME_426,#CSO2_ACHIVEMENT_DESC_426,11426,5000,3,0,500,-1,0,MG3 전문가,
427,#CSO2_ACHIVEMENT_NAME_427,#CSO2_ACHIVEMENT_DESC_427,11427,100,3,0,120,-1,0,TRG42 초심자,
428,#CSO2_ACHIVEMENT_NAME_428,#CSO2_ACHIVEMENT_DESC_428,11428,500,3,0,300,-1,0,TRG42 숙련자,
429,#CSO2_ACHIVEMENT_NAME_429,#CSO2_ACHIVEMENT_DESC_429,11429,5000,3,0,500,-1,0,TRG42 전문가,
430,#CSO2_ACHIVEMENT_NAME_430,#CSO2_ACHIVEMENT_DESC_430,11430,100,1,0,300,-1,0,타이드 맵 베테랑,타이드 맵 100회 플레이
431,#CSO2_ACHIVEMENT_NAME_431,#CSO2_ACHIVEMENT_DESC_431,11431,100,1,0,300,-1,0,이스테이트 맵 베테랑,이스테이트 맵 100회 플레이
432,#CSO2_ACHIVEMENT_NAME_432,#CSO2_ACHIVEMENT_DESC_432,11432,10,3,0,120,-1,0,전장 레시피 10선,알려지지 않은 레시피 10개 발견
433,#CSO2_ACHIVEMENT_NAME_433,#CSO2_ACHIVEMENT_DESC_433,11433,20,3,0,300,-1,0,무기고를 부탁해,알려지지 않은 레시피 20개 발견
434,#CSO2_ACHIVEMENT_NAME_434,#CSO2_ACHIVEMENT_DESC_434,11434,50,3,0,1000,-1,0,조합의 연구는 끝이 없구나,알려지지 않은 레시피 50개 발견
435,#CSO2_ACHIVEMENT_NAME_435,#CSO2_ACHIVEMENT_DESC_435,11435,100,0,0,300,-1,0,은둔 요원,숨바꼭질 팀전모드 100회 플레이
436,#CSO2_ACHIVEMENT_NAME_436,#CSO2_ACHIVEMENT_DESC_436,11436,500,0,0,500,-1,0,은신 전문가,숨바꼭질 팀전모드 500회 플레이
437,#CSO2_ACHIVEMENT_NAME_437,#CSO2_ACHIVEMENT_DESC_437,11437,1000,0,0,1000,-1,0,나를 찾지 말아요,숨바꼭질 팀전모드 1000회 플레이
438,#CSO2_ACHIVEMENT_NAME_438,#CSO2_ACHIVEMENT_DESC_438,11438,100,0,0,300,-1,0,은신의 조력자,숨바꼭질 팀전모드 소환(B키) 100회 
439,#CSO2_ACHIVEMENT_NAME_439,#CSO2_ACHIVEMENT_DESC_439,11439,1,0,0,120,-1,0,면역력을 기르자,방어력 강화 스킬 최대 업그레이드 달성(난입제외)
440,#CSO2_ACHIVEMENT_NAME_440,#CSO2_ACHIVEMENT_DESC_440,11440,1,0,1,80,-1,0,낡은 기록 매체,좀비크러쉬 탈출맵에서 숨겨진 라디오 6개 찾아서 재생하기.
441,#CSO2_ACHIVEMENT_NAME_441,#CSO2_ACHIVEMENT_DESC_441,11441,100,0,0,300,-1,0,짜릿한 탈출,와트에게 감전된 상태에서 스스로 탈출 100번 하기
442,#CSO2_ACHIVEMENT_NAME_442,#CSO2_ACHIVEMENT_DESC_442,11442,1000,0,0,300,-1,0,짜릿한 헌팅,"와트에게 감전된 상태로 좀비 1,000마리 처치하기"
443,#CSO2_ACHIVEMENT_NAME_443,#CSO2_ACHIVEMENT_DESC_443,11443,100,0,0,300,-1,0,짜릿한 구출,와트에게 감전된 동료 구출 100번 하기
444,#CSO2_ACHIVEMENT_NAME_444,#CSO2_ACHIVEMENT_DESC_444,11444,1,0,0,300,-1,0,발전량 120%,발전기 전원을 내리는 일 없이 테슬라 처치하기
445,#CSO2_ACHIVEMENT_NAME_445,#CSO2_ACHIVEMENT_DESC_445,11445,1,0,0,300,-1,0,테슬라 해결사,좀비보스 테슬라 처치 1회
446,#CSO2_ACHIVEMENT_NAME_446,#CSO2_ACHIVEMENT_DESC_446,11446,50,0,0,500,-1,0,테슬라 처단자,좀비보스 테슬라 처치 50회
447,#CSO2_ACHIVEMENT_NAME_447,#CSO2_ACHIVEMENT_DESC_447,11447,100,0,0,1000,-1,0,테슬라 슬레이어,좀비보스 테슬라 처치 100회
448,#CSO2_ACHIVEMENT_NAME_448,#CSO2_ACHIVEMENT_DESC_448,11448,1,0,0,300,-1,0,불사조들,5인 파티로 좀비크러쉬 탈출맵 한 번도 죽지 않고 클리어
449,#CSO2_ACHIVEMENT_NAME_449,#CSO2_ACHIVEMENT_DESC_449,11449,100,0,0,300,-1,0,첨단 기술자,숨바꼭질 큐브 100회 플레이
450,#CSO2_ACHIVEMENT_NAME_450,#CSO2_ACHIVEMENT_DESC_450,11450,500,0,0,500,-1,0,신기술 연구원,숨바꼭질 큐브 500회 플레이
451,#CSO2_ACHIVEMENT_NAME_451,#CSO2_ACHIVEMENT_DESC_451,11451,1000,0,0,1000,-1,0,하이테크 첩보원,숨바꼭질 큐브 1000회 플레이
452,#CSO2_ACHIVEMENT_NAME_452,#CSO2_ACHIVEMENT_DESC_452,11452,100,1,0,300,-1,0,더스트 맵 베테랑,더스트 맵 100회 플레이
453,#CSO2_ACHIVEMENT_NAME_453,#CSO2_ACHIVEMENT_DESC_453,11453,100,3,0,120,-1,0,K2C 초심자,
454,#CSO2_ACHIVEMENT_NAME_454,#CSO2_ACHIVEMENT_DESC_454,11454,500,3,0,300,-1,0,K2C 숙련자,
455,#CSO2_ACHIVEMENT_NAME_455,#CSO2_ACHIVEMENT_DESC_455,11455,5000,3,0,500,-1,0,K2C 전문가,
456,#CSO2_ACHIVEMENT_NAME_456,#CSO2_ACHIVEMENT_DESC_456,11456,100,1,0,300,-1,0,토스카 맵 베테랑,토스카 맵 100회 플레이
457,#CSO2_ACHIVEMENT_NAME_457,#CSO2_ACHIVEMENT_DESC_457,11457,100,1,0,300,-1,0,듀얼 더스트 맵 베테랑,듀얼 더스트 맵 100회 플레이
458,#CSO2_ACHIVEMENT_NAME_458,#CSO2_ACHIVEMENT_DESC_458,11458,100,1,0,300,-1,0,서바이벌 맵 베테랑,서바이벌 맵 100회 플레이
459,#CSO2_ACHIVEMENT_NAME_459,#CSO2_ACHIVEMENT_DESC_459,11459,100,3,0,120,-1,0,MK23 socom 초심자,MK23 100킬
460,#CSO2_ACHIVEMENT_NAME_460,#CSO2_ACHIVEMENT_DESC_460,11460,500,3,0,300,-1,0,MK23 socom 숙련자,MK23 500킬
461,#CSO2_ACHIVEMENT_NAME_461,#CSO2_ACHIVEMENT_DESC_461,11461,5000,3,0,500,-1,0,MK23 socom 전문가,MK23 5000킬
462,#CSO2_ACHIVEMENT_NAME_462,#CSO2_ACHIVEMENT_DESC_462,11462,100,3,0,120,-1,0,qsz92 초심자,qsz 100킬
463,#CSO2_ACHIVEMENT_NAME_463,#CSO2_ACHIVEMENT_DESC_463,11463,500,3,0,300,-1,0,qsz92 숙련자,qsz 500킬
464,#CSO2_ACHIVEMENT_NAME_464,#CSO2_ACHIVEMENT_DESC_464,11464,5000,3,0,500,-1,0,qsz92 전문가,qsz 5000킬
465,#CSO2_ACHIVEMENT_NAME_465,#CSO2_ACHIVEMENT_DESC_465,11465,100,3,0,120,-1,0,qbs09 초심자,qbs09 100킬
466,#CSO2_ACHIVEMENT_NAME_466,#CSO2_ACHIVEMENT_DESC_466,11466,500,3,0,300,-1,0,qbs09 숙련자,qbs09 500킬
467,#CSO2_ACHIVEMENT_NAME_467,#CSO2_ACHIVEMENT_DESC_467,11467,5000,3,0,500,-1,0,qbs09 전문가,qbs09 5000킬
468,#CSO2_ACHIVEMENT_NAME_468,#CSO2_ACHIVEMENT_DESC_468,11468,100,3,0,120,-1,0,M1903A3 초심자,M1903A3 100킬
469,#CSO2_ACHIVEMENT_NAME_469,#CSO2_ACHIVEMENT_DESC_469,11469,500,3,0,300,-1,0,M1903A3 숙련자,M1903A3 500킬
470,#CSO2_ACHIVEMENT_NAME_470,#CSO2_ACHIVEMENT_DESC_470,11470,5000,3,0,500,-1,0,M1903A3 전문가,M1903A3 5000킬
471,#CSO2_ACHIVEMENT_NAME_471,#CSO2_ACHIVEMENT_DESC_471,11471,100,1,0,300,-1,0,스톰 맵 베테랑,스톰 맵 100회 플레이
472,#CSO2_ACHIVEMENT_NAME_472,#CSO2_ACHIVEMENT_DESC_472,11472,100,3,0,120,-1,0,M1 Garand 초심자,M1 Garand 100킬
473,#CSO2_ACHIVEMENT_NAME_473,#CSO2_ACHIVEMENT_DESC_473,11473,500,3,0,300,-1,0,M1 Garand 숙련자,M1 Garand 500킬
474,#CSO2_ACHIVEMENT_NAME_474,#CSO2_ACHIVEMENT_DESC_474,11474,5000,3,0,500,-1,0,M1 Garand 전문가,M1 Garand 5000킬
475,#CSO2_ACHIVEMENT_NAME_475,#CSO2_ACHIVEMENT_DESC_475,11475,100,3,0,120,-1,0,Radon MSBS-B 초심자,Radon MSBS-B 100킬
476,#CSO2_ACHIVEMENT_NAME_476,#CSO2_ACHIVEMENT_DESC_476,11476,500,3,0,300,-1,0,Radon MSBS-B 숙련자,Radon MSBS-B 500킬
477,#CSO2_ACHIVEMENT_NAME_477,#CSO2_ACHIVEMENT_DESC_477,11477,5000,3,0,500,-1,0,Radon MSBS-B 전문가,Radon MSBS-B 5000킬
478,#CSO2_ACHIVEMENT_NAME_478,#CSO2_ACHIVEMENT_DESC_478,11478,100,3,0,120,-1,0,CS06 초심자,CS06 100킬
479,#CSO2_ACHIVEMENT_NAME_479,#CSO2_ACHIVEMENT_DESC_479,11479,500,3,0,300,-1,0,CS06 숙련자,CS06 500킬
480,#CSO2_ACHIVEMENT_NAME_480,#CSO2_ACHIVEMENT_DESC_480,11480,5000,3,0,500,-1,0,CS06 전문가,CS06 5000킬
481,#CSO2_ACHIVEMENT_NAME_481,#CSO2_ACHIVEMENT_DESC_481,11481,100,0,0,300,-1,0,숨바꼭질2 100회 플레이,
482,#CSO2_ACHIVEMENT_NAME_482,#CSO2_ACHIVEMENT_DESC_482,11482,500,0,0,500,-1,0,숨바꼭질2 500회 플레이,
483,#CSO2_ACHIVEMENT_NAME_483,#CSO2_ACHIVEMENT_DESC_483,11483,1000,0,0,1000,-1,0,숨바꼭질2 1000회 플레이,
485,#CSO2_ACHIVEMENT_NAME_485,#CSO2_ACHIVEMENT_DESC_485,11485,1,0,0,50,-1,0,숨바꼭질2에서 장갑차로 처음부터 끝까지 생존,
486,#CSO2_ACHIVEMENT_NAME_486,#CSO2_ACHIVEMENT_DESC_486,11486,1,0,0,50,-1,0,숨바꼭질2에서 컨테이너로 처음부터 끝까지 생존,
487,#CSO2_ACHIVEMENT_NAME_487,#CSO2_ACHIVEMENT_DESC_487,11487,1,0,0,30,-1,0,숨바꼭질2에서 훌라인형으로 처음부터 끝까지 생존,
488,#CSO2_ACHIVEMENT_NAME_488,#CSO2_ACHIVEMENT_DESC_488,11488,100,3,0,120,-1,0,m14 ebr 100킬,
489,#CSO2_ACHIVEMENT_NAME_489,#CSO2_ACHIVEMENT_DESC_489,11489,500,3,0,300,-1,0,m14 ebr 500킬,
490,#CSO2_ACHIVEMENT_NAME_490,#CSO2_ACHIVEMENT_DESC_490,11490,5000,3,0,500,-1,0,m14 ebr 5000킬,
491,#CSO2_ACHIVEMENT_NAME_491,#CSO2_ACHIVEMENT_DESC_491,11491,200,3,0,120,-1,0,thunder 200킬,
492,#CSO2_ACHIVEMENT_NAME_492,#CSO2_ACHIVEMENT_DESC_492,11492,1000,3,0,300,-1,0,thunder 1000킬,
493,#CSO2_ACHIVEMENT_NAME_493,#CSO2_ACHIVEMENT_DESC_493,11493,10000,3,0,500,-1,0,thunder 10000킬,
494,#CSO2_ACHIVEMENT_NAME_494,#CSO2_ACHIVEMENT_DESC_494,11494,200,3,0,120,-1,0,m99 200킬,
495,#CSO2_ACHIVEMENT_NAME_495,#CSO2_ACHIVEMENT_DESC_495,11495,1000,3,0,300,-1,0,m99 1000킬,
496,#CSO2_ACHIVEMENT_NAME_496,#CSO2_ACHIVEMENT_DESC_496,11496,10000,3,0,500,-1,0,m99 10000킬,
497,#CSO2_ACHIVEMENT_NAME_497,#CSO2_ACHIVEMENT_DESC_497,11497,100,0,0,300,-1,0,건볼모드 100판 플레이,
498,#CSO2_ACHIVEMENT_NAME_498,#CSO2_ACHIVEMENT_DESC_498,11498,500,0,0,500,-1,0,건볼모드 500판 플레이,
499,#CSO2_ACHIVEMENT_NAME_499,#CSO2_ACHIVEMENT_DESC_499,11499,1000,0,0,1000,-1,0,건볼모드 1000판 플레이,
501,#CSO2_ACHIVEMENT_NAME_501,#CSO2_ACHIVEMENT_DESC_501,11501,100,0,0,300,-1,0,빅시티 시나리오서버 플레이 100시간,
502,#CSO2_ACHIVEMENT_NAME_502,#CSO2_ACHIVEMENT_DESC_502,11502,1,0,0,80,-1,0,도로점거 미션 클리어 1회,
503,#CSO2_ACHIVEMENT_NAME_503,#CSO2_ACHIVEMENT_DESC_503,11503,1,0,0,80,-1,0,터렛전투 미션 클리어 1회,
504,#CSO2_ACHIVEMENT_NAME_504,#CSO2_ACHIVEMENT_DESC_504,11504,1,0,0,80,-1,0,타임업 미션 클리어 1회,
505,#CSO2_ACHIVEMENT_NAME_505,#CSO2_ACHIVEMENT_DESC_505,11505,1,0,0,80,-1,0,군함전투 미션 클리어 1회,
506,#CSO2_ACHIVEMENT_NAME_506,#CSO2_ACHIVEMENT_DESC_506,11506,100,0,0,300,-1,0,도로점거 미션 클리어 100회,
507,#CSO2_ACHIVEMENT_NAME_507,#CSO2_ACHIVEMENT_DESC_507,11507,100,0,0,300,-1,0,터렛전투 미션 클리어 100회,
508,#CSO2_ACHIVEMENT_NAME_508,#CSO2_ACHIVEMENT_DESC_508,11508,100,0,0,300,-1,0,타임업 미션 클리어 100회,
509,#CSO2_ACHIVEMENT_NAME_509,#CSO2_ACHIVEMENT_DESC_509,11509,100,0,0,300,-1,0,군함전투 미션 클리어 100회,
514,#CSO2_ACHIVEMENT_NAME_514,#CSO2_ACHIVEMENT_DESC_514,11514,1,0,0,300,-1,0,한번에 모든미션 클리어,
515,#CSO2_ACHIVEMENT_NAME_515,#CSO2_ACHIVEMENT_DESC_515,11515,1,0,0,80,-1,0,빅시티 레벨 10달성,
516,#CSO2_ACHIVEMENT_NAME_516,#CSO2_ACHIVEMENT_DESC_516,11516,1,0,0,120,-1,0,빅시티 레벨 20달성,
517,#CSO2_ACHIVEMENT_NAME_517,#CSO2_ACHIVEMENT_DESC_517,11517,1,0,0,300,-1,0,빅시티 레벨 30달성,
518,#CSO2_ACHIVEMENT_NAME_518,#CSO2_ACHIVEMENT_DESC_518,11518,10,0,0,30,-1,0,10골 ,
519,#CSO2_ACHIVEMENT_NAME_519,#CSO2_ACHIVEMENT_DESC_519,11519,100,0,0,120,-1,0,100 골,
520,#CSO2_ACHIVEMENT_NAME_520,#CSO2_ACHIVEMENT_DESC_520,11520,1000,0,0,300,-1,0,1000 골,
521,#CSO2_ACHIVEMENT_NAME_521,#CSO2_ACHIVEMENT_DESC_521,11521,100,0,0,300,-1,0,100어시스트,
522,#CSO2_ACHIVEMENT_NAME_522,#CSO2_ACHIVEMENT_DESC_522,11522,10,0,0,30,-1,0,건볼모드 이동거리 10바퀴,
523,#CSO2_ACHIVEMENT_NAME_523,#CSO2_ACHIVEMENT_DESC_523,11523,500,0,0,120,-1,0,건볼모드 이동거리 50바퀴,
524,#CSO2_ACHIVEMENT_NAME_524,#CSO2_ACHIVEMENT_DESC_524,11524,1000,0,0,300,-1,0,건볼모드 이동거리 100바퀴,
525,#CSO2_ACHIVEMENT_NAME_525,#CSO2_ACHIVEMENT_DESC_525,11525,10,0,0,30,-1,0,클리어10회 ,
526,#CSO2_ACHIVEMENT_NAME_526,#CSO2_ACHIVEMENT_DESC_526,11526,100,0,0,120,-1,0,클리어 100회,
527,#CSO2_ACHIVEMENT_NAME_527,#CSO2_ACHIVEMENT_DESC_527,11527,1000,0,0,300,-1,0,클리어 1000 회,
528,#CSO2_ACHIVEMENT_NAME_528,#CSO2_ACHIVEMENT_DESC_528,11528,1,0,1,120,-1,0,역전승으로 게임승리 (팀전체),
529,#CSO2_ACHIVEMENT_NAME_529,#CSO2_ACHIVEMENT_DESC_529,11529,1,0,1,120,-1,0,1골차 승리에서 결승골을 넣었을 때,
530,#CSO2_ACHIVEMENT_NAME_530,#CSO2_ACHIVEMENT_DESC_530,11530,1,0,1,120,-1,0,0점으로 패배했을 때 (팀전체),
531,#CSO2_ACHIVEMENT_NAME_531,#CSO2_ACHIVEMENT_DESC_531,11531,1,0,1,300,-1,0,한 골도 주지 않고 승리 했을 때 (팀전체),
532,#CSO2_ACHIVEMENT_NAME_532,#CSO2_ACHIVEMENT_DESC_532,11532,100,1,0,300,-1,0,버추어 아레나 맵 100회 플레이,
533,#CSO2_ACHIVEMENT_NAME_533,#CSO2_ACHIVEMENT_DESC_533,11533,100,1,0,300,-1,0,연구소 맵 100회 플레이,
534,#CSO2_ACHIVEMENT_NAME_534,#CSO2_ACHIVEMENT_DESC_534,11534,100,3,0,120,-1,0,mk18 100킬,
535,#CSO2_ACHIVEMENT_NAME_535,#CSO2_ACHIVEMENT_DESC_535,11535,500,3,0,300,-1,0,mk18 500킬,
536,#CSO2_ACHIVEMENT_NAME_536,#CSO2_ACHIVEMENT_DESC_536,11536,5000,3,0,500,-1,0,mk18 5000킬,
537,#CSO2_ACHIVEMENT_NAME_537,#CSO2_ACHIVEMENT_DESC_537,11537,100,3,0,120,-1,0,akm 100킬,
538,#CSO2_ACHIVEMENT_NAME_538,#CSO2_ACHIVEMENT_DESC_538,11538,500,3,0,300,-1,0,akm 500킬,
539,#CSO2_ACHIVEMENT_NAME_539,#CSO2_ACHIVEMENT_DESC_539,11539,5000,3,0,500,-1,0,akm 5000킬,
540,#CSO2_ACHIVEMENT_NAME_540,#CSO2_ACHIVEMENT_DESC_540,11540,100,3,0,120,-1,0,awm 100킬,
541,#CSO2_ACHIVEMENT_NAME_541,#CSO2_ACHIVEMENT_DESC_541,11541,500,3,0,300,-1,0,awm 500킬,
542,#CSO2_ACHIVEMENT_NAME_542,#CSO2_ACHIVEMENT_DESC_542,11542,5000,3,0,500,-1,0,awm 5000킬,
543,#CSO2_ACHIVEMENT_NAME_543,#CSO2_ACHIVEMENT_DESC_543,11543,100,1,0,300,-1,0,헤드쿼터 맵 100회 플레이,
544,#CSO2_ACHIVEMENT_NAME_544,#CSO2_ACHIVEMENT_DESC_544,11544,100,3,0,120,-1,0,m1911 100킬,
545,#CSO2_ACHIVEMENT_NAME_545,#CSO2_ACHIVEMENT_DESC_545,11545,500,3,0,300,-1,0,m1911 500킬,
546,#CSO2_ACHIVEMENT_NAME_546,#CSO2_ACHIVEMENT_DESC_546,11546,5000,3,0,500,-1,0,m1911 5000킬,
547,#CSO2_ACHIVEMENT_NAME_547,#CSO2_ACHIVEMENT_DESC_547,11547,100,1,0,300,-1,0,스토리지 맵 100회 플레이,
548,#CSO2_ACHIVEMENT_NAME_548,#CSO2_ACHIVEMENT_DESC_548,11548,100,3,0,120,-1,0,M16A4 100킬,
549,#CSO2_ACHIVEMENT_NAME_549,#CSO2_ACHIVEMENT_DESC_549,11549,500,3,0,300,-1,0,M16A4 500킬,
550,#CSO2_ACHIVEMENT_NAME_550,#CSO2_ACHIVEMENT_DESC_550,11550,5000,3,0,500,-1,0,M16A4 5000킬,
551,#CSO2_ACHIVEMENT_NAME_551,#CSO2_ACHIVEMENT_DESC_551,11551,100,3,0,120,-1,0,LR300 100킬,
552,#CSO2_ACHIVEMENT_NAME_552,#CSO2_ACHIVEMENT_DESC_552,11552,500,3,0,300,-1,0,LR300 500킬,
553,#CSO2_ACHIVEMENT_NAME_553,#CSO2_ACHIVEMENT_DESC_553,11553,5000,3,0,500,-1,0,LR300 5000킬,
554,#CSO2_ACHIVEMENT_NAME_554,#CSO2_ACHIVEMENT_DESC_554,11554,100,1,0,300,-1,0,더스트 러쉬 맵 베테랑,
555,#CSO2_ACHIVEMENT_NAME_555,#CSO2_ACHIVEMENT_DESC_555,11555,100,1,0,300,-1,0,펜트하우스 맵 베테랑,
556,#CSO2_ACHIVEMENT_NAME_556,#CSO2_ACHIVEMENT_DESC_556,11556,100,3,0,120,-1,0,QBS95 100킬,
557,#CSO2_ACHIVEMENT_NAME_557,#CSO2_ACHIVEMENT_DESC_557,11557,500,3,0,300,-1,0,QBS95 500킬,
558,#CSO2_ACHIVEMENT_NAME_558,#CSO2_ACHIVEMENT_DESC_558,11558,5000,3,0,500,-1,0,QBS95 5000킬,
559,#CSO2_ACHIVEMENT_NAME_559,#CSO2_ACHIVEMENT_DESC_559,11559,100,0,0,300,-1,0,좀비Z모드 100판 플레이,
560,#CSO2_ACHIVEMENT_NAME_560,#CSO2_ACHIVEMENT_DESC_560,11560,500,0,0,500,-1,0,좀비Z모드 500판 플레이,
561,#CSO2_ACHIVEMENT_NAME_561,#CSO2_ACHIVEMENT_DESC_561,11561,1000,0,0,1000,-1,0,좀비Z모드 1000판 플레이,
562,#CSO2_ACHIVEMENT_NAME_562,#CSO2_ACHIVEMENT_DESC_562,11562,10,0,0,30,-1,0,좀비Z모드 변이 10개 획득,
563,#CSO2_ACHIVEMENT_NAME_563,#CSO2_ACHIVEMENT_DESC_563,11563,20,0,0,50,-1,0,좀비Z모드 변이 20개 획득,
564,#CSO2_ACHIVEMENT_NAME_564,#CSO2_ACHIVEMENT_DESC_564,11564,30,0,0,120,-1,0,좀비Z모드 변이 30개 획득,
565,#CSO2_ACHIVEMENT_NAME_565,#CSO2_ACHIVEMENT_DESC_565,11565,40,0,0,300,-1,0,좀비Z모드 변이 40개 획득,
566,#CSO2_ACHIVEMENT_NAME_566,#CSO2_ACHIVEMENT_DESC_566,11566,200,3,0,120,-1,0,m95 200킬,
567,#CSO2_ACHIVEMENT_NAME_567,#CSO2_ACHIVEMENT_DESC_567,11567,1000,3,0,300,-1,0,m95 1000킬,
568,#CSO2_ACHIVEMENT_NAME_568,#CSO2_ACHIVEMENT_DESC_568,11568,10000,3,0,500,-1,0,m95 10000킬,
569,#CSO2_ACHIVEMENT_NAME_569,#CSO2_ACHIVEMENT_DESC_569,11569,200,3,0,120,-1,0,m107a1 200킬,
570,#CSO2_ACHIVEMENT_NAME_570,#CSO2_ACHIVEMENT_DESC_570,11570,1000,3,0,300,-1,0,m107a1 1000킬,
571,#CSO2_ACHIVEMENT_NAME_571,#CSO2_ACHIVEMENT_DESC_571,11571,10000,3,0,500,-1,0,m107a1 10000킬,
572,#CSO2_ACHIVEMENT_NAME_572,#CSO2_ACHIVEMENT_DESC_572,11572,1,0,0,100,-1,0,무한던전 10 웨이브 달성,
573,#CSO2_ACHIVEMENT_NAME_573,#CSO2_ACHIVEMENT_DESC_573,11573,1,0,0,300,-1,0,무한던전 50 웨이브 달성,
574,#CSO2_ACHIVEMENT_NAME_574,#CSO2_ACHIVEMENT_DESC_574,11574,1,0,0,500,-1,0,무한던전 80 웨이브 달성,
575,#CSO2_ACHIVEMENT_NAME_575,#CSO2_ACHIVEMENT_DESC_575,11575,1,0,0,1000,-1,0,무한던전에서 한 번도 죽지 않고 50 웨이브 달성,
576,#CSO2_ACHIVEMENT_NAME_576,#CSO2_ACHIVEMENT_DESC_576,11576,1,0,0,50,-1,0,무한던전 한 판에서 1000킬 달성,
577,#CSO2_ACHIVEMENT_NAME_577,#CSO2_ACHIVEMENT_DESC_577,11577,1,0,0,120,-1,0,무한던전 한 판에서 5000킬 달성,
578,#CSO2_ACHIVEMENT_NAME_578,#CSO2_ACHIVEMENT_DESC_578,11578,1,0,0,500,-1,0,무한던전 한 판에서 10000킬 달성,
579,#CSO2_ACHIVEMENT_NAME_579,#CSO2_ACHIVEMENT_DESC_579,11579,100,3,0,120,-1,0,m16a2 100킬,
580,#CSO2_ACHIVEMENT_NAME_580,#CSO2_ACHIVEMENT_DESC_580,11580,500,3,0,300,-1,0,m16a2 500킬,
581,#CSO2_ACHIVEMENT_NAME_581,#CSO2_ACHIVEMENT_DESC_581,11581,5000,3,0,500,-1,0,m16a2 5000킬,
582,#CSO2_ACHIVEMENT_NAME_582,#CSO2_ACHIVEMENT_DESC_582,11582,100,3,0,120,-1,0,K12 100킬,
583,#CSO2_ACHIVEMENT_NAME_583,#CSO2_ACHIVEMENT_DESC_583,11583,500,3,0,300,-1,0,K12 500킬,
584,#CSO2_ACHIVEMENT_NAME_584,#CSO2_ACHIVEMENT_DESC_584,11584,5000,3,0,500,-1,0,K12 5000킬,
585,#CSO2_ACHIVEMENT_NAME_585,#CSO2_ACHIVEMENT_DESC_585,11585,100,3,0,120,-1,0,usas12 100킬,
586,#CSO2_ACHIVEMENT_NAME_586,#CSO2_ACHIVEMENT_DESC_586,11586,500,3,0,300,-1,0,usas12 500킬,
587,#CSO2_ACHIVEMENT_NAME_587,#CSO2_ACHIVEMENT_DESC_587,11587,5000,3,0,500,-1,0,usas12 5000킬,
588,#CSO2_ACHIVEMENT_NAME_588,#CSO2_ACHIVEMENT_DESC_588,11588,1,0,0,1000,-1,0,챌린지 모드 120 웨이브 달성 ,
589,#CSO2_ACHIVEMENT_NAME_589,#CSO2_ACHIVEMENT_DESC_589,11589,1,0,0,1200,-1,0,챌린지 모드 200 웨이브 달성 ,
590,#CSO2_ACHIVEMENT_NAME_590,#CSO2_ACHIVEMENT_DESC_590,11590,1,0,0,1200,-1,0,챌린지 모드에서 한 번도 죽지 않고 100 웨이브 달성,
591,#CSO2_ACHIVEMENT_NAME_591,#CSO2_ACHIVEMENT_DESC_591,11591,100,0,0,300,-1,0,챌린지 모드 100회 플레이,
592,#CSO2_ACHIVEMENT_NAME_592,#CSO2_ACHIVEMENT_DESC_592,11592,500,0,0,500,-1,0,챌린지 모드 500회 플레이,
593,#CSO2_ACHIVEMENT_NAME_593,#CSO2_ACHIVEMENT_DESC_593,11593,1000,0,0,1000,-1,0,챌린지 모드 1000회 플레이,
594,#CSO2_ACHIVEMENT_NAME_594,#CSO2_ACHIVEMENT_DESC_594,11594,5,3,0,1000,-1,0,"""산탄총의 달인""","""SG 계열 5개 마스터"""
595,#CSO2_ACHIVEMENT_NAME_595,#CSO2_ACHIVEMENT_DESC_595,11595,100,3,0,120,-1,0,AF2011A1 100킬,
596,#CSO2_ACHIVEMENT_NAME_596,#CSO2_ACHIVEMENT_DESC_596,11596,500,3,0,300,-1,0,AF2011A1 500킬,
597,#CSO2_ACHIVEMENT_NAME_597,#CSO2_ACHIVEMENT_DESC_597,11597,5000,3,0,500,-1,0,AF2011A1 5000킬,
598,#CSO2_ACHIVEMENT_NAME_598,#CSO2_ACHIVEMENT_DESC_598,11598,100,3,0,120,-1,0,DP12 100킬,
599,#CSO2_ACHIVEMENT_NAME_599,#CSO2_ACHIVEMENT_DESC_599,11599,500,3,0,300,-1,0,DP12 500킬,
600,#CSO2_ACHIVEMENT_NAME_600,#CSO2_ACHIVEMENT_DESC_600,11600,5000,3,0,500,-1,0,DP12 5000킬,
601,#CSO2_ACHIVEMENT_NAME_601,#CSO2_ACHIVEMENT_DESC_601,11601,100,3,0,120,-1,0,Gilboa Snake 100킬,
602,#CSO2_ACHIVEMENT_NAME_602,#CSO2_ACHIVEMENT_DESC_602,11602,500,3,0,300,-1,0,Gilboa Snake 500킬,
603,#CSO2_ACHIVEMENT_NAME_603,#CSO2_ACHIVEMENT_DESC_603,11603,5000,3,0,500,-1,0,Gilboa Snake 5000킬,
604,#CSO2_ACHIVEMENT_NAME_604,#CSO2_ACHIVEMENT_DESC_604,11604,100,3,0,120,-1,0,Triple Threat 100킬,
605,#CSO2_ACHIVEMENT_NAME_605,#CSO2_ACHIVEMENT_DESC_605,11605,500,3,0,300,-1,0,Triple Threat 500킬,
606,#CSO2_ACHIVEMENT_NAME_606,#CSO2_ACHIVEMENT_DESC_606,11606,5000,3,0,500,-1,0,Triple Threat 5000킬,
607,#CSO2_ACHIVEMENT_NAME_607,#CSO2_ACHIVEMENT_DESC_607,11607,50,0,0,500,-1,0,좀비Z모드 변이 50개 획득,
608,#CSO2_ACHIVEMENT_NAME_608,#CSO2_ACHIVEMENT_DESC_608,11608,10,0,0,500,-1,0,끈질긴 생존자,Z시티 모드에서 7일 이상 생존 10회
609,#CSO2_ACHIVEMENT_NAME_609,#CSO2_ACHIVEMENT_DESC_609,11609,10,0,0,500,-1,0,최종 생존자,Z시티 모드에서 최후의 1인으로 게임 승리 10회
610,#CSO2_ACHIVEMENT_NAME_610,#CSO2_ACHIVEMENT_DESC_610,11610,100,0,0,300,-1,0,거리의 실험체,Z시티 모드 100회 플레이
611,#CSO2_ACHIVEMENT_NAME_611,#CSO2_ACHIVEMENT_DESC_611,11611,500,0,0,500,-1,0,거리의 지배자,Z시티 모드 500회 플레이
612,#CSO2_ACHIVEMENT_NAME_612,#CSO2_ACHIVEMENT_DESC_612,11612,100,0,0,300,-1,0,거리의 난동꾼 ,다른 생존자를 100명 이상 처치하기(누적)
613,#CSO2_ACHIVEMENT_NAME_613,#CSO2_ACHIVEMENT_DESC_613,11613,100,0,1,300,-1,0,거리의 배신자 ,항복 모션 중인 대상을 100명 이상 처치하기(누적)
614,#CSO2_ACHIVEMENT_NAME_614,#CSO2_ACHIVEMENT_DESC_614,11614,1000,0,1,300,-1,0,거리의 평화주의자 ,인사 모션 1000회 이상 사용하기(누적)
615,#CSO2_ACHIVEMENT_NAME_615,#CSO2_ACHIVEMENT_DESC_615,11615,1000,0,0,300,-1,0,거리의 청소부 ,NPC 좀비 1000마리 이상 처치하기(누적)
616,#CSO2_ACHIVEMENT_NAME_616,#CSO2_ACHIVEMENT_DESC_616,11616,100,3,0,120,-1,0,QJY-88 100킬,
617,#CSO2_ACHIVEMENT_NAME_617,#CSO2_ACHIVEMENT_DESC_617,11617,500,3,0,300,-1,0,QJY-88 500킬,
618,#CSO2_ACHIVEMENT_NAME_618,#CSO2_ACHIVEMENT_DESC_618,11618,5000,3,0,500,-1,0,QJY-88 5000킬,
619,#CSO2_ACHIVEMENT_NAME_619,#CSO2_ACHIVEMENT_DESC_619,11619,100,3,0,120,-1,0,GALILSNIPER 초심자,
620,#CSO2_ACHIVEMENT_NAME_620,#CSO2_ACHIVEMENT_DESC_620,11620,500,3,0,300,-1,0,GALILSNIPER 숙련자,
621,#CSO2_ACHIVEMENT_NAME_621,#CSO2_ACHIVEMENT_DESC_621,11621,5000,3,0,500,-1,0,GALILSNIPER 전문가,
622,#CSO2_ACHIVEMENT_NAME_622,#CSO2_ACHIVEMENT_DESC_622,11622,100,3,0,120,-1,0,SVT 초심자,
623,#CSO2_ACHIVEMENT_NAME_623,#CSO2_ACHIVEMENT_DESC_623,11623,500,3,0,300,-1,0,SVT 숙련자,
624,#CSO2_ACHIVEMENT_NAME_624,#CSO2_ACHIVEMENT_DESC_624,11624,5000,3,0,500,-1,0,SVT 전문가,
625,#CSO2_ACHIVEMENT_NAME_625,#CSO2_ACHIVEMENT_DESC_625,11625,100,3,0,120,-1,0,mosinnagant 초심자,
626,#CSO2_ACHIVEMENT_NAME_626,#CSO2_ACHIVEMENT_DESC_626,11626,500,3,0,300,-1,0,mosinnagant 숙련자,
627,#CSO2_ACHIVEMENT_NAME_627,#CSO2_ACHIVEMENT_DESC_627,11627,5000,3,0,500,-1,0,mosinnagant 전문가,
628,#CSO2_ACHIVEMENT_NAME_628,#CSO2_ACHIVEMENT_DESC_628,11628,100,3,0,120,-1,0,xm8 초심자,
629,#CSO2_ACHIVEMENT_NAME_629,#CSO2_ACHIVEMENT_DESC_629,11629,500,3,0,300,-1,0,xm8 숙련자,
630,#CSO2_ACHIVEMENT_NAME_630,#CSO2_ACHIVEMENT_DESC_630,11630,5000,3,0,500,-1,0,xm8 전문가,
631,#CSO2_ACHIVEMENT_NAME_631,#CSO2_ACHIVEMENT_DESC_631,11631,100,3,0,120,-1,0,hk416c 초심자,
632,#CSO2_ACHIVEMENT_NAME_632,#CSO2_ACHIVEMENT_DESC_632,11632,500,3,0,300,-1,0,hk416c 숙련자,
633,#CSO2_ACHIVEMENT_NAME_633,#CSO2_ACHIVEMENT_DESC_633,11633,5000,3,0,500,-1,0,hk416c 전문가,
634,#CSO2_ACHIVEMENT_NAME_634,#CSO2_ACHIVEMENT_DESC_634,11634,100,3,0,120,-1,0,m27iar 초심자,
635,#CSO2_ACHIVEMENT_NAME_635,#CSO2_ACHIVEMENT_DESC_635,11635,500,3,0,300,-1,0,m27iar 숙련자,
636,#CSO2_ACHIVEMENT_NAME_636,#CSO2_ACHIVEMENT_DESC_636,11636,5000,3,0,500,-1,0,m27iar 전문가,
637,#CSO2_ACHIVEMENT_NAME_637,#CSO2_ACHIVEMENT_DESC_637,11637,100,3,0,120,-1,0,SVD 초심자,
638,#CSO2_ACHIVEMENT_NAME_638,#CSO2_ACHIVEMENT_DESC_638,11638,500,3,0,300,-1,0,SVD 숙련자,
639,#CSO2_ACHIVEMENT_NAME_639,#CSO2_ACHIVEMENT_DESC_639,11639,5000,3,0,500,-1,0,SVD 전문가,
640,#CSO2_ACHIVEMENT_NAME_640,#CSO2_ACHIVEMENT_DESC_640,11640,100,3,0,120,-1,1,50 Beowulf 초심자,
641,#CSO2_ACHIVEMENT_NAME_641,#CSO2_ACHIVEMENT_DESC_641,11641,500,3,0,300,-1,1,50 Beowulf 숙련자,
642,#CSO2_ACHIVEMENT_NAME_642,#CSO2_ACHIVEMENT_DESC_642,11642,5000,3,0,500,-1,1,50 Beowulf 전문가,
643,#CSO2_ACHIVEMENT_NAME_643,#CSO2_ACHIVEMENT_DESC_643,11643,100,3,0,120,-1,0,M9 Grease 초심자,
644,#CSO2_ACHIVEMENT_NAME_644,#CSO2_ACHIVEMENT_DESC_644,11644,500,3,0,300,-1,0,M9 Grease 숙련자,
645,#CSO2_ACHIVEMENT_NAME_645,#CSO2_ACHIVEMENT_DESC_645,11645,5000,3,0,500,-1,0,M9 Grease 전문가,
646,#CSO2_ACHIVEMENT_NAME_646,#CSO2_ACHIVEMENT_DESC_646,11646,100,3,0,120,-1,0,M1A1 Thompson 초심자,
647,#CSO2_ACHIVEMENT_NAME_647,#CSO2_ACHIVEMENT_DESC_647,11647,500,3,0,300,-1,0,M1A1 Thompson 숙련자,
648,#CSO2_ACHIVEMENT_NAME_648,#CSO2_ACHIVEMENT_DESC_648,11648,5000,3,0,500,-1,0,M1A1 Thompson 전문가,
649,#CSO2_ACHIVEMENT_NAME_649,#CSO2_ACHIVEMENT_DESC_649,11649,100,3,0,120,-1,0,M1918 BAR 초심자,
650,#CSO2_ACHIVEMENT_NAME_650,#CSO2_ACHIVEMENT_DESC_650,11650,500,3,0,300,-1,0,M1918 BAR 숙련자,
651,#CSO2_ACHIVEMENT_NAME_651,#CSO2_ACHIVEMENT_DESC_651,11651,5000,3,0,500,-1,0,M1918 BAR 전문가,
;// 652,#CSO2_ACHIVEMENT_NAME_652,#CSO2_ACHIVEMENT_DESC_652,11652,100,3,0,120,-1,0,HCAR 초심자,
;// 653,#CSO2_ACHIVEMENT_NAME_653,#CSO2_ACHIVEMENT_DESC_653,11653,500,3,0,300,-1,0,HCAR 숙련자,
;// 654,#CSO2_ACHIVEMENT_NAME_654,#CSO2_ACHIVEMENT_DESC_654,11654,5000,3,0,500,-1,0,HCAR 전문가,
655,#CSO2_ACHIVEMENT_NAME_655,#CSO2_ACHIVEMENT_DESC_655,11655,100,3,0,120,-1,1,t91 초심자,
656,#CSO2_ACHIVEMENT_NAME_656,#CSO2_ACHIVEMENT_DESC_656,11656,500,3,0,300,-1,1,t91 숙련자,
657,#CSO2_ACHIVEMENT_NAME_657,#CSO2_ACHIVEMENT_DESC_657,11657,5000,3,0,500,-1,1,t91 전문가,
658,#CSO2_ACHIVEMENT_NAME_658,#CSO2_ACHIVEMENT_DESC_658,11658,100,3,0,120,-1,1,xt97 초심자,
659,#CSO2_ACHIVEMENT_NAME_659,#CSO2_ACHIVEMENT_DESC_659,11659,500,3,0,300,-1,1,xt97 숙련자,
660,#CSO2_ACHIVEMENT_NAME_660,#CSO2_ACHIVEMENT_DESC_660,11660,5000,3,0,500,-1,1,xt97 전문가,
