;//인덱스(유니크),프랍모델 경로,이름,스피드1,스피드2,액션사운드,생명수치,무게,,,,,,,
;Index,ModelPath,PropName,MaxSpeed,WalkScale,ActionSound,Health,Mass,UseDIY,DIYPoint,DIYSize,DIYHP,CustomPivot,CrouchHullMin,CrouchHullMax
;int,string,,float,float,string,int,float,int,int,int,int,string,string,string
1,models/maps/props/foliage/foliage_italytree_b02.mdl,나무A,312,26,,,,0,7,7,900,,,
2,models/props_c17/statue_horse.mdl,동상A,312,26,,,740,1,7,6,5400,,,
3,models/props/de_train/de_train_securityguard.mdl,보디가드,312,26,,,,0,7,1,900,,,
4,models/npc/npc_chicken/hide_chicken.mdl,닭,312,26,,,,0,5,1,900,,,
5,models/maps/cs_italy/cs_italy_flowerpot02.mdl,화분C,312,26,,,,0,7,1,900,,-8|-8|0,|8|8|12
6,models/maps/cs_italy/cs_italy_fruit_box02_b.mdl,과일좌판C,312,26,,,,0,7,1,900,,,
7,models/maps/cs_italy/cs_italy_fruit_box05_b.mdl,과일좌판B,312,26,,,,0,7,1,900,,,
8,models/maps/cs_italy/cs_italy_fruit_box06_b.mdl,과일좌판A,312,26,,,,0,7,1,900,,,
9,models/maps/cs_italy/cs_italy_fruit_carrier01.mdl,과일카트,312,26,,,,0,7,1,900,0|-20|0,-16|-16|0,16|16|16
10,models/maps/cs_italy/cs_italy_milk_case01a.mdl,우유통B,312,26,,,60,1,4,2,1800,,,
11,models/maps/cs_italy/cs_italy_milk_case01b.mdl,우유통A,312,26,,,60,1,4,2,1800,,,
12,models/maps/cs_italy/cs_italy_road_lamp01.mdl,전등B,312,26,,,,0,7,1,900,,,
13,models/maps/cs_italy/cs_italy_road_sign01.mdl,표지판C,312,26,,,,0,7,1,900,,,
14,models/maps/cs_italy/cs_italy_road_sign02.mdl,표지판D,312,26,,,,0,7,1,900,,,
15,models/maps/cs_italy/cs_italy_sign04.mdl,표지판E,312,26,,,,0,7,1,900,,,
16,models/maps/cs_italy/cs_italy_stall_box01.mdl,좌판,312,26,,,,0,7,1,900,,,
17,models/maps/cs_italy/cs_italy_table01.mdl,테이블C,312,26,,,,0,7,1,900,,-16|-16|0,16|16|48
18,models/maps/de_cbble/de_cbble_ammobox01.mdl,무기박스A,312,26,,,60,1,4,2,1800,,,
19,models/maps/de_cbble/de_cbble_gas_cylinder01.mdl,가스통B,312,26,,,,0,7,1,900,,,
20,models/maps/de_cbble/de_cbble_gas_cylinder02.mdl,가스통화물A,312,26,,,570,1,6,4,4500,,,
21,models/maps/de_cbble/de_cbble_gas_cylinder02a.mdl,가스통화물B,312,26,,,570,1,6,4,4500,,,
22,models/maps/de_cbble/de_cbble_packaging_box01.mdl,화물박스C,312,26,,,670,1,7,5,3600,,,
23,models/maps/de_cbble/de_cbble_pipe01.mdl,파이프A,312,26,,,,0,3,1,900,,,
24,models/maps/de_cbble/de_cbble_pipe02.mdl,파이프B,312,26,,,,0,3,1,900,,,
25,models/maps/de_cbble/de_cbble_statue01.mdl,동상B,312,26,,,380,1,6,4,3600,,,
26,models/maps/de_cbble/de_cbble_statue02.mdl,잘려진 동상A,312,26,,,,0,5,3,2700,,,
27,models/maps/de_cbble/de_cbble_statue03.mdl,잘려진 동상B,312,26,,,,0,4,2,1800,,,
28,models/maps/de_cbble/de_cbble_tapestry01.mdl,태피스트리,312,26,,,,0,7,1,900,-2|0|0,,
29,models/maps/de_dust2/de_dust2_box01.mdl,화물박스A,312,26,,,380,1,5,3,2700,,,
30,models/maps/de_dust2/de_dust2_box02.mdl,화물박스B,312,26,,,480,1,6,4,3600,,,
31,models/maps/de_inferno/de_inferno_arches01.mdl,아치형 문A,312,26,,,,0,7,1,900,,,
32,models/maps/de_inferno/de_inferno_arches02.mdl,아치형 문A,312,26,,,,0,7,1,900,,,
33,models/maps/de_inferno/de_inferno_streetlamp01.mdl,작은가로등,312,26,,,,0,7,1,900,,,
34,models/maps/de_inferno/de_inferno_warhead01.mdl,화물(탄두),312,26,,,380,1,5,3,2700,,,
35,models/maps/de_vantage/de_vantage_awning04.mdl,차양,312,26,,,,0,7,1,900,,,
36,models/maps/de_vantage/de_vantage_beer_box01.mdl,맥주상자A,312,26,,,60,1,4,2,1800,,,
37,models/maps/de_vantage/de_vantage_beer_box02.mdl,맥주상자B,312,26,,,60,1,4,2,1800,,,
38,models/maps/de_vantage/de_vantage_brick_set03.mdl,벽돌묶음A,312,26,,,100,1,4,2,1800,,,
39,models/maps/de_vantage/de_vantage_car_tire01.mdl,타이어B,312,26,,,,0,7,1,900,,,
40,models/maps/de_vantage/de_vantage_car_tire03.mdl,타이어C,312,26,,,,0,7,1,900,,,
41,models/maps/de_vantage/de_vantage_gas_cylinder01.mdl,가스통C,312,26,,,,0,7,1,900,,,
42,models/maps/de_vantage/de_vantage_metalpanels01.mdl,철제지붕,312,26,,,,0,7,1,900,,,
43,models/maps/de_vantage/de_vantage_trashcluster01.mdl,쓰레기봉지A,312,26,,,,0,7,1,900,,,
44,models/maps/de_vantage/de_vantage_trashcluster02.mdl,쓰레기봉지B,312,26,,,,0,7,1,900,,,
45,models/maps/de_vantage/de_vantage_trashcluster03.mdl,쓰레기봉지C,312,26,,,,0,7,1,900,,,
46,models/maps/de_vantage/de_vantage_trashcluster04.mdl,쓰레기봉지D,312,26,,,,0,7,1,900,,,
47,models/maps/de_vantage/de_vantage_water_tank01.mdl,물탱크A,312,26,,,60,1,4,2,1800,,,
48,models/maps/de_vantage/de_vantage_water_tank02.mdl,물탱크B,312,26,,,60,1,4,2,1800,,,
49,models/maps/hs_italy2/hs_italy2_parasol01.mdl,파라솔,312,26,,,,0,7,1,900,,-2|-2|0,2|2|32
50,models/maps/hs_italy2/hs_italy2_table01.mdl,철제테이블,312,26,,,,0,7,5,900,,,
51,models/maps/hs_italy2/hs_italy2_tent03.mdl,텐트B,312,26,,,,0,7,1,900,,,
52,models/maps/props/door/stone_italyarch01.mdl,아치형 문B,312,26,,,,0,7,1,900,,,
53,models/maps/cs_italy/cs_italy_barrel01.mdl,나무통B,312,26,,,60,1,4,2,1800,,,
54,models/maps/zd_internal/zd_internal_concretebags01.mdl,콘크리트,312,26,,,230,1,4,2,1800,,,
55,models/maps/zd_internal/zd_internal_concretebags02.mdl,콘크리트화물B,312,26,,,480,1,5,3,2700,,,
56,models/maps/zd_internal/zd_internal_light01.mdl,조명장치,312,26,,,,0,7,1,900,,,
57,models/maps/zd_internal/zd_internal_tunnel_scaffolding01.mdl,나무판,312,26,,,,0,7,1,900,,,
58,models/maps/cs_italy/cs_italy_flowerpot01.mdl,화분D,312,26,,,,0,7,1,900,,-8|-8|0,|8|8|12
59,models/props/cannonball/cannon_target.mdl,위험지역,312,26,,,,0,7,1,900,,-2|-2|0,2|2|32
60,models/props/cs_assault/ACUnit01.mdl,실외기A,312,26,,,,0,7,1,900,16|0|0,,
61,models/props/cs_assault/ACUnit02.mdl,실외기B,312,26,,,,0,7,1,900,,,
62,models/props/cs_assault/barrelwarning.mdl,차단봉,312,26,,,,0,7,1,900,,-12|-12|0,12|12|40
63,models/props/cs_assault/box_stack2.mdl,박스묶음,312,26,,,400,1,5,3,2700,,,
64,models/props/cs_assault/ConsolePanelLoadingBay.mdl,운전장치,312,26,,,,0,7,1,900,,,
65,models/props/cs_assault/dryer_box.mdl,박스B,312,26,,,60,1,4,2,1800,,,
66,models/props/cs_assault/firehydrant.mdl,소화전,312,26,,,,0,7,1,900,,,
67,models/props/cs_assault/forklift.mdl,지게차,312,26,,,,0,7,1,900,0|32|0,,
68,models/props/cs_assault/HandTruck.mdl,손수레A,312,26,,,,0,7,1,900,-18|0|0,-8|-8|0,8|8|16
69,models/props/cs_assault/LadderAluminium128.mdl,사다리A,312,26,,,,0,7,1,900,-2|0|0,-4|-4|0,4|4|40
70,models/props/cs_assault/meter.mdl,차단기,312,26,,,,0,7,1,900,,,
71,models/props/cs_assault/MoneyPallet.mdl,위조지폐A,312,26,,,400,1,5,3,2700,,,
72,models/props/cs_assault/nostopssign.mdl,표지판B,312,26,,,,0,7,1,900,,,
73,models/props/cs_assault/pylon.mdl,철기둥,312,26,,,,0,7,1,900,,,
74,models/props/cs_assault/stoplight.mdl,신호등,312,26,,,,0,7,1,900,,-5|-5|0,5|5|40
75,models/props/cs_assault/streetsign01.mdl,표지판A,312,26,,,,0,7,1,900,,-4|-4|0,4|4|40
76,models/props/cs_assault/StreetSign02.mdl,표지판F,312,26,,,,0,7,1,900,,-4|-4|0,4|4|40
77,models/props/cs_assault/ticketmachine.mdl,티켓자판기,312,26,,,,0,7,1,900,,,
78,models/props/cs_assault/TrainStationSign.mdl,표지판H,312,26,,,,0,7,1,900,0|61|0,-4|-4|0,4|4|40
79,models/props/cs_assault/washer_box2.mdl,박스C,312,26,,,60,1,4,2,1800,,,
80,models/props/cs_assault/wirespout.mdl,배전파이프,312,26,,,,0,7,1,900,,-3|-3|0,3|3|40
81,models/props/cs_havana/pole_a.mdl,전봇대B,312,26,,,,0,7,1,900,,,
82,models/props/cs_italy/bananna_bunch.mdl,바나나,312,26,,,,0,7,1,900,,,
83,models/props/cs_italy/it_mkt_table2.mdl,작업테이블,312,26,,,,0,7,1,900,,,
84,models/props/CS_Militia/axe.mdl,도끼,312,26,,,,0,7,1,900,,-4|-4|0,4|4|12
85,models/props/CS_militia/barstool01.mdl,둥근의자,312,26,,,,0,7,1,900,,,
86,models/props/cs_militia/bottle02.mdl,유리병B,312,26,,,,0,7,1,900,,-4|-4|0,4|4|14
87,models/props/cs_militia/couch.mdl,소파B,312,26,,,150,1,5,3,2700,,,
88,models/props/CS_militia/crate_extralargemill.mdl,박스B,312,26,,,480,1,6,4,3600,,,
89,models/props/CS_militia/crate_extrasmallmill.mdl,박스C,312,26,,,150,1,5,3,2700,,,
90,models/props/CS_militia/dryer.mdl,건조기,312,26,,,290,1,5,3,2700,,,
91,models/props/CS_militia/fishriver01.mdl,물고기,312,26,,,,0,7,1,900,,,
92,models/props/cs_militia/food_stack.mdl,음식상자묶음,312,26,,,290,1,5,3,2700,,,
93,models/props/CS_militia/footlocker01_closed.mdl,무기박스B,312,26,,,60,1,4,2,1800,,,
94,models/props/CS_militia/ladderwood.mdl,나무사다리,312,26,,,,0,7,1,900,-2|0|0,-4|-4|0,4|4|40
95,models/props/CS_militia/mailbox01.mdl,우편함,312,26,,,,0,7,1,900,,,
96,models/props/CS_militia/microwave01.mdl,전자렌지,312,26,,,60,1,4,2,1800,,,
97,models/props/cs_militia/militiarock01.mdl,바위A,312,26,,,730,1,8,6,5400,,,
98,models/props/cs_militia/militiarock02.mdl,바위B,312,26,,,730,1,8,6,5400,,,
99,models/props/cs_militia/militiarock03.mdl,바위C,312,26,,,730,1,8,6,5400,,,
100,models/props/cs_militia/newspaperstack01.mdl,신문,312,26,,,,0,7,1,900,,,
101,models/props/CS_militia/oldphone01.mdl,전화기A,312,26,,,,0,7,1,900,,,
102,models/props/CS_militia/paintbucket01.mdl,페인트통B,312,26,,,,0,7,1,900,,-7|-7|0,7|7|22
103,models/props/CS_Militia/refrigerator01.mdl,냉장고,312,26,,,430,1,5,3,2700,,,
104,models/props/cs_militia/shelves_wood.mdl,나무진열장,312,26,,,,0,7,1,900,,,
105,models/props/CS_militia/table_kitchen.mdl,부엌탁자,312,26,,,,0,7,1,900,,,
106,models/props/CS_militia/table_shed.mdl,테이블D,312,26,,,,0,7,1,900,,,
107,models/props/CS_militia/toilet.mdl,변기통,312,26,,,,0,7,1,900,4|0|0,,
108,models/props/CS_militia/toothbrushset01.mdl,치약칫솔,312,26,,,,0,7,1,900,,,
109,models/props/CS_militia/tree_large_militia.mdl,나무D,312,26,,,,0,7,1,900,,,
110,models/props/cs_office/cardboard_box01.mdl,박스A,312,26,,,10,1,3,1,900,,,
111,models/props/cs_office/Cardboard_box02.mdl,박스E,312,26,,,10,1,3,1,900,,,
112,models/props/cs_office/Chair_office.mdl,사무실의자A,312,26,,,,0,7,1,900,,-10|-10|0,10|10|20
113,models/props/cs_office/computer_caseb.mdl,컴퓨터B,312,26,,,,0,7,1,900,,,
114,models/props/cs_office/computer_keyboard.mdl,키보드,312,26,,,,0,7,1,900,,-6|-6|0,6|6|8
115,models/props/cs_office/computer_monitor.mdl,모니터B,312,26,,,,0,7,1,900,,,
116,models/props/cs_office/Exit_ceiling.mdl,출구표시등,312,26,,,,0,7,1,900,,,
117,models/props/cs_office/file_box.mdl,서류박스,312,26,,,,0,7,1,900,,,
118,models/props/cs_office/file_cabinet1.mdl,캐비닛D,312,26,,,60,1,4,2,1800,,,
119,models/props/cs_office/file_cabinet2.mdl,캐비닛B,312,26,,,60,1,4,2,1800,,,
120,models/props/cs_office/file_cabinet3.mdl,캐비닛C,312,26,,,60,1,4,2,1800,,,
121,models/props/cs_office/fire_extinguisher.mdl,소화기,312,26,,,,0,7,1,900,-4|0|0,-4|-4|0,4|4|24
122,models/props/cs_office/Light_security.mdl,전등D,312,26,,,,0,7,1,900,-4|0|0,-4|-4|0,4|4|16
123,models/props/cs_office/Light_shop.mdl,전등C,312,26,,,,0,7,1,900,,-6|-6|0,6|6|16
124,models/props/cs_office/Paper_towels.mdl,휴지타올,312,26,,,,0,7,1,900,,,
125,models/props/cs_office/phone.mdl,전화기B,312,26,,,,0,7,1,900,,-4|-4|0,4|4|8
126,models/props/cs_office/plant01.mdl,화분E,312,26,,,,0,7,1,900,,-6|-6|0,6|6|16
127,models/props/cs_office/projector.mdl,프로젝터,312,26,,,,0,7,1,900,,,
128,models/props/cs_office/radio.mdl,라디오,312,26,,,,0,7,1,900,,-4|-4|0,4|4|10
129,models/props/cs_office/Shelves_metal.mdl,철제수납장A,312,26,,,,0,7,1,900,,,
130,models/props/cs_office/sofa.mdl,소파A,312,26,,,150,1,5,3,2700,,,
131,models/props/cs_office/sofa_chair.mdl,소파의자,312,26,,,60,1,4,2,1800,,,
132,models/props/cs_office/Table_coffee.mdl,테이블F,312,26,,,60,1,4,2,1800,,,
133,models/props/cs_office/trash_can.mdl,쓰레기통B,312,26,,,,0,7,1,900,,,
134,models/props/cs_office/TV_plasma.mdl,벽걸이텔레비전,312,26,,,,0,7,1,900,-4|0|0,-4|-4|0,4|4|16
135,models/props/cs_office/vending_machine.mdl,자판기,312,26,,,400,1,6,4,3600,,,
136,models/props/de_dust/grainbasket01a.mdl,곡식바구니C,312,26,,,,0,7,1,900,,,
137,models/props/de_dust/grainbasket01b.mdl,곡식바구니B,312,26,,,,0,7,1,900,,,
138,models/props/de_dust/grainbasket01c.mdl,곡식바구니A,312,26,,,,0,7,1,900,,-14|-14|0,14|14|6
139,models/props/de_inferno/bed.mdl,침대,312,26,,,,0,7,1,900,30|0|0,-16|-16|0,16|16|20
140,models/props/de_inferno/bench_concrete.mdl,석조벤치,312,26,,,,0,7,1,900,,,
142,models/props/de_inferno/chairantique.mdl,의자B,312,26,,,,0,7,1,900,,,
143,models/props/de_inferno/claypot02.mdl,도자기A,312,26,,,,0,7,1,900,,,
144,models/props/de_inferno/claypot03.mdl,화분F,312,26,,,,0,7,1,900,,-8|-8|0,8|8|24
145,models/props/de_inferno/confessional.mdl,고해소,312,26,,,,0,7,1,900,,,
146,models/props/de_inferno/crate_fruit_break.mdl,과일상자,312,26,,,110,1,4,2,1800,,,
147,models/props/de_inferno/flower_barrel.mdl,화분바구니,312,26,,,190,1,4,2,1800,,-14|-14|0,14|14|24
148,models/props/de_inferno/furnituredrawer001a.mdl,서랍장A,312,26,,,110,1,4,2,1800,,,
149,models/props/de_inferno/hay_bails.mdl,건초더미,312,26,,,30,1,4,2,1800,,,
150,models/props/de_inferno/largebush05.mdl,꽃A,312,26,,,,0,7,1,900,,,
151,models/props/de_inferno/laundrylineacross.mdl,빨래B,312,26,,,,0,7,1,900,,,
152,models/props/de_inferno/laundrylineflat.mdl,빨래A,312,26,,,,0,7,1,900,,,
153,models/props/de_inferno/light_streetlight.mdl,가로등B,312,26,,,,0,7,1,900,,,
154,models/props/de_inferno/pot_big.mdl,큰화분,312,26,,,380,1,5,3,2700,,,
155,models/props/de_inferno/potted_plant1.mdl,화분B,312,26,,,,0,7,1,900,,-6|-6|0,6|6|32
156,models/props/de_inferno/potted_plant2.mdl,화분A,312,26,,,,0,7,1,900,,-6|-6|0,6|6|32
157,models/props/de_inferno/potted_plant3.mdl,화분G,312,26,,,,0,7,1,900,,-6|-6|0,6|6|24
158,models/props/de_inferno/radiator01a.mdl,라디에이터,312,26,,,,0,7,1,900,,,
159,models/props/de_inferno/tableantique.mdl,테이블A,312,26,,,,0,7,1,900,,,
160,models/props/de_inferno/tree_small.mdl,나무C,312,26,,,,0,7,1,900,,,
161,models/props/de_inferno/tv_monitor01.mdl,텔레비전,312,26,,,,0,7,1,900,,,
162,models/props/de_inferno/wagon.mdl,우마차,312,26,,,,0,7,1,900,,,
163,models/props/de_inferno/wine_barrel.mdl,와인통,312,26,,,100,1,4,2,1800,,,
164,models/props/de_nuke/cinderblock_stack.mdl,벽돌묶음B,312,26,,,300,1,4,2,1800,,,
165,models/props/de_piranesi/pi_apc.mdl,장갑차,312,26,,,730,1,8,6,5400,,,
166,models/props/de_piranesi/pi_bench.mdl,벤치,312,26,,,,0,7,1,900,,,
167,models/props/de_prodigy/concretebags.mdl,콘크리트화물A,312,26,,,570,1,5,3,2700,,,
168,models/props/de_prodigy/concretebags2.mdl,콘크리트화물C,312,26,,,480,1,5,3,2700,,,
169,models/props/de_prodigy/concretebags4.mdl,콘크리트화물D,312,26,,,400,1,4,2,1800,,,
170,models/props/de_prodigy/prodcratesb.mdl,상자,312,26,,,300,1,5,3,2700,,,
171,models/props/de_prodigy/pushcart.mdl,카트A,312,26,,,,0,7,1,900,20|0|0,-16|-16|0,16|16|16
172,models/props/de_prodigy/spoolwire.mdl,와이어스풀,312,26,,,290,1,5,3,2700,,,
173,models/props/de_prodigy/tire1.mdl,타이어A,312,26,,,,0,7,1,900,,,
174,models/props/de_prodigy/tirestack.mdl,타이어화물,312,26,,,290,1,5,3,2700,,,
175,models/props/de_tides/patio_chair2.mdl,의자A,312,26,,,,0,7,1,900,,-12|-12|0,12|12|20
176,models/props/de_tides/vending_turtle.mdl,거북이인형,312,26,,,,0,7,1,900,,,
177,models/props/de_tides/vending_turtle_01.mdl,윙크하는거북이,312,26,,,,0,7,1,900,,,
178,models/props/de_tides/vending_turtle_02.mdl,꼬리없는거북이,312,26,,,,0,7,1,900,,,
179,models/props/de_tides/vending_turtle_03.mdl,하트무늬거북이,312,26,,,,0,7,1,900,,,
180,models/props/de_tides/vending_turtle_04.mdl,다리짧은거북이,312,26,,,,0,7,1,900,,,
181,models/props/de_tides/vending_turtle_05.mdl,껍질없는거북이,312,26,,,,0,7,1,900,,,
182,models/props/de_train/ACunit1.mdl,교류전동기A,312,26,,,,0,7,1,900,,,
183,models/props/de_train/ACunit2.mdl,교류전동기B,312,26,,,,0,7,1,900,,,
184,models/maps/cs_italy/cs_italy_cloth_tent01.mdl,텐트A,312,26,,,,0,7,1,900,,,
185,models/props/de_train/Pallet_Barrels.mdl,폐기물,312,26,,,300,1,5,3,2700,,,
186,models/props/de_train/Processor_NoBase.mdl,가공기,312,26,,,400,1,6,4,3600,,,
187,models/props/tuto/tuto_notebook.mdl,노트북,312,26,,,,0,7,1,900,,,
188,models/props_bc/street/bc_street_light02.mdl,가로등C,312,26,,,,0,7,1,900,,,
189,models/props_c17/BriefCase001a.mdl,가방,312,26,,,,0,7,1,900,,,
190,models/props_c17/concrete_barrier001a.mdl,콘크리트장벽,312,26,,,480,1,6,4,3600,,,
191,models/props_c17/fence02a.mdl,펜스A,312,26,,,290,1,6,4,3600,0|64|0,,
192,models/props_c17/fence02b.mdl,펜스B,312,26,,,150,1,5,3,2700,0|38|0,,
193,models/props_c17/FurnitureChair001a.mdl,의자D,312,26,,,,0,7,1,900,,,
194,models/props_c17/FurnitureTable001a.mdl,테이블B,312,26,,,,0,7,1,900,,-16|-16|0,16|16|36
195,models/props_c17/lamppost03a_off.mdl,가로등A,312,26,,,,0,7,1,900,,,
196,models/props_c17/oildrum001.mdl,기름통,312,26,,,60,1,4,2,1800,,,
197,models/props_c17/pottery02a.mdl,도자기C,312,26,,,,0,7,1,900,,,
198,models/props_c17/pottery03a.mdl,도자기D,312,26,,,,0,7,1,900,,,
199,models/props_c17/pottery09a.mdl,도자기B,312,26,,,,0,7,1,900,,,
200,models/maps/cs_italy/cs_italy_cheese_case01.mdl,치즈바구니,312,26,,,,0,7,1,900,,,
201,models/props_c17/streetsign005b.mdl,표지판G,312,26,,,,0,7,1,900,,,
202,models/props_c17/utilitypole01a.mdl,전봇대A,312,26,,,,0,7,1,900,0|0|-4,-6|-6|0,6|6|40
203,models/props_c17/woodbarrel001.mdl,나무통A,312,26,,,60,1,4,2,1800,,,
204,models/props_canal/winch02.mdl,권양기,312,26,,,,0,7,1,900,,,
206,models/props_equipment/snack_machine2.mdl,스낵자판기A,312,26,,,330,1,5,3,2700,,,
207,models/props_foliage/mall_tree_large01.mdl,나무C,312,26,,,,0,7,1,900,,,
208,models/props_foliage/tree_deciduous_01a.mdl,나무B,312,26,,,,0,7,1,900,,,
209,models/props_foliage/urban_balcony_planter02.mdl,화분I,312,26,,,,0,7,1,900,-8|0|0,-8|-8|0,8|8|12
210,models/props_foliage/urban_pot_fancy01.mdl,화분H,312,26,,,,0,7,1,900,,-8|-8|0,8|8|32
211,models/props_industrial/pallet01.mdl,파렛트,312,26,,,,0,7,1,900,,,
212,models/props_interiors/ac_wallunit.mdl,냉난방장치,312,26,,,,0,7,1,900,,-6|-6|0,6|6|16
213,models/props_interiors/bookcase_48_96.mdl,책장,312,26,,,,0,7,1,900,,,
214,models/props_interiors/books01.mdl,책,312,26,,,,0,7,1,900,0|4|0,-4|-4|0,4|4|10
215,models/props_interiors/chair_cafeteria.mdl,사무실의자B,312,26,,,,0,7,1,900,,,
216,models/props_interiors/chair01.mdl,의자E,312,26,,,,0,7,1,900,,-12|-12|0,12|12|20
217,models/props_interiors/chairlobby01.mdl,의자F,312,26,,,,0,7,1,900,,-14|-14|0,14|14|24
218,models/props_interiors/coffee_maker.mdl,커피머신,312,26,,,,0,7,1,900,,-5|-5|0,5|5|18
219,models/props_interiors/copymachine01.mdl,프린터,312,26,,,,0,7,1,900,,,
220,models/props_interiors/corkboardverticle01.mdl,코르크보드,312,26,,,,0,7,1,900,-2|0|0,-4|-4|0,4|4|40
221,models/props_interiors/dining_table_round.mdl,원형테이블,312,26,,,,0,7,1,900,,,
222,models/props_interiors/Furniture_Lamp01a.mdl,전등A,312,26,,,,0,7,1,900,,-6|-6|0,6|6|40
223,models/props_interiors/mounteddeerhead01_hide.mdl,사슴장식,312,26,,,,0,7,1,900,4|0|0,,
224,models/props_interiors/table_picnic.mdl,피크닉 테이블,312,26,,,,0,7,1,900,,,
225,models/props_interiors/trashcan01.mdl,쓰레기통F,312,26,,,,0,7,1,900,,-10|-10|0,10|10|40
226,models/props_interiors/water_cooler.mdl,정수기,312,26,,,,0,7,1,900,,,
227,models/props_interiors/waterbottle.mdl,정수기물통,312,26,,,,0,7,1,900,,,
228,models/props_junk/cardboard_box002a.mdl,박스D,312,26,,,60,1,4,2,1800,,,
229,models/props_junk/CinderBlock01a.mdl,벽돌,312,26,,,,0,7,1,900,,,
230,models/props_junk/garbage_carboard002a.mdl,박스종이,312,26,,,,0,7,1,900,,,
231,models/props_junk/garbage_coffeecup01a_fullsheet.mdl,커피컵,312,26,,,,0,7,1,900,,-4|-4|0,4|4|10
232,models/props_junk/garbage_coffeemug001a.mdl,커피잔,312,26,,,,0,7,1,900,,,
233,models/props_junk/garbage_glassbottle003a.mdl,유리병C,312,26,,,,0,7,1,900,,,
234,models/props_junk/garbage_milkcarton001a.mdl,우유병,312,26,,,,0,7,1,900,,,
235,models/props_junk/garbage_milkcarton002a.mdl,우유팩,312,26,,,,0,7,1,900,,,
236,models/props_junk/garbage_plasticbottle001a.mdl,병A,312,26,,,,0,7,1,900,,,
237,models/props_junk/garbage_plasticbottle003a.mdl,병B,312,26,,,,0,7,1,900,,,
238,models/props_junk/garbage_takeoutcarton001a.mdl,포장용기,312,26,,,,0,7,1,900,,,
239,models/props_junk/garbage128_composite001a.mdl,쓰레기A,312,26,,,,0,7,1,900,,,
240,models/props_junk/garbage128_composite001b.mdl,쓰레기B,312,26,,,,0,7,1,900,,,
241,models/props_junk/gascan001a.mdl,가스통A,312,26,,,,0,7,1,900,,,
242,models/props_junk/glassjug01.mdl,유리병A,312,26,,,,0,7,1,900,,,
243,models/props_junk/metal_paintcan001a.mdl,페인트통A,312,26,,,,0,7,1,900,,-5|-5|0,5|5|12
244,models/props_junk/MetalBucket01a.mdl,양동이,312,26,,,,0,7,1,900,,-8|-8|0,8|8|16
245,models/props_junk/petfoodbag01.mdl,개사료,312,26,,,,0,7,1,900,-8|0|0,-10|-10|0,10|10|36
246,models/props_junk/PlasticCrate01a.mdl,플라스틱상자,312,26,,,,0,7,1,900,,,
247,models/props_junk/Shoe001a.mdl,신발,312,26,,,,0,7,1,900,,-4|-4|0,4|4|10
248,models/props_junk/TrafficCone001a.mdl,도로 표지,312,26,,,,0,7,1,900,,-7|-7|0,7|7|24
249,models/props_junk/TrashBin01a.mdl,쓰레기통C,312,26,,,30,1,4,2,1800,,-10|-10|0,10|10|36
250,models/props_junk/TrashDumpster01a.mdl,쓰레기덤프스터,312,26,,,240,1,6,4,3600,,,
251,models/props_junk/watermelon01.mdl,수박,312,26,,,,0,7,1,900,,-4|-4|0,4|4|14
252,models/props_junk/Wheebarrow01a.mdl,손수레B,312,26,,,,0,7,1,900,,,
253,models/props_junk/wood_pallet001a.mdl,받침대,312,26,,,,0,7,1,900,,-16|-16|0,16|16|8
254,models/props_lab/harddrive02.mdl,컴퓨터A,312,26,,,,0,7,1,900,,,
255,models/props_lab/monitor02.mdl,모니터A,312,26,,,,0,7,1,900,,,
256,models/props_lab/powerbox01a.mdl,전원박스,312,26,,,,0,7,1,900,,,
257,models/props_pipes/Gutter_576_001a.mdl,파이프C,312,26,,,,0,7,1,900,,,
258,models/props_rooftop/roof_vent001.mdl,환기구A,312,26,,,,0,7,1,900,,,
259,models/props_rooftop/roof_vent004.mdl,환기구B,312,26,,,,0,7,1,900,,,
260,models/props_street/garbage_can.mdl,쓰레기통A,312,26,,,,0,7,1,900,,-12|-12|0,12|12|40
261,models/props_trainstation/bench_indoor001a.mdl,나무벤치,312,26,,,,0,7,1,900,,,
262,models/props_trainstation/trashcan_indoor001a.mdl,쓰레기통D,312,26,,,,0,7,1,900,,-10|-10|0,10|10|30
263,models/props_urban/ashtray_stand001.mdl,재떨이,312,26,,,,0,7,1,900,,,
264,models/props_urban/hotel_halfmoon_table001.mdl,테이블G,312,26,,,,0,7,1,900,8|0|0,-8|-8|0,8|8|32
265,models/props_urban/plastic_chair001.mdl,플라스틱의자,312,26,,,,0,7,1,900,,-10|-10|0,10|10|24
266,models/props_wasteland/controlroom_chair001a.mdl,의자C,312,26,,,,0,7,1,900,,,
267,models/props_wasteland/controlroom_desk001b.mdl,작업대,312,26,,,,0,7,1,900,,,
268,models/props_wasteland/controlroom_storagecloset001a.mdl,철제수납장B,312,26,,,290,1,6,4,3600,,,
269,models/props_wasteland/interior_fence003b.mdl,펜스C,312,26,,,150,1,5,3,2700,,,
270,models/maps/de_cornerwork/de_cornerwork_sign001.mdl,간판A,312,26,,,,0,7,1,900,,,
271,models/maps/de_cornerwork/de_cornerwork_sign002.mdl,간판B,312,26,,,,0,7,1,900,,,
272,models/maps/de_cornerwork/de_cornerwork_sign003.mdl,간판C,312,26,,,,0,7,1,900,,,
273,models/maps/de_cornerwork/de_cornerwork_sign004.mdl,간판D,312,26,,,,0,7,1,900,,,
274,models/maps/de_cornerwork/de_cornerwork_sign005.mdl,간판E,312,26,,,,0,7,1,900,,,
275,models/maps/de_cornerwork/de_cornerwork_sign006.mdl,간판F,312,26,,,,0,7,1,900,,,
276,models/maps/de_cornerwork/de_cornerwork_sign007.mdl,간판G,312,26,,,,0,7,1,900,,,
277,models/maps/de_cornerwork/de_cornerwork_sign008.mdl,간판H,312,26,,,,0,7,1,900,,,
278,models/maps/de_cornerwork/de_cornerwork_sign009.mdl,간판I,312,26,,,,0,7,1,900,,,
279,models/maps/de_cornerwork/de_cornerwork_sign010.mdl,간판J,312,26,,,,0,7,1,900,,,
280,models/props_bc/tree/bc_streettree_01a.mdl,나무E,312,26,,,,0,7,5,4500,,,
281,models/maps/de_highland/de_highland_altar01.mdl,제단,312,26,,,,0,7,1,900,,,
283,models/props_urban/gas_meter.mdl,가스측정기,312,26,,,,0,7,1,900,,,
284,models/props_trainstation/handrail_64decoration001a.mdl,난간,312,26,,,60,1,4,2,1800,,,
285,models/props/de_nuke/crate_small.mdl,나무상자,312,26,,,300,1,6,4,3600,,,
286,models/hide/hide_snowman001_bust.mdl,눈덩이,312,26,,,,0,7,1,900,,-8|-8|0,8|8|16
287,models/hide/hide_snowman001_head.mdl,눈사람 머리,312,26,,,,0,7,1,900,,-5|-5|0,5|5|14
288,models/hide/hide_snowman001_body.mdl,눈사람 몸,312,26,,,,0,7,1,900,,-10|-10|0,10|10|40
289,models/hide/hide_snowman001.mdl,눈사람,312,26,,,,0,7,1,900,,-10|-10|0,10|10|40
290,models/hide/hide_cs_office_xmas_tree_01.mdl,트리,312,26,,,,0,7,1,900,,,
291,models/hide/hide_cs_office_xmas_giftbox_01_g.mdl,선물상자A,312,26,,,,0,7,1,900,,,
292,models/hide/hide_cs_office_xmas_giftbox_01_b.mdl,선물상자B,312,26,,,,0,7,1,900,,,
293,models/hide/hide_cs_office_xmas_giftbox_01.mdl,선물꾸러미,312,26,,,,0,7,1,900,,,
294,models/props_fairgrounds/elephant.mdl,코끼리 인형,312,26,,,,0,7,1,900,,-8|-8|0,8|8|30
295,models/props_fairgrounds/alligator.mdl ,악어 인형,312,26,,,,0,7,1,900,,-6|-6|0,6|6|10
296,models/props_fairgrounds/giraffe.mdl,기린 인형,312,26,,,,0,7,1,900,,-8|-8|0,8|8|30
297,models/props_fairgrounds/snake.mdl,뱀 인형,312,26,,,,0,7,1,900,-24|0|0,,
298,models/maps/hs_studio/hs_lawnchair01.mdl,접이식 의자,312,26,,,,0,7,1,900,,,
299,models/props_urban/outhouse002.mdl,공중화장실,312,26,,,,0,7,1,900,,,
300,models/maps/hs_studio/hs_studio_camera01.mdl,카메라A,312,26,,,,0,7,1,900,,,
301,models/props_fairgrounds/anvil_case_casters_64.mdl,철제 박스,312,26,,,,0,7,1,900,,,
302,models/props_fairgrounds/bass_amp.mdl,앰프,312,26,,,,0,7,1,900,,,
303,models/maps/hs_studio/hs_lightstand04.mdl,조명 기구A,312,26,,,,0,7,1,900,,,
304,models/maps/hs_studio/hs_lightstand02.mdl,조명 기구B,312,26,,,,0,7,1,900,,,
305,models/maps/hs_studio/hs_lightstand05.mdl,조명 기구C,312,26,,,,0,7,1,900,,,
306,models/props_fairgrounds/six_lights.mdl,조명 기구D,312,26,,,,0,7,1,900,,-10|-10|0,10|10|16
307,models/props_office/vending_machine01.mdl,자판기B,312,26,,,330,1,5,3,2700,0|-16|0,,
308,models/props_junk/dumpster_2.mdl,쓰레기덤프스터B,312,26,,,330,1,6,4,3600,,,
309,models/props_interiors/sofa01.mdl,소파C,312,26,,,230,1,5,3,2700,,,
310,models/props_unique/airport/luggage4.mdl,여행가방,312,26,,,,0,7,1,900,,,
311,models/props/cs_office/microwave.mdl,전자레인지,312,26,,,,0,7,1,900,,,
312,models/props/CS_Militia/sawhorse.mdl,목재받침대,312,26,,,,0,7,1,900,,,
313,models/props/de_inferno/hay_bails.mdl,건초더미,312,26,,,80,1,4,2,1800,,,
314,models/props_misc/standing_tarp_narrow.mdl,천덮힌물건들,312,26,,,,0,7,1,900,32|0|0,-16|-16|0,16|16|32
315,models/props/de_dust/stoneblocks48.mdl,큰벽돌,312,26,,,380,1,5,3,2700,,,
316,models/props_urban/bench002.mdl,나무벤치B,312,26,,,,0,7,1,900,,,
317,models/props_interiors/coffee_table_rectangular.mdl,커피테이블,312,26,,,,0,7,1,900,,,
318,models/maps/cs_aquarium/cs_aquarium_stone_b_04-2.mdl,바위D,312,26,,,480,1,6,4,3600,,,
319,models/maps/cs_aquarium/cs_aquarium_stone_b_02-2.mdl,바위F,312,26,,,480,1,6,4,3600,,,
320,models/props_equipment/snack_machine.mdl,스낵자판기B,312,26,,,330,1,6,4,3600,,,
321,models/props_equipment/snack_machine.mdl,스낵자판기B,312,26,,,,0,6,4,3600,,,
322,models/props_unique/atm01.mdl,현금자동지급기,312,26,,,,0,7,1,900,,,
323,models/props_urban/hotel_chair001.mdl,호텔 의자,312,26,,,,0,7,1,900,,,
324,models/props_unique/coffeemachine01.mdl,커피머신B,312,26,,,,0,7,1,900,,,
325,models/props_unique/coffeemachine01.mdl,커피머신B,312,26,,,,0,7,1,900,,,
326,models/props_mall/mall_bench.mdl,나무벤치C,312,26,,,,0,7,1,900,,,
327,models/props_mall/mall_bench.mdl,나무벤치C,312,26,,,,0,7,1,900,,,
328,models/maps/hs_aqua/hs_aqua_fish01.mdl,인조물고기A,312,26,,,,0,7,1,900,,,
329,models/maps/hs_aqua/hs_aqua_fish02.mdl,인조물고기B,312,26,,,,0,7,1,900,,,
330,models/maps/hs_aqua/hs_aqua_fish03.mdl,인조물고기C,312,26,,,,0,7,1,900,,,
331,models/maps/hs_aqua/hs_aqua_fish04.mdl,인조물고기D,312,26,,,,0,7,1,900,,,
332,models/maps/hs_aqua/hs_aqua_fish05.mdl,인조물고기E,312,26,,,,0,7,1,900,,,
333,models/maps/hs_aqua/hs_aqua_fish01a.mdl,물고기와이어A,312,26,,,,0,7,1,900,,,
334,models/maps/hs_aqua/hs_aqua_fish02a.mdl,물고기와이어B,312,26,,,,0,7,1,900,,,
335,models/maps/hs_aqua/hs_aqua_fish03a.mdl,물고기와이어C,312,26,,,,0,7,1,900,,,
336,models/maps/hs_aqua/hs_aqua_fish04a.mdl,물고기와이어D,312,26,,,,0,7,1,900,,,
337,models/maps/hs_aqua/hs_aqua_fish05b.mdl,물고기와이어E,312,26,,,,0,7,1,900,,,
338,models/props_interiors/trashcankitchen01.mdl,쓰레기통G,312,26,,,,0,7,1,900,,,
339,models/props_urban/bench001.mdl,나무벤치,312,26,,,,0,7,1,900,,,
340,models/props/cs_italy/it_streetlampleg.mdl,램프받침,312,26,,,,0,7,1,900,,,
341,models/props_fairgrounds/milk_bottle.mdl,우유병,312,26,,,,0,7,1,900,,,
342,models/props_interiors/table_kitchen.mdl,사용않음,312,26,,,,0,7,1,900,,,
343,models/props_foliage/flower_barrel.mdl,화분,312,26,,,,0,7,1,900,,,
344,models/props_equipment/cooler.mdl,냉장고,312,26,,,,0,7,1,900,,,
345,models/props_downtown/metal_door_112.mdl,철제문,312,26,,,,0,7,1,900,,,
346,models/props_rooftop/train_signalbox_01.mdl,신호소,312,26,,,,0,7,1,900,,,
347,models/props_furniture/cafe_barstool1.mdl,원형의자,312,26,,,,0,7,1,900,,,
348,models/props_interiors/table_kitchen.mdl,사용않음,312,26,,,,0,7,1,900,,,
349,models/props_interiors/table_folding.mdl,접이식책상,312,26,,,,0,7,1,900,,,
350,models/props_interiors/refrigerator_industrial01.mdl,대형냉장고,312,26,,,,0,7,1,900,,,
351,models/props_urban/plastic_flamingo001.mdl,모형홍학,312,26,,,,0,7,1,900,,,
352,models/props_junk/wood_crate001a.mdl,나무상자,312,26,,,,0,7,1,900,,,
353,models/props_fairgrounds/metal_cart2.mdl,운반카트,312,26,,,,0,7,1,900,,,
354,models/props_equipment/phone_booth.mdl,전화부스,312,26,,,,0,7,1,900,,,
355,models/props_rooftop/acunit01.mdl,실외기,312,26,,,,0,7,1,900,,,
356,models/props_bc/street/bc_street_light04.mdl,가로등,312,26,,,,0,7,1,900,,,
357,models/props_c17/canister02a.mdl,가스통A,312,26,,,,0,7,1,900,,,
358,models/props_c17/canister_propane01a.mdl,가스통B,312,26,,,,0,7,1,900,,,
359,models/props_interiors/stove03_industrial.mdl,스토브,312,26,,,,0,7,1,900,,,
360,models/props_equipment/fountain_drinks.mdl,음료자판기,312,26,,,,0,7,1,900,,,
361,models/props_c17/cashregister01a.mdl,금전등록기,312,26,,,,0,7,1,900,,,
362,models/props_interiors/bbq_grill.mdl,바베큐그릴,312,26,,,,0,7,1,900,,,
363,models/props_signs/sign_street_05.mdl,나무간판,312,26,,,,0,7,1,900,,,
364,models/maps/de_dust2/de_dust2_box02.mdl,큰나무상자,312,26,,,,0,7,5,4500,,,
365,models/maps/de_dust2/de_dust2_box01.mdl,무기박스C,312,26,,,,0,6,4,3600,,,
367,models/props_vehicles/car002b.mdl,폐차A,312,26,,,480,1,5,3,2700,16|4|0,,
368,models/props_vehicles/car003b.mdl,폐차B,312,26,,,480,1,5,3,2700,16|-2|0,,
369,models/props_vehicles/car004a.mdl,폐차C,312,26,,,480,1,5,3,2700,16|2|0,,
370,models/props/de_dust/stoneblock01a.mdl,벽돌더미,312,26,,,480,1,5,3,2700,,,
371,models/props/de_tides/Vending_tshirt.mdl,티셔츠,312,26,,,,0,7,1,900,,,
372,models/props/de_tides/Vending_hat.mdl,캡모자,312,26,,,,0,7,1,900,,,
373,models/props/de_tides/Vending_cart01.mdl,카트B,312,26,,,,0,7,1,900,,,
374,models/props/de_tides/menu_stand.mdl,메뉴판,312,26,,,,0,7,1,900,,,
375,models/props/de_tides/tides_banner_A.mdl,현수막,312,26,,,,0,7,1,900,,,
376,models/props/de_tides/tides_flag_A.mdl,깃발,312,26,,,,0,7,1,900,0|86|0,,
377,models/props_wasteland/barricade001a.mdl,바리케이드,312,26,,,,0,7,1,900,,,
378,models/props/de_tides/gate_low.mdl,철문,312,26,,,,0,7,1,900,,,
379,models/props_trainstation/BenchOutdoor01a.mdl,나무벤치D,312,26,,,,0,7,1,900,,,
380,models/props/de_tides/planter.mdl,화분J,312,26,,,,0,7,1,900,,,
381,models/props_foliage/urban_tree_giant02_small.mdl,나무F,312,26,,,,0,7,1,900,,,
382,models/props/de_tides/de_tides_sign01.mdl,작은간판A,312,26,,,,0,7,1,900,,,
383,models/props/de_tides/de_tides_sign02.mdl,작은간판B,312,26,,,,0,7,1,900,,,
384,models/props_fortifications/orange_cone001_clientside.mdl,도로 표지B,312,26,,,,0,7,1,900,,,
385,models/props_street/trashbin01.mdl,쓰레기통H,312,26,,,,0,7,1,900,,-10|-10|0,10|10|36
386,models/maps/de_vantage/de_vantage_streetpalm02.mdl,야자수A,312,26,,,,0,7,1,900,,,
388,models/props/cs_assault/camera.mdl,감시카메라,312,26,,,,0,7,1,900,0|-16|32,-16|-16|0,16|16|40
389,models/props_foliage/urban_pot_clay01.mdl,화분K,312,26,,,,0,7,1,900,,-8|-8|0,8|8|20
390,models/props/cs_assault/wall_wires2.mdl,전기배선,312,26,,,,0,7,1,900,,,
391,models/maps/cs_estate/cs_estate_parasol01.mdl,파라솔B,312,26,,,,0,7,1,900,,,
392,models/maps/cs_estate/cs_estate_sunbed01.mdl,선베드,312,26,,,,0,7,1,900,32|0|0,,
393,models/maps/cs_estate/cs_estate_sunbed01a.mdl,쿠션,312,26,,,,0,7,1,900,,,
394,models/maps/cs_estate/cs_estate_cabinet01.mdl,캐비닛E,312,26,,,,0,7,1,900,-12|0|0,-12|-12|0,12|12|40
395,models/maps/cs_estate/cs_estate_statue03.mdl,조각상B,312,26,,,,0,7,1,900,,-10|-10|0,10|10|20
396,models/props_foliage/urban_pot_bigplant01.mdl,화분L,312,26,,,,0,7,1,900,,-8|-8|0,8|8|32
397,models/props_interiors/bookcase_64_96.mdl,책장B,312,26,,,,0,7,1,900,,,
398,models/prop/junk/book04.mdl,책B,312,26,,,,0,7,1,900,,,
399,models/maps/cs_estate/cs_estate_chair01a.mdl,의자G,312,26,,,,0,7,1,900,8|0|0,-10|-10|0,10|10|30
400,models/maps/cs_estate/cs_estate_chair01b.mdl,의자H,312,26,,,,0,7,1,900,,,
401,models/maps/cs_estate/cs_estate_chair02.mdl,의자I,312,26,,,,0,7,1,900,,,
402,models/maps/cs_estate/cs_estate_statue01.mdl,조각상A,312,26,,,,0,7,1,900,,,
403,models/props/de_inferno/claypot01.mdl,도자기E,312,26,,,,0,7,1,900,,-10|-10|0,10|10|40
404,models/maps/cs_estate/cs_estate_server01.mdl,서버,312,26,,,,0,7,1,900,,,
405,models/maps/cs_estate/cs_estate_bathtub01.mdl,욕조,312,26,,,,0,7,1,900,-32|0|0,,
406,models/maps/hs_studio/hs_lightstand03.mdl,조명 기구D,312,26,,,,0,7,1,900,,,
407,models/props_office/computer_monitor_01.mdl,LCD 모니터,312,26,,,,0,7,1,900,,,
408,models/props/cs_office/coffee_mug.mdl,머그컵,312,26,,,,0,7,1,900,,-4|-4|0,4|4|10
409,models/props_junk/cardboard_box001a.mdl,종이상자,312,26,,,,0,7,1,900,,,
500,models/player/ct_gign/ct_gign.mdl ,장피에르,312,26,,,,0,7,1,900,,,
501,models/player/ct_sas/ct_sas.mdl ,라이언,312,26,,,,0,7,1,900,,,
502,models/maps/hs_italy2/hs_italy2_crate01.mdl,과일박스,312,26,,,,0,7,1,900,,,
503,models/props_vehicles/carparts_axel01a.mdl,차부품A,312,26,,,,0,7,1,900,,,
504,models/props_vehicles/carparts_muffler01a.mdl,차부품B,312,26,,,,0,7,1,900,-10|4|0,-8|-8|0,8|8|6
505,models/zombie/normal/zombie_normal.mdl ,좀비,312,26,,,,0,7,1,900,,,
506,models/zombie/lighthost/zombie_lighthost.mdl ,귀신,312,26,,,,0,7,1,900,,,
507,models/player/nt_pig/nt_bluepig.mdl ,돼지,312,26,,,,0,7,1,900,,,
508,models/npc/hospital/npc_hospital.mdl ,인질,312,26,,,,0,7,1,900,,,
509,models/npc/npc_ghost/npc_ghost01.mdl ,유령,312,26,,,,0,7,1,900,,,
510,models/hide/hide_mobileturret.mdl,터렛,312,26,,,,0,7,1,900,,,
511,models/props/de_port/cargo_container01.mdl ,컨테이너A,312,26,,,,0,7,1,900,,,
512,models/props_unique/wheelchair01.mdl ,휠체어,312,26,,,,0,7,1,900,,,
514,models/props_fairgrounds/swan_boat.mdl ,백조보트,312,26,,,,0,7,1,900,,-16|-16|0,16|16|16
515,models/maps/de_inferno/de_inferno_lionfountain01.mdl,사자분수대,312,26,,,,0,7,1,900,-10|0|0,-16|-16|0,16|16|40
516,models/props/cs_assault/MoneyPallet02.mdl,현금다발A,312,26,,,,0,7,1,900,,,
517,models/props/cs_assault/MoneyPallet_WasherDryer.mdl,화물상자더미,312,26,,,,0,7,1,900,,,
518,models/props/cs_assault/MoneyPallet03.mdl,현금다발B,312,26,,,,0,7,1,900,,,
519,models/hide/hide_monkey.mdl,원숭이인형,312,26,,,,0,7,1,900,,,
520,models/hide/hide_helucketbag.mdl,복주머니,312,26,,,,0,7,1,900,,,
521,models/hide/hide_bc_bus01.mdl,귀성버스,312,26,,,,0,7,1,900,,,
522,models/hide/hide_bc_car01.mdl,귀성차량,312,26,,,,0,7,1,900,,,
523,models/hide/hide_zd_van01.mdl,귀성밴,312,26,,,,0,7,1,900,,,
524,models/hide/hide_bc_taxi01.mdl,귀성택시,312,26,,,,0,7,1,900,,,
525,models/hide/hide_jeep.mdl,귀성지프,312,26,,,,0,7,1,900,,,
526,models/hide/hide_bc_polcar01.mdl,경찰차,312,26,,,,0,7,1,900,,,
527,models/hide/hide_robothead.mdl,로봇머리,312,26,,,,0,7,1,900,,,
528,models/hide/hide_robotleg.mdl,로봇다리,312,26,,,,0,7,1,900,,,
529,models/hide/hide_robotarm_l.mdl,로봇팔,312,26,,,,0,7,1,900,,,
530,models/hide/hide_robotarm_r.mdl,로봇팔,312,26,,,,0,7,1,900,,,
531,models/hide/hide_brokenheart.mdl,반쪽하트,312,26,,,,0,7,1,900,,,
532,model/hide/hide_santa.mdl,산타클로스키,312,26,,,,0,7,1,900,,,
533,model/hide/hide_rudolph.mdl,루돌프냐,312,26,,,,0,7,1,900,,,
1001,models/hide/ActionProp/hide_securityguard.mdl,보디가드,312,26,Hide.ActionProp.SecurityGuard.Act01,,,0,7,1,900,,,
1002,models/hide/ActionProp/hide_horse.mdl,동상A,312,26,Hide.ActionProp.Horse,,,0,7,1,900,,,
1003,models/hide/ActionProp/hide_phone.mdl,전화기B,312,26,Hide.ActionProp.Phone,,,0,7,1,900,,,
1004,models/hide/ActionProp/hide_italytree.mdl,나무A,312,26,Hide.ActionProp.ItalyTree,,,0,7,1,900,,,
1005,models/hide/ActionProp/hide_vending_turtle.mdl,거북이인형,312,26,Hide.ActionProp.VendingTurtle,,,0,7,1,900,,,
1006,models/hide/ActionProp/hide_fire_extinguisher.mdl,소화기,312,26,Hide.ActionProp.FireExtinguisher,,,0,7,1,900,-4|0|0,-4|-4|0,4|4|24
1007,models/hide/ActionProp/hide_toilet.mdl,변기통,312,26,Hide.ActionProp.Toilet,,,0,7,1,900,,,
1008,models/hide/ActionProp/hide_file_cabinet_01.mdl,캐비닛D,312,26,Hide.ActionProp.FileCabinet,,,0,7,1,900,,,
1009,models/hide/ActionProp/hide_oildrum001.mdl,기름통,312,26,Hide.ActionProp.OilDrum,,,0,7,1,900,,,
1010,models/hide/ActionProp/hide_vending_machine.mdl,자판기,312,26,Hide.ActionProp.VendingMachine,,,0,7,1,900,,,
10100,models/props_unique/atm01.mdl,atm,312,52,,1000,200,0,7,1,900,,,
10101,models/props_unique/airport/temp_barricade.mdl,대형 바리케이드,312,26,,1000,250,0,7,1,900,,,
10102,models/props_interiors/washer.mdl,세척기,312,52,,1000,250,0,7,1,900,,,
10103,models/props_junk/dumpster_2.mdl,덤프,312,52,,1000,300,0,7,1,900,,,
10104,models/props/de_nuke/crate_extrasmall.mdl,대형박스,312,52,,1000,300,0,7,1,900,,,
10105,models/props_interiors/refrigerator03.mdl,소형냉장고,312,52,,1000,250,0,7,1,900,,,
10106,models/maps/de_headquarter/de_headquarter_box01.mdl,철박스,312,52,,1000,400,0,7,1,900,,,
10107,models/maps/de_headquarter/de_headquarter_box02.mdl,철박스,312,52,,1000,600,0,7,1,900,,,
11000,models/prop/debri/icerock01_dbr_01.mdl,바위A,312,26,,1000,1000,0,7,1,900,,,
11001,models/prop/debri/icerock01_dbr_02.mdl,바위B,312,26,,1000,1000,0,7,1,900,,,
11002,models/prop/debri/icerock01_dbr_03.mdl,바위C,312,26,,1000,1000,0,7,1,900,,,
11003,models/props_waterfront/stair_straight_80.mdl,계단,312,26,,1000,1000,0,7,1,900,,,
11004,models/props_interiors/refrigerator_industrial01.mdl,대형냉장고,312,26,,1000,700,0,7,1,900,,,
11005,models/props/de_piranesi/pi_apc.mdl,장갑차,312,52,,1000,1000,0,7,1,900,,,
11006,models/props_fairgrounds/foodcart.mdl,푸드트럭,312,52,,1000,1000,0,7,1,900,,,
11007,models/props_vehicles/airport_baggage_cart2.mdl,대형카트,312,52,,1000,1000,0,7,1,900,,,
11008,models/props_equipment/cargo_container02.mdl,컨테이너,312,52,,1000,3000,0,7,1,900,,,
20000,models/hide/hide_horse_small.mdl ,작은 동상A,312,52,,1000,3000,0,7,1,900,,,
20001,models/hide/hide_statue01_small.mdl ,작은 동상B,312,52,,1000,3000,0,7,1,900,,,
20002,models/hide/hide_vending_turtle_big.mdl,큰 거북이인형,312,52,,1000,3000,0,7,1,900,,,
20003,models/hide/hide_pi_apc_small.mdl,작은 장갑차,312,52,,1000,3000,0,7,1,900,,,
20004,models/hide/hide_forklift_small.mdl,작은 지게차,312,52,,1000,3000,0,7,1,900,0|4|0,,
20005,models/hide/hide_shoe001a_big.mdl,큰 신발,312,52,,1000,3000,0,7,1,900,0|-3|0,,
20006,models/hide/hide_radio_big.mdl,큰 라디오,312,52,,1000,3000,0,7,1,900,,,
20007,models/hide/hide_garbage_coffeecup01a_fullsheet_big.mdl,큰 커피컵,312,52,,1000,3000,0,7,1,900,,-6|-6|0,6|6|28
20008,models/hide/hide_glassjug01_big.mdl,큰 유리병A,312,52,,1000,3000,0,7,1,900,,,
20009,models/hide/hide_bottle02_big.mdl,큰 유리병B,312,52,,1000,3000,0,7,1,900,,,
20010,models/hide/hide_huladoll.mdl,훌라인형,312,52,,1000,3000,0,7,1,900,,,
20011,models/hide/hide_militiarock01.mdl,작은바위A,312,52,,1000,3000,0,7,1,900,,,
20012,models/hide/hide_militiarock02.mdl,작은바위B,312,52,,1000,3000,0,7,1,900,,,
20013,models/hide/hide_militiarock03.mdl,작은바위C,312,52,,1000,3000,0,7,1,900,,,
20014,models/hide/hide_dung.mdl,응가,312,52,,1000,3000,0,7,1,900,,,
20015,models/hide/hide_dung_pink.mdl ,핑크응가,312,52,,1000,3000,0,7,1,900,,,
20016,models/hide/hide_cs_office_xmas_giftbox_01_c.mdl,선물상자C,312,52,,1000,3000,0,7,1,900,,-5|-5|0,5|5|10
20017,models/hide/hide_cs_office_xmas_giftbox_01_d.mdl,선물상자D,312,52,,1000,3000,0,7,1,900,,-5|-5|0,5|5|10
20018,models/hide/hide_cs_office_xmas_giftbox_01_e.mdl,선물상자E,312,52,,1000,3000,0,7,1,900,,-5|-5|0,5|5|10
20019,models/hide/hide_cs_office_xmas_giftbox_01_f.mdl,선물상자F,312,52,,1000,3000,0,7,1,900,,,
20020,models/hide/hide_cs_office_xmas_tree_01_big.mdl ,대형트리,312,52,,1000,3000,0,7,1,900,,,
20021,models/hide/hide_snowman001_big.mdl,대형눈사람,312,52,,1000,3000,0,7,1,900,,,
20022,models/props_c17/light_floodlight02_off.mdl,조명기,312,52,,1000,3000,0,7,1,900,,,
20023,models/props_interiors/chair_office2.mdl,사무용의자,312,52,,1000,3000,0,7,1,900,4|0|0,-8|-8|0,8|8|20
20024,models/props_industrial/pallet_barrels_water01_single.mdl,폐기물드럼통,312,52,,1000,3000,0,7,1,900,,,
20025,models/props/de_prodigy/tirestack3.mdl,타이어화물B,312,52,,1000,3000,0,7,1,900,,,
20026,models/props/de_prodigy/wood_pallet_01.mdl,화물받침대,312,52,,1000,3000,0,7,1,900,,,
20027,models/props_crates/static_crate_40.mdl,운송상자,312,52,,1000,3000,0,7,1,900,,,
20028,models/maps/tuto/tuto_aircon_01.mdl,에이콘실외기A,312,52,,1000,3000,0,7,1,900,,,
20029,models/maps/tuto/tuto_aircon_02.mdl,에이콘실외기B,312,52,,1000,3000,0,7,1,900,,,
20030,models/props/de_prodigy/spool.mdl,케이블스풀,312,52,,1000,3000,0,7,1,900,,,
20031,models/props_junk/plasticbucket001a.mdl,플라스틱양동이,312,52,,1000,3000,0,7,1,900,,-8|-8|0,8|8|20
20033,models/hide/hide_coffee_mug_big.mdl,큰 머그컵,312,52,,1000,3000,0,7,1,900,,,
