//리소스 이름 ,// 무기 클래스 ,// 변종,// 표시이름,// 바디그룹,// 스킨,// 서브타입(코드분기용),// 서브타입,// UI카테고리,//등급,// 데미지,// 정확도,// 반동,// 연사력(Rate Of Fire),// 무게,// 안정성,// 탄창 당 총알 수 ,// 지급 총알 수
resname,class,variation,name,bodygroup,skin,subtype,SubType,ui.Category,ui.grade,ui.Damage,ui.Accuracy,ui.Recoil,ui.ROF,ui.Weight,ui.Stability,AmmoClip,AmmoMax
glock18,weapon_glock,default,#CSO2_ITEM_NAME_Glock18,,,,0,Pistol,L,22,67,100,86,85,70,20,120
usp45,weapon_usp,default,#CSO2_ITEM_NAME_USP,,,,0,Pistol,L,30,72,70,85,85,80,12,100
p228,weapon_p228,default,#CSO2_ITEM_NAME_P228,,,,0,Pistol,L,33,90,70,84,85,75,13,52
deserteagle,weapon_deagle,default,#CSO2_ITEM_NAME_DesertEagle,,,,0,Pistol,L,47,45,70,81,85,40,7,35
fiveseven,weapon_fiveseven,default,#CSO2_ITEM_NAME_FiveSeven,,,,0,Pistol,L,22,62,70,86,85,70,20,100
elites,weapon_elite,default,#CSO2_ITEM_NAME_Elites,,,,0,Pistol,L,28,68,70,87,85,60,30,120
anaconda,weapon_anaconda,default,#CSO2_ITEM_NAME_ANACONDA,,,,0,Pistol,N,42,44,71,86,85,45,6,36
m3,weapon_m3,default,#CSO2_ITEM_NAME_m3,,,,0,Shotgun,L,78,100,40,54,76,40,8,32
xm1014,weapon_xm1014,default,#CSO2_ITEM_NAME_xm1014,,,,0,Shotgun,L,52,100,48,76,81,45,7,32
mac10,weapon_mac10,default,#CSO2_ITEM_NAME_MAC10,,,,0,Submachinegun,L,25,72,81,92,85,85,30,100
tmp,weapon_tmp,default,#CSO2_ITEM_NAME_Tmp,,,,0,Submachinegun,L,17,73,83,92,85,90,30,120
mp5,weapon_mp5navy,default,#CSO2_ITEM_NAME_MP5,,,,0,Submachinegun,L,23,79,92,92,85,80,30,120
ump45,weapon_ump45,default,#CSO2_ITEM_NAME_UMP45,,,,0,Submachinegun,L,26,75,91,90,85,84,25,100
p90,weapon_p90,default,#CSO2_ITEM_NAME_P90,,,,0,Submachinegun,L,18,68,91,92,83,89,50,100
galil,weapon_galil,default,#CSO2_ITEM_NAME_Galil,,,,0,AssaultRifle,L,26,77,82,91,70,69,35,90
famas,weapon_famas,default,#CSO2_ITEM_NAME_Famas,,,,0,AssaultRifle,L,26,90,82,88,73,90,25,90
ak47,weapon_ak47,default,#CSO2_ITEM_NAME_AK47,,,,0,AssaultRifle,L,31,83,79,91,72,55,30,90
ak47,weapon_ak47,gold,#CSO2_ITEM_NAME_AK47_gold,,,,0,AssaultRifle,S,31,83,79,91,72,55,30,90
ak47,weapon_ak47,old,#CSO2_ITEM_NAME_AK47_old,,,,0,AssaultRifle,A,31,83,79,91,72,55,30,90
m4a1,weapon_m4a1,default,#CSO2_ITEM_NAME_M4A1,,,,0,AssaultRifle,L,29,88,92,91,76,88,30,90
m4a1,weapon_m4a1,gold,#CSO2_ITEM_NAME_M4A1_gold,,,,0,AssaultRifle,S,29,88,92,91,76,88,30,90
m4a1,weapon_m4a1,tan,#CSO2_ITEM_NAME_M4A1_tan,,,,0,AssaultRifle,A,29,88,92,91,76,88,30,90
aek971,weapon_aek971,default,#CSO2_ITEM_NAME_aek971,,,,0,AssaultRifle,L,30,85,81,91,72,57,30,90
scarl,weapon_scarl,default,#CSO2_ITEM_NAME_scarl,,,,0,AssaultRifle,L,29,89,90,91,76,87,30,90
ak12,weapon_ak12,default,#CSO2_ITEM_NAME_ak12,,,,0,AssaultRifle,L,30,86,83,91,73,60,30,90
acr,weapon_acr,default,#CSO2_ITEM_NAME_acr,,,,0,AssaultRifle,L,29,90,91,91,75,88,30,90
sg552,weapon_sg552,default,#CSO2_ITEM_NAME_SG552,,,,0,AssaultRifle,L,29,90,82,91,78,78,30,90
aug,weapon_aug,default,#CSO2_ITEM_NAME_Aug,,,,0,AssaultRifle,L,28,90,82,91,81,68,30,90
scout,weapon_scout,default,#CSO2_ITEM_NAME_Scout,,,,0,SniperRifle,L,65,88,70,36,90,60,10,90
awp,weapon_awp,default,#CSO2_ITEM_NAME_AWP,,,,0,SniperRifle,L,100,100,70,26,67,50,10,30
awp,weapon_awp,cupid,#CSO2_ITEM_NAME_cupidawp,,,,0,SniperRifle,A,100,100,70,26,67,50,10,30
awp,weapon_awp,tan,#CSO2_ITEM_NAME_awp_tan,,,,0,SniperRifle,A,100,100,70,26,67,50,10,30
g3sg1,weapon_g3sg1,default,#CSO2_ITEM_NAME_G3SG1,,,,0,SniperRifle,L,70,55,72,83,67,55,20,90
sg550,weapon_sg550,default,#CSO2_ITEM_NAME_SG550,,,,0,SniperRifle,L,61,62,76,83,67,50,30,90
m249,weapon_m249,default,#CSO2_ITEM_NAME_M249,,,,0,Machinegun,L,28,78,79,90,71,78,100,200
mp7,weapon_mp7,default,#CSO2_ITEM_NAME_MP7,,,,0,Submachinegun,L,25,74,90,92,85,80,40,120
striker12,weapon_striker12,default,#CSO2_ITEM_NAME_striker12,,,,0,Shotgun,L,52,100,48,68,81,45,12,36
fal,weapon_fal,default,#CSO2_ITEM_NAME_fal,,,,0,AssaultRifle,L,31,76,77,91,70,50,20,100
fnc,weapon_fnc,default,#CSO2_ITEM_NAME_FNC,,,,0,AssaultRifle,L,29,85,88,91,70,79,30,90
f2000,weapon_f2000,default,#CSO2_ITEM_NAME_f2000,,,,0,AssaultRifle,L,29,87,90,91,74,88,30,90
scarh,weapon_scarh,default,#CSO2_ITEM_NAME_scarH,,,,0,AssaultRifle,L,31,85,82,91,76,76,20,100
dr200,weapon_dr200,default,#CSO2_ITEM_NAME_dr200,,,,0,AssaultRifle,N,28,80,86,91,70,72,30,90
waltherpp,weapon_waltherpp,default,#CSO2_ITEM_NAME_waltherpp,,,,0,Pistol,N,23,92,32,61,76,80,7,84
m60,weapon_m60,default,#CSO2_ITEM_NAME_m60,,,,0,Machinegun,L,32,79,79,89,70,80,100,200
mx4,weapon_mx4,default,#CSO2_ITEM_NAME_mx4,,,,0,Submachinegun,L,24,79,94,92,85,82,30,120
rpg7,weapon_rpg7,default,#CSO2_ITEM_NAME_rpg7,,,,0,,L,0,0,0,0,0,0,0,0
krisssuperv,weapon_krisssuperv,default,#CSO2_ITEM_NAME_kriss_superv,,,,0,Submachinegun,L,28,76,92,91,85,86,25,100
mount_mg,weapon_mount_mg,default,#CSO2_ITEM_NAME_mount_mg,,,,0,,L,0,0,0,0,0,0,0,0
mount_cannon,weapon_mount_cannon,default,#CSO2_ITEM_NAME_mount_canon,,,,0,,L,0,0,0,0,0,0,0,0
ar57,weapon_ar57,default,#CSO2_ITEM_NAME_ar57,,,,0,Submachinegun,L,18,70,93,92,83,91,50,100
t65,weapon_t65,default,#CSO2_ITEM_NAME_T65,,,,0,AssaultRifle,L,29,83,88,91,70,78,30,90
t86,weapon_t86,default,#CSO2_ITEM_NAME_T86,,,,0,AssaultRifle,L,26,89,82,90,70,88,30,90
m870,weapon_m870,default,#CSO2_ITEM_NAME_m870,,,,0,Shotgun,N,80,100,40,62,76,40,8,32
pkm,weapon_pkm,default,#CSO2_ITEM_NAME_pkm,,,,0,Machinegun,N,33,81,70,87,68,80,120,200
k5,weapon_k5,default,#CSO2_ITEM_NAME_k5,,,,0,Pistol,L,34,93,70,83,85,75,13,120
k1,weapon_k1,default,#CSO2_ITEM_NAME_k1,,,,0,Submachinegun,L,29,70,85,90,85,70,20,90
dbarrel,weapon_dbarrel,default,#CSO2_ITEM_NAME_dbarrel,,,,0,Shotgun,L,86,100,33,17,80,37,2,36
g3ka4,weapon_g3ka4,default,#CSO2_ITEM_NAME_g3ka4,,,,0,AssaultRifle,L,31,78,81,92,73,55,20,100
g36k,weapon_g36k,default,#CSO2_ITEM_NAME_g36k,,,,0,AssaultRifle,L,29,84,83,91,75,81,30,90
mg3,weapon_mg3,default,#CSO2_ITEM_NAME_mg3,,,,0,Machinegun,L,30,60,74,95,68,72,150,200
trg42,weapon_trg42,default,#CSO2_ITEM_NAME_TRG42,,,,0,SniperRifle,L,100,100,70,24,70,50,10,30
pkmfire,weapon_pkmfire,default,#CSO2_ITEM_NAME_pkmfire,,,,0,Machinegun,N,33,81,70,87,68,80,120,200
k2c,weapon_k2c,default,#CSO2_ITEM_NAME_k2c,,,,0,AssaultRifle,L,28,91,88,89,80,68,30,90
mk23,weapon_mk23,default,#CSO2_ITEM_NAME_MK23,,,,0,Pistol,L,30,78,70,90,85,80,12,100
m4a1flash,weapon_m4a1flash,default,#CSO2_ITEM_NAME_M4A1FLASH,,,,0,AssaultRifle,SS,29,88,92,91,76,88,30,90
ak47flash,weapon_ak47flash,default,#CSO2_ITEM_NAME_AK47FLASH,,,,0,AssaultRifle,SS,31,83,79,91,72,55,30,90
qsz92,weapon_qsz92,default,#CSO2_ITEM_NAME_qsz92,,,,0,Pistol,L,34,93,70,83,85,75,20,100
qbs09,weapon_qbs09,default,#CSO2_ITEM_NAME_qbs09,,,,0,Shotgun,L,52,100,48,76,81,45,5,32
m1903a3,weapon_m1903a3,default,#CSO2_ITEM_NAME_m1903a3,,,,0,AssaultRifle,L,65,95,70,40,71,80,5,100
m1garand,weapon_m1garand,default,#CSO2_ITEM_NAME_M1GARAND,,,,0,AssaultRifle,L,60,92,70,55,71,70,8,100
msbs,weapon_msbs,default,#CSO2_ITEM_NAME_MSBS,,,,0,AssaultRifle,L,29,90,82,91,78,78,30,90
csls06,weapon_csls06,default,#CSO2_ITEM_NAME_csls06,,,,0,Submachinegun,L,17,65,91,92,85,89,50,100
m3boom,weapon_m3boom,default,#CSO2_ITEM_NAME_m3boom,,,,0,Shotgun,N,78,100,40,54,76,40,4,32
m14ebr,weapon_m14ebr,default,#CSO2_ITEM_NAME_m14ebr,,,,0,AssaultRifle,L,40,83,79,79,70,80,20,100
thunder,weapon_thunder,default,#CSO2_ITEM_NAME_thunder,,,,0,Pistol,N,100,70,38,19,69,50,1,50
m99,weapon_m99,default,#CSO2_ITEM_NAME_m99,,,,0,SniperRifle,L,100,80,42,22,69,54,1,50
mp7phoenix,weapon_mp7phoenix,default,#CSO2_ITEM_NAME_mp7phoenix,,,,0,Submachinegun,SS,25,74,90,92,85,80,40,120
deaglephoenix,weapon_deaglephoenix,default,#CSO2_ITEM_NAME_deserteaglephoenix,,,,0,Pistol,SS,47,45,70,81,85,40,7,35
deaglephoenix,weapon_deaglephoenix,special,#CSO2_ITEM_NAME_deserteaglephoenix,,,,0,Pistol,SS,47,45,70,81,85,40,7,35
mk18,weapon_mk18,default,#CSO2_ITEM_NAME_mk18,,,,0,AssaultRifle,L,29,88,92,91,76,88,30,90
akm,weapon_akm,default,#CSO2_ITEM_NAME_akm,,,,0,AssaultRifle,L,31,83,79,91,72,55,30,90
awm,weapon_awm,default,#CSO2_ITEM_NAME_awm,,,,0,SniperRifle,L,100,100,70,26,67,50,10,30
m1911,weapon_m1911,default,#CSO2_ITEM_NAME_m1911,,,,0,Pistol,N,35,72,69,82,85,80,7,100
af2011a0,weapon_af2011a0,default,#CSO2_ITEM_NAME_af2011a0,,,,0,Pistol,SS,60,90,67,75,85,70,14,120
m16a4,weapon_m16a4,default,#CSO2_ITEM_NAME_m16a4,,,,0,AssaultRifle,L,29,92,90,86,70,86,30,90
lr300,weapon_lr300,default,#CSO2_ITEM_NAME_lr300,,,,0,AssaultRifle,N,29,90,90,91,78,84,30,90
tac15,weapon_tac15,default,#CSO2_ITEM_NAME_tac15,,,,0,SniperRifle,N,0,0,0,0,0,0,0,0
netlauncher,weapon_netlauncher,default,#CSO2_ITEM_NAME_netlauncher,,,,0,Shotgun,N,0,100,100,30,81,100,1,10
qbz95,weapon_qbz95,default,#CSO2_ITEM_NAME_qbz95,,,,0,AssaultRifle,L,29,91,90,91,78,84,30,90
m79,weapon_m79,default,#CSO2_ITEM_NAME_m79,,,,0,Machinegun,L,100,100,90,32,81,100,1,32
m32,weapon_m32,default,#CSO2_ITEM_NAME_m32,,,,0,Machinegun,L,100,100,90,40,81,100,6,32
paw20,weapon_paw20,default,#CSO2_ITEM_NAME_paw20,,,,0,Machinegun,L,100,100,90,50,81,100,6,60
chinalake,weapon_chinalake,default,#CSO2_ITEM_NAME_chinalake,,,,0,Machinegun,L,100,100,90,44,81,100,3,32
M95,weapon_m95,default,#CSO2_ITEM_NAME_m95,,,,0,SniperRifle,L,100,80,42,25,69,54,5,50
M107A1,weapon_m107a1,default,#CSO2_ITEM_NAME_m107a1,,,,0,SniperRifle,L,100,80,42,40,69,54,10,50
awmgauss,weapon_awmgauss,default,#CSO2_ITEM_NAME_awmgauss,,,,0,SniperRifle,SS,100,100,70,26,67,50,10,30
m16a2,weapon_m16a2,default,#CSO2_ITEM_NAME_m16a2,,,,0,AssaultRifle,L,30,85,88,91,70,88,30,90
k12,weapon_k12,default,#CSO2_ITEM_NAME_k12,,,,0,Machinegun,L,31,79,79,89,70,80,100,200
usas12,weapon_usas12,default,#CSO2_ITEM_NAME_usas12,,,,0,Shotgun,L,51,100,48,72,81,45,10,40
af2011a1,weapon_af2011a1,default,#CSO2_ITEM_NAME_af2011a1,,,,0,Pistol,L,60,90,67,75,85,70,14,100
gilboasnake,weapon_gilboasnake,default,#CSO2_ITEM_NAME_gilboasnake,,,,0,AssaultRifle,L,29,85,85,91,70,76,60,90
dp12,weapon_dp12,default,#CSO2_ITEM_NAME_dp12,,,,0,Shotgun,L,78,100,40,54,76,40,14,32
triplebarrel,weapon_triplebarrel,default,#CSO2_ITEM_NAME_triplebarrel,,,,0,Shotgun,L,92,100,30,17,78,34,3,36
m3dragon,weapon_m3dragon,default,#CSO2_ITEM_NAME_m3dragon,,,,0,Shotgun,SS,78,100,40,54,76,40,8,32
qjy88,weapon_qjy88,default,#CSO2_ITEM_NAME_qjy88,,,,0,Machinegun,L,28,80,81,89,70,81,100,200
m16a4m203,weapon_m16a4m203,default,#CSO2_ITEM_NAME_m16a4m203,,,,0,AssaultRifle,U,29,92,90,86,70,86,30,90
galilsniper,weapon_galilsniper,default,#CSO2_ITEM_NAME_galilsniper,,,,0,SniperRifle,U,68,55,72,84,67,55,20,100
svt40,weapon_svt40,default,#CSO2_ITEM_NAME_svt40,,,,0,AssaultRifle,L,59,91,67,62,71,70,10,90
mosinnagant,weapon_mosinnagant,default,#CSO2_ITEM_NAME_mosinnagant,,,,0,AssaultRifle,L,65,95,70,40,71,80,5,90
xm8carbine,weapon_xm8carbine,default,#CSO2_ITEM_NAME_xm8carbine,,,,0,AssaultRifle,L,29,84,83,91,75,81,30,90
hk416c,weapon_hk416c,default,#CSO2_ITEM_NAME_hk416c,,,,0,Submachinegun,L,29,73,84,91,85,72,30,90
m27iar,weapon_m27iar,default,#CSO2_ITEM_NAME_m27iar,,,,0,Machinegun,L,31,79,80,93,71,76,40,200
svd,weapon_svd,default,#CSO2_ITEM_NAME_svd,,,,0,SniperRifle,L,90,95,62,57,70,75,10,90
tmpmelt,weapon_tmpmelt,default,#CSO2_ITEM_NAME_tmpmelt,,,,0,Submachinegun,SS,17,73,83,92,85,90,30,120
50beowulf,weapon_beowulf,default,#CSO2_ITEM_NAME_beowulf,,,,0,AssaultRifle,L,62,80,76,72,76,73,10,60
t91,weapon_t91,default,#CSO2_ITEM_NAME_t91,,,,0,AssaultRifle,L,29,84,88,91,70,78,30,90
xt97,weapon_xt97,default,#CSO2_ITEM_NAME_xt97,,,,0,AssaultRifle,L,29,90,88,90,80,67,30,90
m99railgun,weapon_m99railgun,default,#CSO2_ITEM_NAME_m99railgun,,,,0,SniperRifle,SS,100,80,42,22,69,54,1,80
akmphoenix,weapon_akmphoenix,default,#CSO2_ITEM_NAME_akmphoenix,,,,0,AssaultRifle,SS,31,83,79,91,72,55,30,90
m3grease,weapon_m3grease,default,#CSO2_ITEM_NAME_m3grease,,,,0,Submachinegun,L,25,72,81,92,85,85,30,100
thompson,weapon_thompson,default,#CSO2_ITEM_NAME_thompson,,,,0,Submachinegun,L,26,75,91,90,85,84,30,100
bar,weapon_bar,default,#CSO2_ITEM_NAME_bar,,,,0,Machinegun,L,31,76,77,91,70,50,20,200
m60steam,weapon_m60steam,default,#CSO2_ITEM_NAME_m60steam,,,,0,Machinegun,SS,32,79,79,89,70,80,100,200
awmgaussplus,weapon_awmgaussplus,default,#CSO2_ITEM_NAME_awmgaussplus,,,,0,SniperRifle,SSP,100,100,70,26,67,50,10,30
tmpmeltplus,weapon_tmpmeltplus,default,#CSO2_ITEM_NAME_tmpmeltplus,,,,0,Submachinegun,SSP,17,73,83,92,85,90,30,120
mk18pulse,weapon_mk18pulse,default,#CSO2_ITEM_NAME_mk18pulse,,,,0,AssaultRifle,SS,29,88,92,91,76,88,30,90
m99railgunplus,weapon_m99railgunplus,default,#CSO2_ITEM_NAME_m99railgunplus,,,,0,SniperRifle,SSP,100,80,42,22,69,54,1,80
,,,,,,,,,,,,,,,,,
,,,,,,,,,,,,,,,,,
// 장비류,,,,,,,,,,,,,,,,,
kevlarvest,item_kevlar,default,#CSO2_ITEM_NAME_KEVLAR,,,,0,,L,0,0,0,0,0,0,0,0
kevlarvesthelmet,item_assaultsuit,default,#CSO2_ITEM_NAME_KEVLARHELMET,,,,0,,L,0,0,0,0,0,0,0,0
flashbang,weapon_flashbang,default,#CSO2_ITEM_NAME_Flashbang,,,,0,,L,0,0,0,0,0,0,0,0
hegrenade,weapon_hegrenade,default,#CSO2_ITEM_NAME_hegrenade,,,,0,,L,80,0,0,0,0,0,0,0
smokegrenade,weapon_smokegrenade,default,#CSO2_ITEM_NAME_SmokeGrenade,,,,0,,L,0,0,0,0,0,0,0,0
defusekit,item_defuser,default,#CSO2_ITEM_NAME_DEFUSEKIT,,,,0,,L,0,0,0,0,0,0,0,0
nightvision,nightvision,default,#CSO2_ITEM_NAME_NIGHTVISION,,,,0,,L,0,0,0,0,0,0,0,0
default_knife,weapon_knife,default,#CSO2_ITEM_NAME_Knife,,,,0,,L,0,0,0,0,0,0,0,0
crowbar,weapon_crowbar,default,#CSO2_ITEM_NAME_Crowbar,,,,0,,N,0,0,0,0,0,0,0,0
c4,weapon_c4,default,#CSO2_ITEM_NAME_C4,,,,0,,L,0,0,0,0,0,0,0,0
radio,weapon_radio,default,#CSO2_ITEM_NAME_radio,,,,0,,L,0,0,0,0,0,0,0,0
hegrenade,weapon_hegrenade,special,#CSO2_ITEM_NAME_helucketbag,,,1,1,,L,80,0,0,0,0,0,0,0
flashbang,weapon_flashbang,special,#CSO2_ITEM_NAME_fbfirework,,,1,1,,L,0,0,0,0,0,0,0,0
huntknife,weapon_huntknife,default,#CSO2_ITEM_NAME_huntknife,,,,0,,N,0,0,0,0,0,0,0,0
huntknife,weapon_huntknife,gold,#CSO2_ITEM_NAME_huntknife_gold,,,,0,,N,0,0,0,0,0,0,0,0
//vaccine,weapon_vaccine,default,#CSO2_ITEM_NAME_vaccine,,,,0,,L,0,0,0,0,0,0,0,0
survivorknife,weapon_survivorknife,default,#CSO2_ITEM_NAME_survivorknife,,,,0,,N,0,0,0,0,0,0,0,0
priammo,priammo,default,#CSO2_ITEM_NAME_priammo,,,,0,,L,0,0,0,0,0,0,0,0
secammo,secammo,default,#CSO2_ITEM_NAME_secammo,,,,0,,L,0,0,0,0,0,0,0,0
wrench,weapon_wrench,default,#CSO2_ITEM_NAME_wrench,,,,0,,N,0,0,0,0,0,0,0,0
hegrenade,weapon_hegrenade,milagrenade,#CSO2_ITEM_NAME_milagrenade,,,,0,,N,80,0,0,0,0,0,0,0
wrenchblack1,weapon_wrench_black1,default,#CSO2_ITEM_NAME_wrench_black1,,,,0,,N,0,0,0,0,0,0,0,0
wrenchgold1,weapon_wrench_gold1,default,#CSO2_ITEM_NAME_wrench_gold1,,,,0,,N,0,0,0,0,0,0,0,0
defaultknifecamo1,weapon_defaultknifecamo1,default,#CSO2_ITEM_NAME_defaultknifecamo1,,,,0,,L,0,0,0,0,0,0,0,0
taserknife,weapon_taserknife,default,#CSO2_ITEM_NAME_taserknife,,,,0,,N,0,0,0,0,0,0,0,0
hegrenade,weapon_hegrenade,mk2grenade,#CSO2_ITEM_NAME_mk2grenade,,,,0,,N,80,0,0,0,0,0,0,0
huntknife,weapon_huntknife,monkey1,#CSO2_ITEM_NAME_huntknife_monkey1,,,,0,,N,0,0,0,0,0,0,0,0
hegrenade,weapon_hegrenade,heart,#CSO2_ITEM_NAME_heartgrenade,,,,0,,N,80,0,0,0,0,0,0,0
hegrenade,weapon_hegrenade,heart2,#CSO2_ITEM_NAME_heartgrenade2,,,,0,,N,80,0,0,0,0,0,0,0
hegrenade,weapon_hegrenade,guided,#CSO2_ITEM_NAME_heartgrenade2,,,2,0,,N,80,0,0,0,0,0,0,0
smokegrenade,weapon_smokegrenade,tear,#CSO2_ITEM_NAME_smokegrenade_tear,,,1,0,,N,0,0,0,0,0,0,0,0
smokegrenade,weapon_smokegrenade,trans,#CSO2_ITEM_NAME_smokegrenade_trans,,,2,0,,N,0,0,0,0,0,0,0,0
smokegrenade,weapon_smokegrenade,stun,#CSO2_ITEM_NAME_smokegrenade_stun,,,3,0,,N,0,0,0,0,0,0,0,0
smokegrenade,weapon_smokegrenade,heal,#CSO2_ITEM_NAME_smokegrenade_heal,,,4,0,,N,0,0,0,0,0,0,0,0
smokegrenade,weapon_smokegrenade,ghost,#CSO2_ITEM_NAME_smokegrenade_ghost,,,5,0,,N,0,0,0,0,0,0,0,0
hegrenade,weapon_hegrenade,chngrenade,#CSO2_ITEM_NAME_chngrenade,,,,0,,N,80,0,0,0,0,0,0,0
toyhammer,weapon_toyhammer,default,#CSO2_ITEM_NAME_toyhammer,,Toyhammer,,0,,N,0,0,0,0,0,0,0,0
m9bayonet,weapon_m9bayonet,default,#CSO2_ITEM_NAME_M9BAYONET,,M9Bayonet,,0,,N,0,0,0,0,0,0,0,0
wrench,weapon_wrench,infernal1,#CSO2_ITEM_NAME_wrench_infernal1,,,,0,,N,0,0,0,0,0,0,0,0
harpoon,weapon_harpoon,default,#CSO2_ITEM_NAME_harpoon,,,,0,,N,0,0,0,0,0,0,0,0
harpoon,weapon_harpoon,gold,#CSO2_ITEM_NAME_harpoon_gold,,,,0,,N,0,0,0,0,0,0,0,0
crowbar,weapon_crowbar,gold,#CSO2_ITEM_NAME_Crowbar_gold,,,,0,,N,0,0,0,0,0,0,0,0
toyhammer,weapon_toyhammer,gold,#CSO2_ITEM_NAME_toyhammer_gold,,Toyhammer,,0,,S,0,0,0,0,0,0,0,0
default_knife,weapon_knife,miu,#CSO2_ITEM_NAME_Knife_Miu,,,,0,,N,0,0,0,0,0,0,0,0
default_knife,weapon_knife,athena,#CSO2_ITEM_NAME_Knife_Athena,,,,0,,N,0,0,0,0,0,0,0,0
ballantines,weapon_ballantines,default,#CSO2_ITEM_NAME_C4,,,,0,,L,0,0,0,0,0,0,0,0
candlexmas,weapon_candlexmas,default,#CSO2_ITEM_NAME_candlexmas,,,,0,,N,0,0,0,0,0,0,0,0
hegrenade,weapon_hegrenade,partygrenade,#CSO2_ITEM_NAME_partygrenade,,,,0,,L,80,0,0,0,0,0,0,0
default_knife,weapon_knife,2017chicken,#CSO2_ITEM_NAME_KNIFE_2017chicken,,,,0,,N,0,0,0,0,0,0,0,0
hegrenade,weapon_hegrenade,chocogrenade,#CSO2_ITEM_NAME_chocogrenade,,,,0,,L,80,0,0,0,0,0,0,0
default_knife,weapon_knife,lollipop,#CSO2_ITEM_NAME_KNIFE_lollipop,,,,0,,N,0,0,0,0,0,0,0,0
huntknife,weapon_huntknife,cobalt1,#CSO2_ITEM_NAME_huntknife_cobalt1,,,,0,,S,0,0,0,0,0,0,0,0
default_knife,weapon_knife,pickax,#CSO2_ITEM_NAME_KNIFE_pickax,,,,0,,N,0,0,0,0,0,0,0,0
default_knife,weapon_knife,icepickel,#CSO2_ITEM_NAME_KNIFE_icepickel,,,,0,,N,0,0,0,0,0,0,0,0
default_knife,weapon_knife,goldpop,#CSO2_ITEM_NAME_KNIFE_goldpop,,,,0,,S,0,0,0,0,0,0,0,0
default_knife,weapon_knife,phobos,#CSO2_ITEM_NAME_KNIFE_PHOBOS,,,,0,,N,0,0,0,0,0,0,0,0
kukriknife,weapon_kukriknife,default,#CSO2_ITEM_NAME_kukriknife,,,,0,,N,0,0,0,0,0,0,0,0
kukriknife,weapon_kukriknife,amethyst1,#CSO2_ITEM_NAME_kukriknife_amethyst1,,,,0,,S,0,0,0,0,0,0,0,0
default_knife,weapon_knife,oberon,#CSO2_ITEM_NAME_knife_oberon,,,,0,,N,0,0,0,0,0,0,0,0
tomahawkss,weapon_tomahawkss,default,#CSO2_ITEM_NAME_tomahawkss,,,,0,,SS,0,0,0,0,0,0,0,0
tomahawkss,weapon_tomahawkss,fire,#CSO2_ITEM_NAME_tomahawkss_fire,,,,0,,SS,0,0,0,0,0,0,0,0
tomahawkss,weapon_tomahawkss,black,#CSO2_ITEM_NAME_tomahawkss_black,,,,0,,SS,0,0,0,0,0,0,0,0
hegrenade,weapon_hegrenade,kr4yeargrenade,#CSO2_ITEM_NAME_kr4yeargrenade,,,,0,,S,80,0,0,0,0,0,0,0
default_knife,weapon_knife,dione,#CSO2_ITEM_NAME_knife_dione,,,,0,,N,0,0,0,0,0,0,0,0
default_knife,weapon_knife,2018dog,#CSO2_ITEM_NAME_knife_2018dog,,,,0,,N,0,0,0,0,0,0,0,0
,,,,,,,,,,,,,,,,,
//등급제,,,,,,,,,,,,,,,,,
glock18,weapon_glock,spray1,#CSO2_ITEM_NAME_Glock18_spray1,,,,0,Pistol,C,22,67,100,86,85,70,20,120
usp45,weapon_usp,spray1,#CSO2_ITEM_NAME_USP_spray1,,,,0,Pistol,C,30,72,70,85,85,80,12,100
p228,weapon_p228,spray1,#CSO2_ITEM_NAME_P228_spray1,,,,0,Pistol,C,33,90,70,84,85,75,13,52
deserteagle,weapon_deagle,spray1,#CSO2_ITEM_NAME_DesertEagle_spray1,,,,0,Pistol,C,47,45,70,81,85,40,7,35
deserteagle,weapon_deagle,camo1,#CSO2_ITEM_NAME_DesertEagle_camo1,,,,0,Pistol,B,47,45,70,81,85,40,7,35
deserteagle,weapon_deagle,black1,#CSO2_ITEM_NAME_DesertEagle_black1,,,,0,Pistol,S,47,45,70,81,85,40,7,35
fiveseven,weapon_fiveseven,spray1,#CSO2_ITEM_NAME_FiveSeven_spray1,,,,0,Pistol,C,22,62,70,86,85,70,20,100
elites,weapon_elite,spray1,#CSO2_ITEM_NAME_Elites_spray1,,,,0,Pistol,C,28,68,70,87,85,60,30,120
elites,weapon_elite,camo1,#CSO2_ITEM_NAME_Elites_camo1,,,,0,Pistol,B,28,68,70,87,85,60,30,120
m3,weapon_m3,spray1,#CSO2_ITEM_NAME_m3_spray1,,,,0,Shotgun,C,78,100,40,54,76,40,8,32
m3,weapon_m3,camo1,#CSO2_ITEM_NAME_m3_camo1,,,,0,Shotgun,B,78,100,40,54,76,40,8,32
m3,weapon_m3,wolf1,#CSO2_ITEM_NAME_m3_wolf1,,,,0,Shotgun,A,78,100,40,54,76,40,8,32
xm1014,weapon_xm1014,spray1,#CSO2_ITEM_NAME_xm1014_spray1,,,,0,Shotgun,C,52,100,48,76,81,45,7,32
xm1014,weapon_xm1014,camo1,#CSO2_ITEM_NAME_xm1014_camo1,,,,0,Shotgun,B,52,100,48,76,81,45,7,32
mac10,weapon_mac10,spray1,#CSO2_ITEM_NAME_MAC10_spray1,,,,0,Submachinegun,C,25,72,81,92,85,85,30,100
tmp,weapon_tmp,spray1,#CSO2_ITEM_NAME_Tmp_spray1,,,,0,Submachinegun,C,17,73,83,92,85,90,30,120
mp5,weapon_mp5navy,spray1,#CSO2_ITEM_NAME_MP5_spray1,,,,0,Submachinegun,C,23,79,92,92,85,80,30,120
mp5,weapon_mp5navy,camo1,#CSO2_ITEM_NAME_MP5_camo1,,,,0,Submachinegun,B,23,79,92,92,85,80,30,120
ump45,weapon_ump45,spray1,#CSO2_ITEM_NAME_UMP45_spray1,,,,0,Submachinegun,C,26,75,91,90,85,84,25,100
p90,weapon_p90,spray1,#CSO2_ITEM_NAME_P90_spray1,,,,0,Submachinegun,C,18,68,91,92,83,89,50,100
p90,weapon_p90,camo1,#CSO2_ITEM_NAME_P90_camo1,,,,0,Submachinegun,B,18,68,91,92,83,89,50,100
galil,weapon_galil,spray1,#CSO2_ITEM_NAME_Galil_spray1,,,,0,AssaultRifle,C,26,77,82,91,70,69,35,90
galil,weapon_galil,camo1,#CSO2_ITEM_NAME_Galil_camo1,,,,0,AssaultRifle,B,26,77,82,91,70,69,35,90
famas,weapon_famas,spray1,#CSO2_ITEM_NAME_Famas_spray1,,,,0,AssaultRifle,C,26,90,82,88,73,90,25,90
famas,weapon_famas,camo1,#CSO2_ITEM_NAME_Famas_camo1,,,,0,AssaultRifle,B,26,90,82,88,73,90,25,90
ak47,weapon_ak47,spray1,#CSO2_ITEM_NAME_AK47_spray1,,,,0,AssaultRifle,C,31,83,79,91,72,55,30,90
ak47,weapon_ak47,camo1,#CSO2_ITEM_NAME_AK47_camo1,,,,0,AssaultRifle,B,31,83,79,91,72,55,30,90
m4a1,weapon_m4a1,spray1,#CSO2_ITEM_NAME_M4A1_spray1,,,,0,AssaultRifle,C,29,88,92,91,76,88,30,90
m4a1,weapon_m4a1,camo1,#CSO2_ITEM_NAME_M4A1_camo1,,,,0,AssaultRifle,B,29,88,92,91,76,88,30,90
sg552,weapon_sg552,spray1,#CSO2_ITEM_NAME_SG552_spray1,,,,0,AssaultRifle,C,29,90,82,91,78,78,30,90
// sg552,weapon_sg552,opal1,#CSO2_ITEM_NAME_SG552_opal1,,,,0,AssaultRifle,S,29,90,82,91,78,78,30,90
aug,weapon_aug,spray1,#CSO2_ITEM_NAME_Aug_spray1,,,,0,AssaultRifle,C,28,90,82,91,81,68,30,90
// aug,weapon_aug,opal1,#CSO2_ITEM_NAME_Aug_opal1,,,,0,AssaultRifle,S,28,90,82,91,81,68,30,90
scout,weapon_scout,spray1,#CSO2_ITEM_NAME_Scout_spray1,,,,0,SniperRifle,C,65,88,70,36,90,60,10,90
awp,weapon_awp,spray1,#CSO2_ITEM_NAME_AWP_spray1,,,,0,SniperRifle,C,100,100,70,26,67,50,10,30
awp,weapon_awp,camo1,#CSO2_ITEM_NAME_AWP_camo1,,,,0,SniperRifle,B,100,100,70,26,67,50,10,30
g3sg1,weapon_g3sg1,spray1,#CSO2_ITEM_NAME_G3SG1_spray1,,,,0,SniperRifle,C,70,55,72,83,67,55,20,90
sg550,weapon_sg550,spray1,#CSO2_ITEM_NAME_SG550_spray1,,,,0,AssaultRifle,C,61,62,76,83,67,50,30,90
m249,weapon_m249,spray1,#CSO2_ITEM_NAME_M249_spray1,,,,0,Machinegun,C,28,78,79,90,71,78,100,200
mp7,weapon_mp7,spray1,#CSO2_ITEM_NAME_MP7_spray1,,,,0,Submachinegun,C,25,74,90,92,85,80,40,120
mp7,weapon_mp7,camo1,#CSO2_ITEM_NAME_MP7_camo1,,,,0,Submachinegun,B,25,74,90,92,85,80,40,120
striker12,weapon_striker12,spray1,#CSO2_ITEM_NAME_striker12_spray1,,,,0,Shotgun,C,52,100,48,68,81,45,12,36
striker12,weapon_striker12,camo1,#CSO2_ITEM_NAME_striker12_camo1,,,,0,Shotgun,B,52,100,48,68,81,45,12,36
fal,weapon_fal,spray1,#CSO2_ITEM_NAME_fal_spray1,,,,0,AssaultRifle,C,31,76,77,91,70,50,20,100
fal,weapon_fal,camo1,#CSO2_ITEM_NAME_fal_camo1,,,,0,AssaultRifle,B,31,76,77,91,70,50,20,100
fnc,weapon_fnc,spray1,#CSO2_ITEM_NAME_FNC_spray1,,,,0,AssaultRifle,C,29,85,88,91,70,79,30,90
fnc,weapon_fnc,camo1,#CSO2_ITEM_NAME_FNC_camo1,,,,0,AssaultRifle,B,29,85,88,91,70,79,30,90
f2000,weapon_f2000,spray1,#CSO2_ITEM_NAME_f2000_spray1,,,,0,AssaultRifle,C,29,87,90,91,74,88,30,90
m60,weapon_m60,spray1,#CSO2_ITEM_NAME_m60_spray1,,,,0,Machinegun,C,32,79,79,89,70,80,100,200
m60,weapon_m60,camo1,#CSO2_ITEM_NAME_m60_camo1,,,,0,Machinegun,B,32,79,79,89,70,80,100,200
mx4,weapon_mx4,spray1,#CSO2_ITEM_NAME_mx4_spray1,,,,0,Submachinegun,C,24,79,94,92,85,82,30,120
mx4,weapon_mx4,camo1,#CSO2_ITEM_NAME_mx4_camo1,,,,0,Submachinegun,B,24,79,94,92,85,82,30,120
krisssuperv,weapon_krisssuperv,spray1,#CSO2_ITEM_NAME_kriss_superv_spray1,,,,0,Submachinegun,C,28,76,92,91,85,86,25,100
krisssuperv,weapon_krisssuperv,camo1,#CSO2_ITEM_NAME_kriss_superv_camo1,,,,0,Submachinegun,B,28,76,92,91,85,86,25,100
krisssuperv,weapon_krisssuperv,puma1,#CSO2_ITEM_NAME_kriss_superv_puma1,,,,0,Submachinegun,A,28,76,92,91,85,86,25,100
ar57,weapon_ar57,spray1,#CSO2_ITEM_NAME_ar57_spray1,,,,0,Submachinegun,C,18,70,93,92,83,91,50,100
ar57,weapon_ar57,camo1,#CSO2_ITEM_NAME_ar57_camo1,,,,0,Submachinegun,B,18,70,93,92,83,91,50,100
ar57,weapon_ar57,snake1,#CSO2_ITEM_NAME_ar57_snake1,,,,0,Submachinegun,A,18,70,93,92,83,91,50,100
aek971,weapon_aek971,spray1,#CSO2_ITEM_NAME_aek971_spray1,,,,0,AssaultRifle,C,30,85,81,91,72,57,30,90
aek971,weapon_aek971,camo1,#CSO2_ITEM_NAME_aek971_camo1,,,,0,AssaultRifle,B,30,85,81,91,72,57,30,90
t65,weapon_t65,spray1,#CSO2_ITEM_NAME_T65_spray1,,,,0,AssaultRifle,C,29,83,88,91,70,78,30,90
t65,weapon_t65,camo1,#CSO2_ITEM_NAME_T65_camo1,,,,0,AssaultRifle,B,29,83,88,91,70,78,30,90
t86,weapon_t86,spray1,#CSO2_ITEM_NAME_T86_spray1,,,,0,AssaultRifle,C,26,89,82,90,70,88,30,90
t86,weapon_t86,camo1,#CSO2_ITEM_NAME_T86_camo1,,,,0,AssaultRifle,B,26,89,82,90,70,88,30,90
scarl,weapon_scarl,spray1,#CSO2_ITEM_NAME_scarl_spray1,,,,0,AssaultRifle,C,29,89,90,91,76,87,30,90
scarl,weapon_scarl,camo1,#CSO2_ITEM_NAME_scarl_camo1,,,,0,AssaultRifle,B,29,89,90,91,76,87,30,90
ak12,weapon_ak12,spray1,#CSO2_ITEM_NAME_ak12_spray1,,,,0,AssaultRifle,C,30,86,83,91,73,60,30,90
ak12,weapon_ak12,camo1,#CSO2_ITEM_NAME_ak12_camo1,,,,0,AssaultRifle,B,30,86,83,91,73,60,30,90
acr,weapon_acr,spray1,#CSO2_ITEM_NAME_acr_spray1,,,,0,AssaultRifle,C,29,90,91,91,75,88,30,90
acr,weapon_acr,camo1,#CSO2_ITEM_NAME_acr_camo1,,,,0,AssaultRifle,B,29,90,91,91,75,88,30,90
awp,weapon_awp,gold2,#CSO2_ITEM_NAME_AWP_gold2,,,,0,SniperRifle,N,100,100,70,26,67,50,10,30
deserteagle,weapon_deagle,gold1,#CSO2_ITEM_NAME_DesertEagle_gold1,,,,0,Pistol,N,47,45,70,81,85,40,7,35
anaconda,weapon_anaconda,gold1,#CSO2_ITEM_NAME_ANACONDA_gold1,,,,0,Pistol,N,42,44,71,86,85,45,6,36
scarh,weapon_scarh,spray1,#CSO2_ITEM_NAME_scarH_spray1,,,,0,AssaultRifle,C,31,85,82,91,76,76,20,100
scarh,weapon_scarh,camo1,#CSO2_ITEM_NAME_scarH_camo1,,,,0,AssaultRifle,B,31,85,82,91,76,76,20,100
waltherpp,weapon_waltherpp,silver1,#CSO2_ITEM_NAME_waltherpp_silver1,,,,0,Pistol,N,23,92,32,61,76,80,7,84
scout,weapon_scout,camo1,#CSO2_ITEM_NAME_scout_camo1,,,,0,SniperRifle,B,65,88,70,36,90,60,10,90
scout,weapon_scout,goat1,#CSO2_ITEM_NAME_scout_goat1,,,,0,SniperRifle,A,65,88,70,36,90,60,10,90
m249,weapon_m249,camo1,#CSO2_ITEM_NAME_m249_camo1,,,,0,Machinegun,B,28,78,79,90,71,78,100,200
m249,weapon_m249,bat1,#CSO2_ITEM_NAME_m249_bat1,,,,0,Machinegun,A,28,78,79,90,71,78,100,200
deserteagle,weapon_deagle,eagle1,#CSO2_ITEM_NAME_deserteagle_eagle1,,,,0,Pistol,A,47,45,70,81,85,40,7,35
aek971,weapon_aek971,eagle1,#CSO2_ITEM_NAME_aek971_eagle1,,,,0,AssaultRifle,A,30,85,81,91,72,57,30,90
scarl,weapon_scarl,whale1,#CSO2_ITEM_NAME_scarl_whale1,,,,0,AssaultRifle,A,29,89,90,91,76,87,30,90
m60,weapon_m60,komodo1,#CSO2_ITEM_NAME_m60_komodo1,,,,0,Machinegun,A,32,79,79,89,70,80,100,200
m3,weapon_m3,gold1,#CSO2_ITEM_NAME_m3_gold1,,,,0,Shotgun,S,78,100,40,54,76,40,8,32
anaconda,weapon_anaconda,red1,#CSO2_ITEM_NAME_ANACONDA_red1,,,,0,Pistol,N,42,44,71,86,85,45,6,36
mp5,weapon_mp5navy,gold1,#CSO2_ITEM_NAME_MP5_gold1,,,,0,Submachinegun,S,23,79,92,92,85,80,30,120
scout,weapon_scout,gold1,#CSO2_ITEM_NAME_Scout_gold1,,,,0,SniperRifle,S,65,88,70,36,90,60,10,90
sg550,weapon_sg550,camo1,#CSO2_ITEM_NAME_sg550_camo1,,,,0,SniperRifle,B,61,62,76,83,67,50,30,90
g3sg1,weapon_g3sg1,camo1,#CSO2_ITEM_NAME_g3sg1_camo1,,,,0,SniperRifle,B,70,55,72,83,67,55,20,90
famas,weapon_famas,chicken1,#CSO2_ITEM_NAME_famas_chicken1,,,,0,AssaultRifle,A,26,90,82,88,73,90,25,90
galil,weapon_galil,caracal1,#CSO2_ITEM_NAME_galil_caracal1,,,,0,AssaultRifle,A,26,77,82,91,70,69,35,90
sg550,weapon_sg550,schweizergarde1,#CSO2_ITEM_NAME_sg550_schweizergarde1,,,,0,SniperRifle,A,61,62,76,83,67,50,30,90
g3sg1,weapon_g3sg1,heer1,#CSO2_ITEM_NAME_g3sg1_heer1,,,,0,SniperRifle,A,70,55,72,83,67,55,20,90
m60,weapon_m60,gold1,#CSO2_ITEM_NAME_m60_gold1,,,,0,Machinegun,S,32,79,79,89,70,80,100,200
famas,weapon_famas,gold1,#CSO2_ITEM_NAME_famas_gold1,,,,0,AssaultRifle,S,26,90,82,88,73,90,25,90
galil,weapon_galil,gold1,#CSO2_ITEM_NAME_galil_gold1,,,,0,AssaultRifle,S,26,77,82,91,70,69,35,90
ar57,weapon_ar57,chrome1,#CSO2_ITEM_NAME_ar57_chrome1,,,,0,Submachinegun,S,18,70,93,92,83,91,50,100
mp7,weapon_mp7,chrome1,#CSO2_ITEM_NAME_mp7_chrome1,,,,0,Submachinegun,S,25,74,90,92,85,80,40,120
krisssuperv,weapon_krisssuperv,chrome1,#CSO2_ITEM_NAME_krisssuperv_chrome1,,,,0,Submachinegun,S,28,76,92,91,85,86,25,100
striker12,weapon_striker12,chrome1,#CSO2_ITEM_NAME_striker12_chrome1,,,,0,Shotgun,S,52,100,48,68,81,45,12,36
usp45,weapon_usp,dolphin1,#CSO2_ITEM_NAME_usp_dolphin1,,,,0,Pistol,A,30,72,70,85,85,80,12,100
usp45,weapon_usp,camo1,#CSO2_ITEM_NAME_usp_camo1,,,,0,Pistol,B,30,72,70,85,85,80,12,100
mg3,weapon_mg3,amethyst1,#CSO2_ITEM_NAME_mg3_amethyst1,,,,0,Machinegun,S,30,60,74,95,68,72,150,200
dbarrel,weapon_dbarrel,amethyst1,#CSO2_ITEM_NAME_dbarrel_amethyst1,,,,0,Shotgun,S,86,100,33,17,80,37,2,36
ak12,weapon_ak12,amethyst1,#CSO2_ITEM_NAME_ak12_amethyst1,,,,0,AssaultRifle,S,30,86,83,91,73,60,30,90
acr,weapon_acr,amethyst1,#CSO2_ITEM_NAME_acr_amethyst1,,,,0,AssaultRifle,S,29,90,91,91,75,88,30,90
// qbs09,weapon_qbs09,china1,#CSO2_ITEM_NAME_qbs09_china1,,,,0,Shotgun,A,52,100,48,76,81,45,5,32
awp,weapon_awp,1111,#CSO2_ITEM_NAME_AWP_1111,,,,0,SniperRifle,A,100,100,70,26,67,50,10,30
m4a1,weapon_m4a1,1111,#CSO2_ITEM_NAME_m4a1_1111,,,,0,AssaultRifle,B,29,88,92,91,76,88,30,90
ak47,weapon_ak47,1111,#CSO2_ITEM_NAME_ak47_1111,,,,0,AssaultRifle,B,31,83,79,91,72,55,30,90
m3boom,weapon_m3boom,amethyst1,#CSO2_ITEM_NAME_m3boom_amethyst1,,,,0,Shotgun,N,78,100,40,54,76,40,4,32
ak12,weapon_ak12,xmas,#CSO2_ITEM_NAME_ak12_xmas1,,,,0,AssaultRifle,S,30,86,83,91,73,60,30,90
acr,weapon_acr,xmas,#CSO2_ITEM_NAME_acr_xmas1,,,,0,AssaultRifle,S,29,90,91,91,75,88,30,90
elites,weapon_elite,silver1,#CSO2_ITEM_NAME_elites_silver1,,,,0,Pistol,S,28,68,70,87,85,60,30,120
fiveseven,weapon_fiveseven,silver1,#CSO2_ITEM_NAME_fiveseven_silver1,,,,0,Pistol,S,22,62,70,86,85,70,20,100
m60,weapon_m60,silver1,#CSO2_ITEM_NAME_m60_silver1,,,,0,Machinegun,S,32,79,79,89,70,80,100,200
xm1014,weapon_xm1014,silver1,#CSO2_ITEM_NAME_xm1014_silver1,,,,0,Shotgun,S,52,100,48,76,81,45,7,32
p90,weapon_p90,silver1,#CSO2_ITEM_NAME_p90_silver1,,,,0,Submachinegun,S,18,68,91,92,83,89,50,100
scarh,weapon_scarh,silver1,#CSO2_ITEM_NAME_scarh_silver1,,,,0,AssaultRifle,S,31,85,82,91,76,76,20,100
// awp,weapon_awp,twgold,#CSO2_ITEM_NAME_awp_twgold,,,,0,SniperRifle,S,100,100,70,26,67,50,10,30
mk18,weapon_mk18,spray1,#CSO2_ITEM_NAME_mk18,,,,0,AssaultRifle,C,29,88,92,91,76,88,30,90
mk18,weapon_mk18,camo1,#CSO2_ITEM_NAME_mk18,,,,0,AssaultRifle,B,29,88,92,91,76,88,30,90
akm,weapon_akm,spray1,#CSO2_ITEM_NAME_akm,,,,0,AssaultRifle,C,31,83,79,91,72,55,30,90
akm,weapon_akm,camo1,#CSO2_ITEM_NAME_akm,,,,0,AssaultRifle,B,31,83,79,91,72,55,30,90
awm,weapon_awm,spray1,#CSO2_ITEM_NAME_awm,,,,0,SniperRifle,C,100,100,70,26,67,50,10,30
awm,weapon_awm,camo1,#CSO2_ITEM_NAME_awm,,,,0,SniperRifle,B,100,100,70,26,67,50,10,30
xm1014,weapon_xm1014,heart1,#CSO2_ITEM_NAME_xm1014_heart1,,,,0,Shotgun,A,52,100,48,76,81,45,7,32
striker12,weapon_striker12,cobalt1,#CSO2_ITEM_NAME_striker12_cobalt1,,,,0,Shotgun,S,52,100,48,68,81,45,12,36
scarl,weapon_scarl,cobalt1,#CSO2_ITEM_NAME_scarl_cobalt1,,,,0,AssaultRifle,S,29,89,90,91,76,87,30,90
aek971,weapon_aek971,cobalt1,#CSO2_ITEM_NAME_aek971_cobalt1,,,,0,AssaultRifle,S,30,85,81,91,72,57,30,90
k5,weapon_k5,paint1,#CSO2_ITEM_NAME_k5_paint1,,,,0,Pistol,C,34,93,70,83,85,75,13,120
k5,weapon_k5,camo2,#CSO2_ITEM_NAME_k5_camo2,,,,0,Pistol,B,34,93,70,83,85,75,13,120
k5,weapon_k5,infernal1,#CSO2_ITEM_NAME_k5_infernal1,,,,0,Pistol,A,34,93,70,83,85,75,13,120
k1,weapon_k1,paint1,#CSO2_ITEM_NAME_k1_paint1,,,,0,Submachinegun,C,29,70,85,90,85,70,20,90
k1,weapon_k1,camo2,#CSO2_ITEM_NAME_k1_camo2,,,,0,Submachinegun,B,29,70,85,90,85,70,20,90
k2c,weapon_k2c,paint1,#CSO2_ITEM_NAME_k2c_paint1,,,,0,AssaultRifle,C,28,91,88,89,80,68,30,90
k2c,weapon_k2c,camo2,#CSO2_ITEM_NAME_k2c_camo2,,,,0,AssaultRifle,B,28,91,88,89,80,68,30,90
qsz92,weapon_qsz92,paint1,#CSO2_ITEM_NAME_qsz92_paint1,,,,0,Pistol,C,34,93,70,83,85,75,20,100
qsz92,weapon_qsz92,camo2,#CSO2_ITEM_NAME_qsz92_camo2,,,,0,Pistol,B,34,93,70,83,85,75,20,100
qbs09,weapon_qbs09,paint1,#CSO2_ITEM_NAME_qbs09_paint1,,,,0,Shotgun,C,52,100,48,76,81,45,5,32
qbs09,weapon_qbs09,camo2,#CSO2_ITEM_NAME_qbs09_camo2,,,,0,Shotgun,B,52,100,48,76,81,45,5,32
csls06,weapon_csls06,paint1,#CSO2_ITEM_NAME_csls06_paint1,,,,0,Submachinegun,C,17,65,91,92,85,89,50,100
csls06,weapon_csls06,camo2,#CSO2_ITEM_NAME_csls06_camo2,,,,0,Submachinegun,B,17,65,91,92,85,89,50,100
akm,weapon_akm,paint1,#CSO2_ITEM_NAME_akm_paint1,,,,0,AssaultRifle,C,31,83,79,91,72,55,30,90
akm,weapon_akm,camo2,#CSO2_ITEM_NAME_akm_camo2,,,,0,AssaultRifle,B,31,83,79,91,72,55,30,90
akm,weapon_akm,infernal1,#CSO2_ITEM_NAME_akm_infernal1,,,,0,AssaultRifle,A,31,83,79,91,72,55,30,90
mk18,weapon_mk18,paint1,#CSO2_ITEM_NAME_mk18_paint1,,,,0,AssaultRifle,C,29,88,92,91,76,88,30,90
mk18,weapon_mk18,camo2,#CSO2_ITEM_NAME_mk18_camo2,,,,0,AssaultRifle,B,29,88,92,91,76,88,30,90
mk18,weapon_mk18,infernal1,#CSO2_ITEM_NAME_mk18_infernal1,,,,0,AssaultRifle,A,29,88,92,91,76,88,30,90
awm,weapon_awm,paint1,#CSO2_ITEM_NAME_awm_paint1,,,,0,SniperRifle,C,100,100,70,26,67,50,10,30
awm,weapon_awm,camo2,#CSO2_ITEM_NAME_awm_camo2,,,,0,SniperRifle,B,100,100,70,26,67,50,10,30
awm,weapon_awm,infernal1,#CSO2_ITEM_NAME_awm_infernal1,,,,0,SniperRifle,A,100,100,70,26,67,50,10,30
qsz92,weapon_qsz92,panda,#CSO2_ITEM_NAME_qsz92_panda,,,,0,Pistol,A,34,93,70,83,85,75,20,100
qbs09,weapon_qbs09,panda,#CSO2_ITEM_NAME_qbs09_panda,,,,0,Shotgun,A,52,100,48,76,81,45,5,32
csls06,weapon_csls06,panda,#CSO2_ITEM_NAME_csls06_panda,,,,0,Submachinegun,A,17,65,91,92,85,89,50,100
akm,weapon_akm,panda,#CSO2_ITEM_NAME_akm_panda,,,,0,AssaultRifle,A,31,83,79,91,72,55,30,90
mk18,weapon_mk18,panda,#CSO2_ITEM_NAME_mk18_panda,,,,0,AssaultRifle,A,29,88,92,91,76,88,30,90
awm,weapon_awm,chngold1,#CSO2_ITEM_NAME_awm_chngold1,,,,0,SniperRifle,S,100,100,70,26,67,50,10,30
ar57,weapon_ar57,amethyst1,#CSO2_ITEM_NAME_ar57_amethyst1,,,,0,Submachinegun,S,18,70,93,92,83,91,50,100
elites,weapon_elite,amethyst1,#CSO2_ITEM_NAME_elites_amethyst1,,,,0,Pistol,S,28,68,70,87,85,60,30,120
awm,weapon_awm,amethyst1,#CSO2_ITEM_NAME_awm_amethyst1,,,,0,SniperRifle,S,100,100,70,26,67,50,10,30
k2c,weapon_k2c,amethyst1,#CSO2_ITEM_NAME_k2c_amethyst1,,,,0,AssaultRifle,S,28,91,88,89,80,68,30,90
akm,weapon_akm,nebula1,#CSO2_ITEM_NAME_akm_nebula,,,,0,AssaultRifle,S,31,83,79,91,72,55,30,90
mk18,weapon_mk18,nebula1,#CSO2_ITEM_NAME_mk18_nebula,,,,0,AssaultRifle,S,29,88,92,91,76,88,30,90
awm,weapon_awm,nebula1,#CSO2_ITEM_NAME_awm_nebula,,,,0,SniperRifle,S,100,100,70,26,67,50,10,30
f2000,weapon_f2000,chrome1,#CSO2_ITEM_NAME_F2000_chrome1,,,,0,AssaultRifle,S,29,87,90,91,74,88,30,90
mx4,weapon_mx4,chrome1,#CSO2_ITEM_NAME_mx4_chrome1,,,,0,Submachinegun,S,24,79,94,92,85,82,30,120
akm,weapon_akm,chrome1,#CSO2_ITEM_NAME_akm_chrome1,,,,0,AssaultRifle,S,31,83,79,91,72,55,30,90
g3sg1,weapon_g3sg1,chrome1,#CSO2_ITEM_NAME_g3sg1_chrome1,,,,0,SniperRifle,S,70,55,72,83,67,55,20,90
pkm,weapon_pkm,chrome1,#CSO2_ITEM_NAME_pkm_chrome1,,,,0,Machinegun,S,33,81,70,87,68,80,120,200
netlauncher,weapon_netlauncher,gold,#CSO2_ITEM_NAME_netlauncher_gold,,,,0,Shotgun,S,0,100,100,30,81,100,1,10
m79,weapon_m79,hunter1,#CSO2_ITEM_NAME_m79_hunter1,,,,0,Machinegun,A,100,100,90,32,81,100,1,32
m32,weapon_m32,hunter1,#CSO2_ITEM_NAME_m32_hunter1,,,,0,Machinegun,A,100,100,90,40,81,100,6,32
paw20,weapon_paw20,hunter1,#CSO2_ITEM_NAME_paw20_hunter1,,,,0,Machinegun,A,100,100,90,50,81,100,6,60
chinalake,weapon_chinalake,hunter1,#CSO2_ITEM_NAME_chinalake_hunter1,,,,0,Machinegun,A,100,100,90,44,81,100,3,32
ar57,weapon_ar57,magpie1,#CSO2_ITEM_NAME_ar57_magpie1,,,,0,Submachinegun,A,18,70,93,92,83,91,50,100
mp5,weapon_mp5navy,cobalt1,#CSO2_ITEM_NAME_mp5_cobalt1,,,,0,Submachinegun,S,23,79,92,92,85,80,30,120
m60,weapon_m60,cobalt1,#CSO2_ITEM_NAME_m60_cobalt1,,,,0,Machinegun,S,32,79,79,89,70,80,100,200
mk18,weapon_mk18,cobalt1,#CSO2_ITEM_NAME_mk18_cobalt1,,,,0,AssaultRifle,S,29,88,92,91,76,88,30,90
sg550,weapon_sg550,cobalt1,#CSO2_ITEM_NAME_sg550_cobalt1,,,,0,SniperRifle,S,61,62,76,83,67,50,30,90
m870,weapon_m870,cobalt1,#CSO2_ITEM_NAME_m870_cobalt1,,,,0,Shotgun,S,80,100,40,62,76,40,8,32
akm,weapon_akm,special2,#CSO2_ITEM_NAME_akm_special2,,,,0,AssaultRifle,A,31,83,79,91,72,55,30,90
awmgauss,weapon_awmgauss,black,#CSO2_ITEM_NAME_awmgauss_black,,,,0,SniperRifle,SS,100,100,70,26,67,50,10,30
glock18,weapon_glock,gauss,#CSO2_ITEM_NAME_Glock18_gauss,,,,0,Pistol,S,22,67,100,86,85,70,20,120
usp45,weapon_usp,gauss,#CSO2_ITEM_NAME_USP_gauss,,,,0,Pistol,S,30,72,70,85,85,80,12,100
deserteagle,weapon_deagle,gauss,#CSO2_ITEM_NAME_DesertEagle_gauss,,,,0,Pistol,S,47,45,70,81,85,40,7,35
m99,weapon_m99,silver1,#CSO2_ITEM_NAME_m99_silver1,,,,0,SniperRifle,S,100,80,42,22,69,54,1,50
galil,weapon_galil,silver1,#CSO2_ITEM_NAME_Galil_silver1,,,,0,AssaultRifle,S,26,77,82,91,70,69,35,90
famas,weapon_famas,silver1,#CSO2_ITEM_NAME_Famas_silver1,,,,0,AssaultRifle,S,26,90,82,88,73,90,25,90
mac10,weapon_mac10,silver1,#CSO2_ITEM_NAME_MAC10_silver1,,,,0,Submachinegun,S,25,72,81,92,85,85,30,100
tmp,weapon_tmp,silver1,#CSO2_ITEM_NAME_Tmp_silver1,,,,0,Submachinegun,S,17,73,83,92,85,90,30,120
t86,weapon_t86,taiwan,#CSO2_ITEM_NAME_t86_taiwan,,,,0,AssaultRifle,A,26,89,82,90,70,88,30,90
k5,weapon_k5,opal1,#CSO2_ITEM_NAME_k5_opal1,,,,0,Pistol,S,34,93,70,83,85,75,13,120
k1,weapon_k1,opal1,#CSO2_ITEM_NAME_k1_opal1,,,,0,Submachinegun,S,29,70,85,90,85,70,20,90
k2c,weapon_k2c,opal1,#CSO2_ITEM_NAME_k2c_opal1,,,,0,AssaultRifle,S,28,91,88,89,80,68,30,90
k12,weapon_k12,opal1,#CSO2_ITEM_NAME_k12_opal1,,,,0,Machinegun,S,31,79,79,89,70,80,100,200
usas12,weapon_usas12,opal1,#CSO2_ITEM_NAME_usas12_opal1,,,,0,Shotgun,S,51,100,48,72,81,45,10,40
af2011a1,weapon_af2011a1,ruby1,#CSO2_ITEM_NAME_af2011a1_ruby1,,,,0,Pistol,S,60,90,67,75,85,70,14,120
gilboasnake,weapon_gilboasnake,ruby1,#CSO2_ITEM_NAME_gilboasnake_ruby1,,,,0,AssaultRifle,S,29,85,85,91,70,76,60,90
dp12,weapon_dp12,ruby1,#CSO2_ITEM_NAME_dp12_ruby1,,,,0,Shotgun,S,78,100,40,54,76,40,14,32
dbarrel,weapon_dbarrel,ruby1,#CSO2_ITEM_NAME_dbarrel_ruby1,,,,0,Shotgun,S,86,100,33,17,80,37,2,36
m16a2,weapon_m16a2,gamania01,#CSO2_ITEM_NAME_m16a2_gamania01,,,,0,AssaultRifle,S,30,85,88,91,70,88,30,90
awm,weapon_awm,gold1,#CSO2_ITEM_NAME_awm_gold1,,,,0,SniperRifle,S,100,100,70,26,67,50,10,30
mk18,weapon_mk18,gold1,#CSO2_ITEM_NAME_mk18_gold1,,,,0,AssaultRifle,S,29,88,92,91,76,88,30,90
akm,weapon_akm,gold1,#CSO2_ITEM_NAME_akm_gold1,,,,0,AssaultRifle,S,31,83,79,91,72,55,30,90
usp45,weapon_usp,gold1,#CSO2_ITEM_NAME_usp_gold1,,,,0,Pistol,S,30,72,70,85,85,80,12,100
glock18,weapon_glock,gold1,#CSO2_ITEM_NAME_GLOCK18_gold1,,,,0,Pistol,S,22,67,100,86,85,70,20,120
elites,weapon_elite,gold1,#CSO2_ITEM_NAME_elites_gold1,,,,0,Pistol,S,28,68,70,87,85,60,30,120
mg3,weapon_mg3,xmas,#CSO2_ITEM_NAME_mg3_xmas,,,,0,Machinegun,S,30,60,74,95,68,72,150,200
usas12,weapon_usas12,xmas,#CSO2_ITEM_NAME_usas12_xmas,,,,0,Shotgun,S,51,100,48,72,81,45,10,40
m99,weapon_m99,xmas,#CSO2_ITEM_NAME_m99_xmas,,,,0,SniperRifle,S,100,80,42,22,69,54,1,50
paw20,weapon_paw20,xmas,#CSO2_ITEM_NAME_paw20_xmas,,,,0,Machinegun,S,100,100,90,50,81,100,6,60
m3dragon,weapon_m3dragon,black,#CSO2_ITEM_NAME_m3dragon_black,,,,0,Shotgun,SS,78,100,40,54,76,40,8,32
m16a2,weapon_m16a2,honor,#CSO2_ITEM_NAME_m16a2_honor,,,,0,AssaultRifle,S,30,85,88,91,70,88,30,90
usp45,weapon_usp,honor,#CSO2_ITEM_NAME_usp_honor,,,,0,Pistol,S,22,67,100,86,85,70,20,120
glock18,weapon_glock,honor,#CSO2_ITEM_NAME_GLOCK18_honor,,,,0,Pistol,S,30,72,70,85,85,80,12,100
ar57,weapon_ar57,neon1,#CSO2_ITEM_NAME_ar57_neon1,,,,0,Submachinegun,S,18,70,93,92,83,91,50,100
mp5,weapon_mp5navy,panda,#CSO2_ITEM_NAME_mp5_panda,,,,0,Submachinegun,A,23,79,92,92,85,80,30,120
usas12,weapon_usas12,amethyst1,#CSO2_ITEM_NAME_usas12_amethyst1,,,,0,Shotgun,S,51,100,48,72,81,45,10,40
krisssuperv,weapon_krisssuperv,amethyst1,#CSO2_ITEM_NAME_kriss_superv_amethyst1,,,,0,Submachinegun,S,28,76,92,91,85,86,25,100
deserteagle,weapon_deagle,amethyst1,#CSO2_ITEM_NAME_deserteagle_amethyst1,,,,0,Pistol,S,47,45,70,81,85,40,7,35
m60,weapon_m60,amethyst1,#CSO2_ITEM_NAME_m60_amethyst1,,,,0,Machinegun,S,32,79,79,89,70,80,100,200
qbz95,weapon_qbz95,panda,#CSO2_ITEM_NAME_qbz95_panda,,,,0,AssaultRifle,A,29,91,90,91,78,84,30,90
k12,weapon_k12,honor,#CSO2_ITEM_NAME_k12_honor,,,,0,Machinegun,S,31,79,79,89,70,80,100,200
xm1014,weapon_xm1014,honor,#CSO2_ITEM_NAME_xm1014_honor,,,,0,Shotgun,S,52,100,48,76,81,45,7,32
fiveseven,weapon_fiveseven,cobalt1,#CSO2_ITEM_NAME_fiveseven_cobalt1,,,,0,Pistol,S,22,62,70,86,85,70,20,100
tmp,weapon_tmp,cobalt1,#CSO2_ITEM_NAME_Tmp_cobalt1,,,,0,Submachinegun,S,17,73,83,92,85,90,30,120
acr,weapon_acr,cobalt1,#CSO2_ITEM_NAME_acr_cobalt1,,,,0,AssaultRifle,S,29,90,91,91,75,88,30,90
galilsniper,weapon_galilsniper,tesla,#CSO2_ITEM_NAME_galilsniper_tesla,,,,0,SniperRifle,U,68,55,72,84,67,55,20,100
awm,weapon_awm,special,#CSO2_ITEM_NAME_awm_special,,,,0,SniperRifle,S,100,100,70,26,67,50,10,30
deserteagle,weapon_deagle,bluephoenix,#CSO2_ITEM_NAME_deserteagle_bluephoenix,,,,0,Pistol,A,47,45,70,81,85,40,7,35
f2000,weapon_f2000,neon1,#CSO2_ITEM_NAME_F2000_neon1,,,,0,AssaultRifle,S,29,87,90,91,74,88,30,90
qjy88,weapon_qjy88,panda,#CSO2_ITEM_NAME_qjy88_panda,,,,0,Machinegun,A,28,80,81,89,70,81,100,200
striker12,weapon_striker12,newpanda1,#CSO2_ITEM_NAME_striker12_newpanda1,,,,0,Shotgun,S,52,100,48,68,81,45,12,36
g3ka4,weapon_g3ka4,pink1,#CSO2_ITEM_NAME_g3ka4_pink1,,,,0,AssaultRifle,S,31,78,81,92,73,55,20,100
g36k,weapon_g36k,pink1,#CSO2_ITEM_NAME_g36k_pink1,,,,0,AssaultRifle,S,29,84,83,91,75,81,30,90
xm8carbine,weapon_xm8carbine,pink1,#CSO2_ITEM_NAME_xm8carbine_pink1,,,,0,AssaultRifle,S,29,84,83,91,75,81,30,90
hk416c,weapon_hk416c,pink1,#CSO2_ITEM_NAME_hk416c_pink1,,,,0,Submachinegun,S,29,72,85,90,85,70,30,90
m27iar,weapon_m27iar,pink1,#CSO2_ITEM_NAME_m27iar_pink1,,,,0,Machinegun,S,31,77,80,93,71,76,40,200
krisssuperv,weapon_krisssuperv,honor,#CSO2_ITEM_NAME_kriss_superv_honor,,,,0,Submachinegun,S,28,76,92,91,85,86,25,100
awm,weapon_awm,honor,#CSO2_ITEM_NAME_awm_honor,,,,0,SniperRifle,S,100,100,70,26,67,50,10,30
m60,weapon_m60,newpanda1,#CSO2_ITEM_NAME_m60_newpanda1,,,,0,Machinegun,S,32,79,79,89,70,80,100,200
awm,weapon_awm,lion,#CSO2_ITEM_NAME_awm_lion,,,,0,SniperRifle,A,100,100,70,26,67,50,10,30
mk18,weapon_mk18,falcon,#CSO2_ITEM_NAME_mk18_falcon,,,,0,AssaultRifle,A,29,88,92,91,76,88,30,90
akm,weapon_akm,bear,#CSO2_ITEM_NAME_akm_bear,,,,0,AssaultRifle,A,31,83,79,91,72,55,30,90
tmpmelt,weapon_tmpmelt,prototype,#CSO2_ITEM_NAME_tmpmelt_prototype,,,,0,Submachinegun,SS,17,73,83,92,85,90,30,120
p90,weapon_p90,newpanda1,#CSO2_ITEM_NAME_p90_newpanda1,,,,0,Submachinegun,S,18,68,91,92,83,89,50,100
mp7,weapon_mp7,neon1,#CSO2_ITEM_NAME_MP7_neon1,,,,0,Submachinegun,S,25,74,90,92,85,80,40,120
aek971,weapon_aek971,gold1,#CSO2_ITEM_NAME_aek971_gold1,,,,0,AssaultRifle,S,30,85,81,91,72,57,30,90
ak12,weapon_ak12,gold1,#CSO2_ITEM_NAME_ak12_gold1,,,,0,AssaultRifle,S,30,86,83,91,73,60,30,90
scarl,weapon_scarl,gold1,#CSO2_ITEM_NAME_scarl_gold1,,,,0,AssaultRifle,S,29,89,90,91,76,87,30,90
acr,weapon_acr,gold1,#CSO2_ITEM_NAME_acr_gold1,,,,0,AssaultRifle,S,29,90,91,91,75,88,30,90
t65,weapon_t65,marble1,#CSO2_ITEM_NAME_t65_marble1,,,,0,AssaultRifle,S,29,83,88,91,70,78,30,90
t86,weapon_t86,marble1,#CSO2_ITEM_NAME_t86_marble1,,,,0,AssaultRifle,S,26,89,82,90,70,88,30,90
t91,weapon_t91,marble1,#CSO2_ITEM_NAME_t91_marble1,,,,0,AssaultRifle,S,29,84,88,91,70,78,30,90
xt97,weapon_xt97,marble1,#CSO2_ITEM_NAME_xt97_marble1,,,,0,AssaultRifle,S,29,90,88,90,80,67,30,90
akm,weapon_akm,newpanda1,#CSO2_ITEM_NAME_akm_newpanda1,,,,0,AssaultRifle,S,31,83,79,91,72,55,30,90
mg3,weapon_mg3,neon1,#CSO2_ITEM_NAME_mg3_neon1,,,,0,Machinegun,S,30,60,74,95,68,72,150,200
aek971,weapon_aek971,blackmamba1,#CSO2_ITEM_NAME_aek971_blackmamba1,,,,0,AssaultRifle,S,30,85,81,91,72,57,30,90
ak12,weapon_ak12,blackmamba1,#CSO2_ITEM_NAME_ak12_blackmamba1,,,,0,AssaultRifle,S,30,86,83,91,73,60,30,90
scarl,weapon_scarl,blackmamba1,#CSO2_ITEM_NAME_scarl_blackmamba1,,,,0,AssaultRifle,S,29,89,90,91,76,87,30,90
acr,weapon_acr,blackmamba1,#CSO2_ITEM_NAME_acr_blackmamba1,,,,0,AssaultRifle,S,29,90,91,91,75,88,30,90
mk23,weapon_mk23,blackmamba1,#CSO2_ITEM_NAME_mk23_blackmamba1,,,,0,Pistol,S,30,78,70,90,85,80,12,100
m99railgun,weapon_m99railgun,proto,#CSO2_ITEM_NAME_m99railgun_proto,,,,0,SniperRifle,SS,100,80,42,22,69,54,1,80
m99railgun,weapon_m99railgun,black,#CSO2_ITEM_NAME_m99railgun_black,,,,0,SniperRifle,SS,100,80,42,22,69,54,1,80
mk18,weapon_mk18,newpanda1,#CSO2_ITEM_NAME_mk18_newpanda1,,,,0,AssaultRifle,S,29,88,92,91,76,88,30,90
scarh,weapon_scarh,lion1,#CSO2_ITEM_NAME_scarh_lion1,,,,0,AssaultRifle,A,31,85,82,91,76,76,20,100
t91,weapon_t91,taiwan,#CSO2_ITEM_NAME_t91_taiwan,,,,0,AssaultRifle,A,29,84,88,91,70,78,30,90
awm,weapon_awm,newpanda1,#CSO2_ITEM_NAME_awm_newpanda1,,,,0,SniperRifle,S,100,100,70,26,67,50,10,30
ump45,weapon_ump45,ruby1,#CSO2_ITEM_NAME_UMP45_ruby1,,,,0,Submachinegun,S,26,75,91,90,85,84,25,100
krisssuperv,weapon_krisssuperv,ruby1,#CSO2_ITEM_NAME_kriss_superv_ruby1,,,,0,Submachinegun,S,28,76,92,91,85,86,25,100
mp7,weapon_mp7,ruby1,#CSO2_ITEM_NAME_MP7_ruby1,,,,0,Submachinegun,S,25,74,90,92,85,80,40,120
striker12,weapon_striker12,honor,#CSO2_ITEM_NAME_striker12_honor,,,,0,Shotgun,S,52,100,48,68,81,45,12,36
fnc,weapon_fnc,honor,#CSO2_ITEM_NAME_FNC_honor,,,,0,AssaultRifle,S,29,85,88,91,70,79,30,90
m60,weapon_m60,bfg,#CSO2_ITEM_NAME_m60_bfg1,,,,0,Machinegun,S,100,100,100,100,100,100,999,100
m3grease,weapon_m3grease,opal1,#CSO2_ITEM_NAME_m3grease_opal1,,,,0,Submachinegun,S,25,72,81,92,85,85,30,100
thompson,weapon_thompson,opal1,#CSO2_ITEM_NAME_thompson_opal1,,,,0,Submachinegun,S,26,75,91,90,85,84,30,100
bar,weapon_bar,opal1,#CSO2_ITEM_NAME_bar_opal1,,,,0,Machinegun,S,31,76,77,91,70,50,20,200
scarh,weapon_scarh,athena,#CSO2_ITEM_NAME_scarH_athena,,,,0,AssaultRifle,S,31,85,82,91,76,76,20,100
deserteagle,weapon_deagle,athena,#CSO2_ITEM_NAME_deserteagle_athena,,,,0,Pistol,S,47,45,70,81,85,40,7,35
mp7,weapon_mp7,miu,#CSO2_ITEM_NAME_MP7_miu,,,,0,Submachinegun,S,25,74,90,92,85,80,40,120
p228,weapon_p228,miu,#CSO2_ITEM_NAME_p228_miu,,,,0,Pistol,S,33,90,70,84,85,75,13,52
akm,weapon_akm,gamania01,#CSO2_ITEM_NAME_akm_gamania01,,,,0,AssaultRifle,S,31,83,79,91,72,55,30,90
elites,weapon_elite,neon1,#CSO2_ITEM_NAME_Elites_neon1,,,,0,Pistol,S,28,68,70,87,85,60,30,120
m60steam,weapon_m60steam,prototype,#CSO2_ITEM_NAME_m60steam_prototype,,,,0,Machinegun,SS,32,79,79,89,70,80,100,200
lr300,weapon_lr300,eagle,#CSO2_ITEM_NAME_lr300_eagle,,,,0,AssaultRifle,S,29,90,90,91,78,84,30,90
m27iar,weapon_m27iar,xmas,#CSO2_ITEM_NAME_m27iar_xmas,,,,0,Machinegun,S,31,79,80,93,71,76,40,200
ar57,weapon_ar57,xmas,#CSO2_ITEM_NAME_ar57_xmas,,,,0,Submachinegun,S,18,70,93,92,83,91,50,100
gilboasnake,weapon_gilboasnake,xmas,#CSO2_ITEM_NAME_GILBOASNAKE_xmas,,,,0,AssaultRifle,S,29,85,85,91,70,76,60,90
galilsniper,weapon_galilsniper,xmas,#CSO2_ITEM_NAME_galilsniper_xmas,,,,0,SniperRifle,S,68,55,72,84,67,55,20,100
mk18pulse,weapon_mk18pulse,proto,#CSO2_ITEM_NAME_mk18pulse_proto,,,,0,AssaultRifle,SS,29,88,92,91,76,88,30,90
,,,,,,,,,,,,,,,,,
,,,,,,,,,,,,,,,,,
// 라이프 아이템,,,,,,,,,,,,,,,,,
toyhammer,weapon_toyhammer,basic,#CSO2_ITEM_NAME_toyhammer,,Toyhammer,,0,,N,0,0,0,0,0,0,0,0
lr300,weapon_lr300,basic,#CSO2_ITEM_NAME_lr300,,,,0,AssaultRifle,N,29,90,90,91,78,84,30,90
